,tns_name,tns_class,tns_redshift,superphot_plus_class_prob,ra,dec,peak_mag,peak_phase,superphot_plus_classifier,superphot_plus_sampler,superphot_plus_class,host_sep_arcsec,host_name,host_redshift,host_redshift_type,posted_before,host_absmag,host_prob,best_host_catalog,superphot_plus_prob,high_host_confidence,superphot_plus_class_without_redshift,superphot_plus_prob_without_redshift,peak_abs_mag,nuclear,best_redshift,superphot_nonIa_prob,superphot_non_Ia_prob,yse_field,yse_pz,transient_ra_deg,transient_dec_deg
ANT2024me27xcwuydxt,---,---,,0.596,283.88978385,-0.3175422485364549,17.13164520263672,0.2748893501629936,full_lightgbm_12_2024,svi,SLSN-I,15.644959231964844,,0.0756728682353399,PHOT,False,,,,,,,,,,,,,,,,
ANT2025h50kqhgrn3vp,2025yz,SN Ia,0.038353,0.796,154.2254352999998,-5.866450341787783,17.238122940063477,0.5268472904863302,early_lightgbm_12_2024,svi,SN Ibc,15.727394588517418,MCG -01-26-038,0.038353,SPEC,False,,,,,,,,,,,,,,,,
ANT20250zh1phld07st,2025akw,---,,0.683,76.30339547259038,-20.37978558422745,18.58890724182129,0.608363490231568,early_lightgbm_12_2024,svi,SN Ibc,9.333806620479384,WISEA J050512.64-202255.8,0.070659,SPEC,False,,,,,,,,,,,,,,,,
ANT2025pdibjfqv4wub,2025bc,---,,0.644,77.7613742,-0.2606274004138527,18.67690086364746,27.540018590312684,full_lightgbm_12_2024,svi,SN Ibc,3.692224718970497,WISEA J051103.03-001538.5,0.030959,SPEC,False,,,,,,,,,,,,,,,,
ANT2025jt3xfejr1hsu,2025wg,---,,0.549,66.9910888,0.9929120042340288,19.081785202026367,0.6277615904400591,early_lightgbm_12_2024,svi,SN Ibc,1.0047415098695591,PSO J042757.836+005933.538,0.3672604635657357,PHOT,False,,,,,,,,,,,,,,,,
ANT202513552bjcitqg,2025arw,---,,0.603,9.494102580353346,8.637095363417842,17.961477279663086,0.6277234142835368,early_lightgbm_12_2024,svi,SN Ibc,15.15680713268702,NGC 0180,0.017616,SPEC,False,,,,,,,,,,,,,,,,
ANT2025klueti8kbb9b,2025my,SN Ia,0.0291,0.654,243.6461803780915,34.22400341379028,17.16629981994629,16.015353863745986,early_lightgbm_12_2024,svi,SN Ibc,5.962512813286214,KUGX 1612+343,0.029092,SPEC,False,,,,,,,,,,,,,,,,
ANT2025vhrwf4281n8s,2025ado,---,,0.429,241.706162080386,51.88682153631252,18.798723220825195,8.047738163884787,early_lightgbm_12_2024,svi,SN Ibc,5.984254076748142,WISEA J160648.87+515311.1,0.069751,SPEC,False,,,,,,,,,,,,,,,,
ANT20258i4bw231mtli,---,---,,0.604,163.0043575861963,-20.08594635795167,17.027725219726562,6.125709294879925,early_lightgbm_12_2024,svi,SN Ibc,,,,PHOT,False,,,,,,,,,,,,,,,,
ANT2025gmfu4kei74jl,2025afh,SN Ia,0.031,0.531,46.953747649999535,-4.260354610653067,18.07210159301757,11.399643247117638,full_lightgbm_12_2024,svi,SN Ibc,12.642081908461323,WISEA J030748.23-041544.9,0.030961,SPEC,False,,,,,,,,,,,,,,,,
ANT2025dg1jatint1wl,2025yn,SN II,0.017,0.455,31.077905850000008,-8.740995046648848,17.684696197509766,12.401954968743668,early_lightgbm_12_2024,svi,SN Ibc,20.935382476882417,NGC 0809,0.017812,SPEC,False,,,,,,,,,,,,,,,,
ANT20256jqeorf8pfgd,2025aob,---,,0.655,243.60187050000087,-6.024120665193621,17.689022064208984,9.98970391243347,early_lightgbm_12_2024,svi,SN Ibc,3.676011159535795,WISEA J161424.38-060123.3,0.029881,SPEC,False,,,,,,,,,,,,,,,,
ANT2025voj6knquv1e1,2025ard,SN Ia,0.0478,0.552,119.26475158722108,22.522240776697345,17.77016258239746,1.2903752123529555,early_lightgbm_12_2024,svi,SN Ibc,4.130302664044563,CGCG 118-025,0.047833,SPEC,False,,,,,,,,,,,,,,,,
ANT20246o7c3wqymqar,2024aecx,SN Ic,0.002665,0.502,166.45646185,-0.0349139499954986,13.939496994018556,45.170236377562105,full_lightgbm_12_2024,svi,SN Ibc,14.962848185479087,NGC 3521,0.002665,SPEC,False,,,,,,,,,,,,,,,,
ANT2025vbijli50adss,2025asx,---,,0.481,220.19383315001824,21.35699278319386,18.969581604003903,15.079507177280902,full_lightgbm_12_2024,svi,SN Ibc,1.9988553833618088,WISEA J144046.42+212126.5,0.096064,SPEC,False,,,,,,,,,,,,,,,,
ANT2024nt4wzvmgvqj3,---,---,,0.462,123.43898770755013,-11.400122467834649,14.450478553771973,15.320201677321164,early_lightgbm_12_2024,svi,SN Ibc,0.7713959591833558,WISEA J081345.41-112400.4,0.0083342552046064,PHOT,False,,,,,,,,,,,,,,,,
ANT2025i641u7q0qhyf,2025bdy,---,,0.408,223.1010681,3.716166506741658,18.709604263305664,1.0118104774082894,early_lightgbm_12_2024,svi,SN Ibc,9.980365758990382,CGCG 048-038,0.035655,SPEC,False,,,,,,,,,,,,,,,,
ANT2025btu34ywtc47v,---,---,,0.414,108.1129122,50.29321430000002,18.35136604309082,0.4056761772881145,early_lightgbm_12_2024,svi,SN Ibc,,,,PHOT,False,,,,,,,,,,,,,,,,
ANT2025f7t3a8dnf5g8,2025iw,SN II,0.0243,0.507,202.74321124794807,-21.84615414746682,18.312938690185547,12.12218471117376,full_lightgbm_12_2024,svi,SN Ibc,4.674027254818063,ESO 577- G 001,0.024313,SPEC,False,,,,,,,,,,,,,,,,
ANT2025mdi9l3vtw4ts,---,---,,0.41,212.6998535,-6.276597600000002,19.148679733276367,0.1605412113858619,early_lightgbm_12_2024,svi,SN Ibc,41.813420106193846,LCRS B140807.9-060209,0.2388544845239369,PHOT,False,,,,,,,,,,,,,,,,
ANT20259rzmtiaef7dm,2024afkb,---,,0.673,130.7405983166033,37.56109976013722,18.746967315673828,43.228144449036336,full_lightgbm_12_2024,svi,SN Ibc,4.641578286334178,WISEA J084257.50+373337.3,0.0891310374436559,PHOT,False,,,,,,,,,,,,,,,,
ANT20245b2ib27pyg5a,2024abtu,SN Ic,0.017682,0.592,108.45111525529045,50.257602207170045,17.20281410217285,80.15460274912766,full_lightgbm_12_2024,svi,SN Ibc,6.727161146910195,UGC 03741,0.017682,SPEC,False,,,,,,,,,,,,,,,,
ANT2025q9kj1m7m2kgk,2025aec,SN Ia,0.055,0.48,136.7634261682609,38.32644414902008,17.953853607177734,13.103908349148696,full_lightgbm_12_2024,svi,SN Ibc,1.95016875517153,WISEA J090703.08+381936.3,0.055488,SPEC,False,,,,,,,,,,,,,,,,
ANT2025jfrnprwmd8et,---,---,,0.432,54.6463517,-3.1978527049789847,20.245262145996094,0.373607348970836,early_lightgbm_12_2024,svi,SN IIn,25.662523317292603,WISEA J033833.98-031211.7,0.2298164267566444,PHOT,False,,,,,,,,,,,,,,,,
ANT2025ghbxrk74c0ur,---,---,,0.516,235.5124204,-19.47902560000001,11.14108657836914,5.029024400311755,early_lightgbm_12_2024,svi,SN Ibc,8.366580587163986,PSO J154203.549-192846.932,0.3112242020579107,PHOT,False,,,,,,,,,,,,,,,,
ANT2025qy0ic7ksn8dj,---,---,,0.465,209.1987163,-13.42134680000001,17.978321075439453,0.0812119003676343,early_lightgbm_12_2024,svi,SN Ibc,6.990250711538231,PSO J135648.106-132513.333,0.503937908489831,PHOT,False,,,,,,,,,,,,,,,,
ANT20258g2bbzcgfe7t,---,---,,0.448,212.6899623999892,-6.272799869722292,19.0446834564209,0.089556800230639,early_lightgbm_12_2024,svi,SN Ibc,6.369044601605061,LCRS B140807.9-060209,0.2388544380844498,PHOT,False,,,,,,,,,,,,,,,,
ANT2025ei2gux3xlwwk,---,---,,0.422,212.9205285,-13.475660010221633,18.975372314453125,0.0890823002264369,early_lightgbm_12_2024,svi,SN Ibc,20.44559513469448,WISEA J141142.15-132822.7,0.1600454430551229,PHOT,False,,,,,,,,,,,,,,,,
ANT2025anwzh0qmgqhb,2025aaq,---,,0.607,76.2223285001304,-24.40862530351214,19.0882511138916,23.292575010164,full_lightgbm_12_2024,svi,SN Ibc,7.710251181899249,WISEA J050453.78-242426.2,0.044013,SPEC,False,,,,,,,,,,,,,,,,
ANT2025rpd014lxzbiv,2025auc,---,,0.541,228.82983308802653,24.59816963276289,18.959333419799805,15.00524860999576,early_lightgbm_12_2024,svi,SN Ibc,12.163397138244424,WISEA J151519.24+243541.1,0.069561,SPEC,False,,,,,,,,,,,,,,,,
ANT2025kjkkcumumoq7,2025aor,---,,0.5,273.3263017,26.0228466,18.50374984741211,23.04054961034126,full_lightgbm_12_2024,svi,SN Ibc,9.022070400610115,WISEA J181318.71+260114.9,0.0836446935593153,PHOT,False,,,,,,,,,,,,,,,,
ANT2025b8hdumbi2kkp,2025axo,---,,0.462,54.65321493416488,-6.53592737131072,19.09728240966797,19.406078160813195,full_lightgbm_12_2024,svi,SN IIn,11.338467841678463,WISEA J033836.46-063219.8,0.2294942338430177,PHOT,False,,,,,,,,,,,,,,,,
ANT2025fqislhjgakdn,2025apm,---,,0.451,132.5685270608745,-9.109508250201372,18.91309928894043,16.179527260901523,early_lightgbm_12_2024,svi,SN Ibc,1.13511321375256,WISEA J085016.36-090635.5,0.1704018666265002,PHOT,False,,,,,,,,,,,,,,,,
ANT2025h616lhwb91xw,2025bdk,---,,0.449,145.10323491545074,66.41219159179,19.37659454345703,6.2184855608065845,early_lightgbm_12_2024,svi,SN Ibc,3.291951842003221,WISEA J094025.16+662441.9,0.045765,SPEC,False,,,,,,,,,,,,,,,,
ANT2024hp2cttf4noyo,2024adml,SN Ic-BL,0.037,0.88,152.66869967133724,-2.4347398185066,17.391496658325195,66.6175902049581,full_lightgbm_12_2024,svi,SN Ibc,18.83183742070052,PSO J152.6651-02.4309,0.4380075652014609,,False,-22.784424737149145,0.5923410343016218,panstarrs,,,,,,,,,,,,,
ANT2025eygcicaouoc4,2025brs,SN Ia,0.00952,0.848,94.74628405794115,-24.6275112067313,15.999297142028809,0.8563865047472063,early_lightgbm_12_2024,svi,SN Ibc,10.574253917723032,PSO J094.7462-24.6246,0.2819522805025218,,False,-24.217843956138992,0.959332788616862,panstarrs,,,,,,,,,,,,,
ANT2025yjxdqqkxhr4s,---,---,,0.651,143.2774318,11.605242294679826,18.1232967376709,0.8466642048733775,early_lightgbm_12_2024,svi,SN Ibc,13.985309485329015,,0.906887,,False,-21.63711686711342,0.5518621400498054,decals,,,,,,,,,,,,,
ANT2025j5w5a8rbkdtd,2025tn,---,,0.597,255.41113830172804,10.578187410643537,18.891332626342773,16.588134104997152,full_lightgbm_12_2024,svi,SN Ibc,0.8059513366983332,,0.414513,,False,-20.6246281487863,0.9999821935292916,decals,,,,,,,,,,,,,
ANT2025uv57pvqe12th,2025pp,---,,0.573,120.9249117922611,60.612441277161714,17.60321044921875,27.78815730489441,full_lightgbm_12_2024,svi,SN Ibc,13.71611416894786,,0.306724,,False,-19.45978047858329,0.4906894760209472,decals,,,,,,,,,,,,,
ANT20250b74la013byo,---,---,,0.572,108.0609709,7.231765374146377,19.10773277282715,0.8684003047237638,early_lightgbm_12_2024,svi,SN Ibc,17.047145644722125,PSO J108.0571+07.2345,0.1269381732223899,,False,-23.23745716459254,0.1079930368283871,panstarrs,,,,,,,,,,,,,
ANT2025epbh67hmhuyg,2025cib,---,,0.505,128.56322056808523,29.70479541381509,19.53489875793457,0.8198703049274627,early_lightgbm_12_2024,svi,SN Ibc,8.546229229617994,PSO J128.5609+29.7060,0.5956795534701053,,False,-23.17895108888069,0.9557755388207636,panstarrs,,,,,,,,,,,,,
ANT2025e61oet07vbb2,2025cja,---,,0.445,245.0918983,-4.343707364822038,19.323299407958984,8.53856240506866,early_lightgbm_12_2024,svi,SN Ibc,1.3327224355553464,PSO J245.0918-04.3434,0.1002129964386445,,False,-19.65693454590358,2.074538507646093e-06,panstarrs,,,,,,,,,,,,,
ANT2025ghcz6qw5fese,2025coj,---,,0.408,115.33820183402402,23.35379636415395,19.63283348083496,0.9093957046570722,early_lightgbm_12_2024,svi,SN IIn,3.498226300512792,PSO J115.3374+23.3544,0.2838714643126833,,False,-21.159255078392604,0.8741287339629502,panstarrs,,,,,,,,,,,,,
ANT2025shs9jmx17iyl,---,---,,0.401,186.4692989911801,-19.616689855491543,19.12611961364746,2.659071604866768,early_lightgbm_12_2024,svi,SN IIn,17.41626663723956,PSO J186.4730-19.6200,0.4762541415710015,,False,-20.72938642481543,0.1848535581139529,panstarrs,,,,,,,,,,,,,
ANT20247dwqxz45945v,2024admc,SN Ib/c,0.0168,0.873,34.71691930253789,33.721845808424284,17.303627014160156,62.519591262615,full_lightgbm_12_2024,svi,SN Ibc,16.45436918233267,,0.5676276813832136,,False,-21.74046478487959,0.3963459686131417,panstarrs,,,,,,,,,,,,,
ANT2025ev9wdxfuhyhm,2025bec,---,,0.748,55.206191763434354,39.6189958809352,18.14089012145996,11.492669962863149,early_lightgbm_12_2024,svi,SN Ibc,10.641307124259413,,0.531742463838546,,False,-25.314672260807164,0.6647237148659372,panstarrs,,,,,,,,,,,,,
ANT2025dx9aoacxzx3m,2025tt,SN Ic-BL,0.045,0.714,42.84185523689268,17.18061602816057,18.17072486877441,27.561720862569928,full_lightgbm_12_2024,svi,SN Ibc,15.75603210369936,,0.5011612133176699,,False,-21.30617934019699,0.8487460318739952,panstarrs,,,,,,,,,,,,,
ANT2024z8fm9oi76xh5,2024agkn,---,,0.705,62.66872545810339,29.68131273331315,18.27359962463379,36.46457966282469,early_lightgbm_12_2024,svi,SN Ibc,9.07782756031595,,0.2920537037091388,,False,-22.80929308209558,0.1492766062169588,panstarrs,,,,,,,,,,,,,
ANT2024382nx87bbpk3,2024afao,SN Ic,0.05,0.548,44.50581391412325,41.71394165969976,18.249202728271484,47.36683666245517,full_lightgbm_12_2024,svi,SN Ibc,8.576926372444035,,0.5000869318075464,,False,-20.896487890441207,0.6437444215202879,panstarrs,,,,,,,,,,,,,
ANT2025s9gguc51cyh9,2025ts,---,,0.496,48.05120472222414,42.009116385847975,18.703184127807617,22.5596606624822,full_lightgbm_12_2024,svi,SN Ibc,14.33375225097569,,0.3205351576535734,,False,-20.822646107611863,0.3499418941725789,panstarrs,,,,,,,,,,,,,
ANT20256k13jb7hix3z,2025cj,---,,0.466,129.7832391386921,45.13062124721425,19.892093658447266,4.532102862889587,early_lightgbm_12_2024,svi,SN Ibc,20.2837232330258,,0.524808,,False,-18.60080768826013,0.3611054660356665,decals,,,,,,,,,,,,,
ANT2024uheay01vssax,---,---,,,159.22796532417945,-19.458238686828366,17.817699432373047,56.59105661876674,full_lightgbm_02_2025,svi,SN IIn,1.2959218173059244,8.465159227594054e+16,0.0835934682010663,,False,-22.68529539298798,0.9996186343793404,panstarrs,0.579,True,SN IIn,0.339,,,,,,,,,
ANT20252stindehk72s,2025cuf,SN Ia,0.023717,,138.4435764006232,34.83940328358819,18.275619506835938,2.6283251190761803,full_lightgbm_02_2025,svi,SN IIn,13.102215296693377,9907733312176456.0,0.241178,,False,-18.97460922961256,0.1051855775121599,decals,0.576,False,SN Ibc,0.435,,,,,,,,,
ANT2024wairbn2ezgtr,2024aeee,SN II,0.0116,,123.71213429968684,73.578898387782,15.26935577392578,63.46599881902512,full_lightgbm_02_2025,svi,SN Ibc,18.58814059649292,9907741762193688.0,0.047619,,False,-19.697682161000177,0.9716732407046804,decals,0.561,True,SN II,0.79,,,,,,,,,
ANT20254by4lubsaq2o,---,---,,,102.4650505813846,23.36657703651659,17.26288414001465,2.6861145188304363,early_lightgbm_02_2025,svi,SN Ibc,13.126445329329531,1.3604102461745293e+17,0.1185715508625265,,False,-23.181799423873528,0.2916681959349992,panstarrs,0.448,False,,,,,,,,,,,
ANT2025tjqjxyjdjgs8,---,---,,,91.9066804,-12.8533068,14.003700256347656,58.74109131882142,full_lightgbm_02_2025,svi,SN IIn,11.018756726035091,9.257091908525338e+16,0.2295007496358389,,False,-21.55057807930732,0.6139300582492437,panstarrs,0.432,True,SLSN-I,0.509,,,,,,,,,
ANT20254qwn9b12oqv8,2025aid,SN Ia-91T-like,0.077,,145.80611572519334,15.138376682239624,18.22968482971192,27.512688619011897,full_lightgbm_02_2025,svi,SN Ibc,1.973346919180192,9906627149762042.0,0.082911,,False,-21.4631421682335,0.999664490380476,decals,0.411,True,SN Ia,0.367,,,,,,,,,
ANT2025ivfrcn3midra,---,---,,,106.1288257,21.828812900000003,18.829736709594727,2.682283518763142,early_lightgbm_02_2025,svi,SN Ibc,12.519678304709403,1.3419106126990875e+17,0.0853918287432956,,False,-22.970093086460224,0.5708546921965085,panstarrs,0.405,False,,,,,,,,,,,
ANT2025i3ag1eqgl06e,---,---,,,113.4249311,18.3799241,18.99802017211914,2.681334419103223,early_lightgbm_02_2025,svi,SN Ibc,,,,,False,,,,0.454,False,,,,,,,,,,,
ANT2024iagunwjoekbr,---,---,,,106.529901,-0.4704514983820189,19.01679992675781,88.49746871918614,full_lightgbm_02_2025,svi,SN IIn,0.3064992657496024,1.0743106529885598e+17,0.0574858847380634,,False,-21.48279252828374,0.9946220149084763,panstarrs,0.446,True,SN II,0.34,,,,,,,,,
ANT2025iv1gpyq933g0,---,---,,,108.74294841286168,22.451769571228,17.969722747802734,2.682283518763142,early_lightgbm_02_2025,svi,SN Ibc,,,,,False,,,,0.444,False,,,,,,,,,,,
ANT2025f8976axes9hb,---,---,,,102.33522979999996,22.5156145,17.60202980041504,2.6861145188304363,early_lightgbm_02_2025,svi,SN Ibc,,,,,False,,,,0.417,False,,,,,,,,,,,
ANT2025wguvdcxdl8y8,2025bwp,SN II,0.041433,,151.16069300621092,37.07625588596636,18.35164451599121,11.839840682623617,full_lightgbm_02_2025,svi,SN IIn,14.360274608461763,9907734004828860.0,0.20568,,False,-19.95080436553016,0.9870017545971648,decals,0.751,True,SN IIn,0.385,,,,,,,,,
ANT2024qtzyv6081cw3,---,---,,,178.0284786897648,-9.056242710587412,16.47452163696289,1.6551878828831832,full_lightgbm_02_2025,svi,SN IIn,1.4521599971071313,9906618077938408.0,0.21605,,False,-25.11943338037114,0.9988757940103922,decals,0.552,True,SN II,0.491,,,,,,,,,
ANT20254irpno7fbwy6,2025bod,SN Ia,0.07,,83.06112619449928,-19.09083284159236,18.301958084106445,14.818602282488428,full_lightgbm_02_2025,svi,SN IIn,14.517763869942147,9906614391675870.0,0.086046,,False,-22.19632555670008,0.4291989361300196,decals,0.528,False,SN Ia,0.71,,,,,,,,,
ANT2024av2r8ul316nk,2024aduf,SN Ia,0.018323,,232.43921135192195,42.921934335852,15.804966926574709,78.56948188266688,full_lightgbm_02_2025,svi,SN IIn,42.379007903974895,9907735760145862.0,0.041368,,False,-19.00975983765261,0.0797230544897687,decals,0.527,False,SN Ia,0.853,,,,,,,,,
ANT2024ic31dtqnqvgt,---,---,,,240.41085364356064,66.44286280756006,17.673425674438477,75.53996798249864,full_lightgbm_02_2025,svi,SN IIn,0.6472593652912215,9907740862648296.0,0.108566,,False,-22.773000065431063,0.9999900812152256,decals,0.492,True,SN II,0.339,,,,,,,,,
ANT202533lwx8et8su2,2025cfs,SN Ia,0.073,,136.50607001153082,51.41270121651985,18.138410568237305,0.7633664455570397,early_lightgbm_02_2025,svi,SN IIn,3.7899337142198006,2393686,0.0671066934032762,,False,16.67,0.9741207058419128,glade,0.505,True,SN Ia,0.52,-19.447024905783127,,,,,,,,
ANT20254u6c2m13t948,2025cku,---,,,147.68655789584656,27.30245612162185,18.11679458618164,0.7643734455414233,early_lightgbm_02_2025,svi,SN IIn,1.3230850870215132,9906631371985622.0,0.08428,,False,-19.609279476603795,0.9999159778337252,decals,0.482,True,SN Ia,0.594,-19.78606263172292,,,,,,,,
ANT2025n3pfarqf7xnf,2025ay,SN Iax[02cx-like],0.02005,,144.30198404632682,38.09396715538468,16.68027687072754,34.20171964527253,full_lightgbm_02_2025,svi,SN Ibc,21.35402340074096,9907734303867442.0,0.170776,,False,-20.0930938228574,0.2399317802895831,decals,0.669,True,SN Ibc,0.891,-18.07157197033311,,,,,,,,
ANT2024ulinljtvdwf2,2024adix,SN Ia,0.021035,,170.25461884956067,21.33906477359308,16.686691284179688,80.97732144533802,full_lightgbm_02_2025,svi,SN IIn,7.389423976028086,9906629309434560.0,0.042974,,False,-19.626963737606022,0.9944979815198404,decals,0.612,True,SN Ia,0.42,-18.1698440838129,,,,,,,,
ANT20250jtu2nngfrch,2025bvy,---,,,253.08269381127928,46.27405341401116,18.87807273864746,16.112587645511667,full_lightgbm_02_2025,svi,SN IIn,2.092087949932242,9907736639373374.0,0.117028,,False,-21.897685561887315,0.9996077926422728,decals,0.58,True,SN Ibc,0.342,-19.75247778525919,,,,,,,,
ANT2025fi48fkcs8il0,---,---,,,130.68287782215808,-12.681744175807012,19.37592887878418,13.203386245157162,full_lightgbm_02_2025,svi,SN IIn,5.128624456030393,9.278130681455192e+16,0.2267050340579223,,False,-22.16810009135897,0.7916885757626866,panstarrs,0.571,True,SN Ia,0.549,-20.731924088732168,,,,,,,,
ANT20257h9twhacqm1i,---,---,,,295.9658416346223,68.72763860327103,18.86322784423828,13.989439545526691,full_lightgbm_02_2025,svi,SN IIn,2.04500404427561,9907741193013206.0,0.073263,,False,-22.63567435153764,0.9991313459021096,decals,0.567,True,SN Ia,0.371,-18.73014479280469,,,,,,,,
ANT2025qdr8jv6oqq8c,2025apb,SN Ia,0.082285,,147.15818731808426,9.125997143073036,18.464086532592773,23.099995045318792,full_lightgbm_02_2025,svi,SN IIn,2.7879435734180777,1.1895147158908203e+17,0.0774253841851709,,False,-21.79131679561901,0.9986708410615152,panstarrs,0.551,True,SN Ia,0.743,-19.38580514774614,,,,,,,,
ANT2025fhf72pxig2s8,2025kj,SN Ia,0.04,,212.662548689262,-5.893059926706087,17.30588150024414,43.99057374554832,full_lightgbm_02_2025,svi,SN IIn,2.073896395537001,1.0092212663023826e+17,0.0737905520144093,,False,-20.211625011918294,0.9998524454752376,panstarrs,0.534,True,SN Ia,0.902,-18.95649807956377,,,,,,,,
ANT2025b0m9m7n0g9yz,2025apa,SN Ia,0.061179,,149.78759222326934,10.291610087859551,18.094600677490234,16.2831663455363,full_lightgbm_02_2025,svi,SN IIn,3.497021516802988,1377388,0.0609069807359853,,False,16.42,0.95228355081996,glade,0.514,True,SN Ia,0.936,-19.10139261928992,,,,,,,,
ANT20251eb6j368nqyd,2025xj,SN Ia,0.05,,175.5385339830435,-18.684668408039883,17.711103439331055,34.10776124554832,full_lightgbm_02_2025,svi,SN Ibc,4.768551793938136,8.557175539200757e+16,0.0352232303034105,,False,-18.62152393153417,0.6691554407208842,panstarrs,0.456,True,SN Ia,0.832,-19.04104494309851,,,,,,,,
ANT2025r3l3qb1a1unp,2024agkj,SLSN-I,0.1934,,129.09357089132888,42.0256553217846,18.27751922607422,33.132738145395706,full_lightgbm_02_2025,svi,SN Ibc,0.0680468004250587,9907735461036488.0,0.368807,,False,-18.76658058825882,0.9165017373513435,decals,0.452,True,SN IIn,0.471,-21.473990705258142,,,,,,,,
ANT20258zj355b1djys,2025cbq,SN Ia-pec,0.024764,,292.09271689235914,56.58004904018056,17.697341918945312,8.947903745123767,full_lightgbm_02_2025,svi,SN IIn,13.066435330119988,9907739063684432.0,0.16605,,False,-18.970149574151893,0.6355210215136917,decals,0.676,False,SN Ibc,0.723,-17.515639393627342,,,,,,,,
ANT2025l7p3cgi8dke1,2025brx,---,,,281.95248535788176,28.40815073988599,18.311731338500977,18.994848145419382,full_lightgbm_02_2025,svi,SN IIn,0.727961185953407,1.4209281952584013e+17,0.0616140164380716,,False,-21.67665204940809,0.999921264405268,panstarrs,0.588,True,SN Ia,0.415,-18.899865661710336,,,,,,,,
ANT20258fpifynm1it3,2025bqa,---,,,242.3929565133255,22.16747922336303,18.649974822998047,15.01791534551012,full_lightgbm_02_2025,svi,SN IIn,1.6744536281532183,9906629678203800.0,0.119601,,False,-19.73067600326967,0.9999514804380404,decals,0.586,True,SN Ia,0.574,-20.02891700031919,,,,,,,,
ANT2025rfuym61016nw,---,---,,,257.1543969560664,25.90134893874871,18.860496520996094,7.118632945479476,early_lightgbm_02_2025,svi,SN IIn,1.305734417548614,9906630975099824.0,0.086995,,False,-20.042493156699663,0.9999775508248429,decals,0.423,True,SN Ia,0.423,-19.112489674576548,,,,,,,,
ANT2025ehgowafw9hz9,2025nb,SN Ia,0.040413,,246.0421778645953,25.66921262665595,16.95515251159668,29.96920004511776,full_lightgbm_02_2025,svi,SN Ibc,6.469249316467549,9906630887475988.0,0.178515,,False,-19.777058364405065,0.9740798686749308,decals,0.408,True,SN Ia,0.871,-19.3297506584146,,,,,,,,
ANT2025q56lnmnbe1a2,2025cff,SN Ia,0.041,,271.2270721572381,39.6806120251928,17.89651870727539,7.092672245358699,early_lightgbm_02_2025,svi,SN IIn,19.543835147753,9907734845327166.0,0.213679,,False,-20.92518921588023,0.240656283490962,decals,0.401,True,SN Ia,0.36,-18.420007887103605,,,,,,,,
ANT2025mqiwy4wdcyid,---,---,,,291.883715470178,58.61533290963245,19.24134826660156,13.009558845093125,full_lightgbm_02_2025,svi,SN IIn,0.2859318129287662,9907739470338532.0,0.155059,,False,-18.753062669356243,0.98552180452632,decals,0.581,True,SN Ia,0.485,-20.01599963231413,,,,,,,,
ANT2025qqieafqnsg9h,2025bvf,SN Ia,0.026596,,225.89901074063712,-25.454722338144222,17.844640731811523,13.98069330733415,full_lightgbm_02_2025,svi,SN IIn,45.1594033412187,7.744225910095558e+16,0.0699389129317507,,False,-23.11097764465861,0.9658437181458835,panstarrs,0.482,True,SN Ia,0.459,-17.524320757541773,,,,,,,,
ANT2025r24q78e8suww,2025aue,SN Ia-91T-like,0.019,,64.6266369586854,33.771113179519084,15.644068717956545,18.254235007429088,full_lightgbm_02_2025,svi,SN IIn,,,,,False,,,,0.558,False,SN Ia,0.575,-18.99039294853604,,,,,,,,
ANT202424ju9x3eczpc,2024aefa,SN II,0.048,,75.02707882231263,24.52429313457596,18.12022590637207,0.3242234071731218,early_lightgbm_02_2025,dynesty,SN Ibc,,,,,False,,,,0.512,False,SN IIn,0.503,-18.54224518268008,,,,,,,,
ANT20253c5ns42olf2n,2025acu,SN Ia,0.029,,158.358929,1.841416099793492,16.312692642211914,34.035155109922925,full_lightgbm_02_2025,svi,SN IIn,48.32462739705553,1.1021158347924938e+17,0.1452061917511427,,False,-22.96711147193868,0.9295699831899242,panstarrs,0.608,True,SN Ia,0.853,-19.245485966902155,,,,,,,,
ANT2025zt3d80mj9tzj,2025btt,SN Ia,0.09,,148.93572449588615,40.782781043117566,18.50627326965332,19.193882010273228,full_lightgbm_02_2025,svi,SN IIn,1.5792738565372055,9907735109569060.0,0.074331,,False,-18.13242097554372,0.99974526026609,decals,0.562,True,SN Ia,0.411,-19.54186069227676,,,,,,,,
ANT20253kuwjeql3ll8,2025oq,SN Ic-BL,0.01133,,136.1601384697206,18.466678386323625,15.463980674743652,45.16067591016326,full_lightgbm_02_2025,svi,SN Ibc,32.32684976098223,9906628323117338.0,0.085768,,False,-19.17918355442761,0.9573409143787048,decals,0.433,True,SN Ibc,0.699,-18.04355617981044,,,,,,,,
ANT2025ealzghq69oy8,2025awg,SN Ia,0.09,,136.74321569811224,22.225962323548003,18.474424362182617,26.068430609862844,full_lightgbm_02_2025,svi,SN Ibc,3.772210408858951,9906629652516316.0,0.087023,,False,-19.69898447968135,0.9999187461151589,decals,0.423,True,SN Ia,0.562,-19.57370959974746,,,,,,,,
ANT2025l3g2688xp6ql,2025ask,SN Ia,0.022681,,213.2035445,15.736129946943322,16.239656448364258,27.00380091029365,full_lightgbm_02_2025,svi,SN IIn,,,,,False,,,,0.655,False,SN Ia,0.626,-18.78138652628461,,,,,,,,
ANT2025j5ptbie5rvaj,2025arz,SN Ia,0.065,,151.7023506272954,39.530439680751485,17.848012924194336,25.202215310047904,full_lightgbm_02_2025,svi,SN IIn,0.2777183418532183,9907734748268032.0,0.365679,,False,-19.42197709772521,0.95227423071629,decals,0.55,True,SN Ia,0.857,-19.481441809759307,,,,,,,,
ANT20253qiqfnn98e4x,2025ass,SN Ia,0.03,,161.25758791150227,76.68672230023944,17.314983367919922,37.12242699226044,full_lightgbm_02_2025,svi,SN IIn,13.9557288366133,9907742083057964.0,0.06196,,False,-17.228836532169126,0.7266955532354964,decals,0.659,True,SN Ia,0.595,-18.317353666465213,,,,,,,,
ANT2025kf9exnh34ymi,2025buw,SN Ia,0.068,,85.46832491400258,62.90780127167801,18.142662048339844,29.267021892570483,full_lightgbm_02_2025,svi,SN IIn,10.299135700763582,1.8349085463820253e+17,0.0954692414616301,,False,-22.236553047075503,0.998043305766244,panstarrs,0.505,True,SN Ia,0.719,-19.28625465505977,,,,,,,,
ANT2025xmj9lacbigol,2025asr,SN Ia,0.04,,237.49831639335235,17.415730915938227,16.9124813079834,32.932299692627566,full_lightgbm_02_2025,svi,SN IIn,13.215372036280774,9906627988753840.0,0.311109,,False,-19.962869486812245,0.256037713543414,decals,0.505,True,SN Ia,0.915,-19.349898271824514,,,,,,,,
ANT2025cuqzs1zf87ef,2025czh,---,,,122.93730530275832,65.79847020837286,18.88910484313965,15.288237192180532,early_lightgbm_02_2025,svi,SN IIn,4.463317375812332,9907740734720004.0,0.162391,,False,-20.61723407666958,0.9965917416425214,decals,0.484,True,SN Ia,0.371,-20.471429889564668,,,,,,,,
ANT202501x9gluo5196,2025chq,---,,,131.29703520859186,-8.414320834623808,18.232328414916992,15.291651592568089,full_lightgbm_02_2025,svi,SN IIn,9.24689062290536,9906618252526164.0,0.104995,,False,-22.19897356548888,0.999985278921106,decals,0.469,True,SN Ia,0.757,-20.15729730137119,,,,,,,,
ANT2025czrejj36q7cv,---,---,,,187.83341188164027,67.11046538274374,18.75390625,22.117010392226803,full_lightgbm_02_2025,svi,SN IIn,1.088772349851419,9907740932113628.0,0.110358,,False,-20.007516815143408,0.9999558885520294,decals,0.449,True,SN Ia,0.473,-19.74628639545416,,,,,,,,
ANT2025evohk94wsq49,---,---,,,101.17864752571217,77.72600058322482,17.342538833618164,1.264058992244827,early_lightgbm_02_2025,svi,SN IIn,10.996765246628597,9907742164189764.0,0.049255,,False,-21.27198610071038,0.999529456997534,decals,0.416,True,SN Ia,0.496,-19.37662677848587,,,,,,,,
ANT20259zjf0g10492f,2025bcj,---,,,195.78432715433647,1.8800351781770808,18.499568939208984,20.09771639246173,full_lightgbm_02_2025,svi,SN IIn,1.888547739673604,1.1025195783949622e+17,0.0464199530791828,,False,-19.81265058082605,0.9917681219652366,panstarrs,0.403,True,SN Ia,0.409,-18.08939936972158,,,,,,,,
ANT2025pzpe1snbjuy7,2025baq,SN Iax[02cx-like],0.007438,,215.574553053542,50.50837992128,17.448400497436523,39.01006732776296,full_lightgbm_02_2025,svi,SN IIn,26.85464195063414,1.686021557848323e+17,0.124909757910099,,False,-26.61332989407783,0.999992840893019,panstarrs,0.561,True,SN Ibc,0.525,-15.14305161152575,,,,,,,,
ANT2025f6yum477eavz,2025nz,SN II,0.03,,255.2911386014806,20.67154936899709,17.898906707763672,68.92969702777918,full_lightgbm_02_2025,svi,SN IIn,6.435972954576489,1.3280255291240856e+17,0.0305136999303805,,False,-21.600200728939647,0.7453584127195974,panstarrs,0.538,True,SN II,0.815,-17.733430326621463,,,,,,,,
ANT2025j3bdbx7etlm0,2025adj,SN II,0.011389,,224.93530601428503,51.46307373286933,16.313596725463867,55.99076182756107,full_lightgbm_02_2025,svi,SN IIn,1.070508067941985,9907737940985332.0,0.092169,,False,-18.51755233418092,0.999801093870096,decals,0.482,True,SN II,0.845,-17.205251977757793,,,,,,,,
ANT2025xugrbjdb9wlg,2025dzm,SN II,0.016,,287.3833207,26.82162107754823,16.50290870666504,3.957463227561675,early_lightgbm_02_2025,svi,SN IIn,3.659466053646709,1.4018287384314712e+17,0.1636604146728138,,False,-21.484208641701294,0.3862342000298712,panstarrs,0.449,False,SN II,0.31,-17.756710066820983,,,,,,,,
ANT2025rcf67v8y3jzn,2025cue,SN Ia,0.063,,229.2638845499987,-23.067540184265084,18.536121368408203,19.974640164793527,full_lightgbm_02_2025,svi,SN IIn,1.4767811091949568,80312292643199545,0.1075965248668328,,False,-18.818297771633645,0.9909873318245976,panstarrs,0.531,True,SN Ia,0.599,-18.72447367655256,,,,,,,,
ANT2025yuw5hex5udy3,2025dyo,SN Ia,0.039,,234.3680793,5.819814928407752,17.19116973876953,10.970068464790527,full_lightgbm_02_2025,dynesty,SN IIn,7.641137536167697,114982343660464981,0.0541401997443576,,False,-21.72649629084264,0.9978120782223135,panstarrs,0.45,True,SN Ia,0.46,-19.01570393071492,,,,,,,,
ANT2025jmyamb7v4kcd,---,---,,,299.6787116459178,29.813244291717872,17.72901725769043,12.341574538244458,early_lightgbm_02_2025,svi,SLSN-I,0.3542892424264928,1.4377299678816656e+17,0.0988920144218436,,False,-22.95079586651453,0.9738719742305404,panstarrs,0.555,False,,,,False,,,0.97,,,,
ANT2025xkxvr4644gk2,2025euj,---,,,236.3120382,8.770671500073405,19.15271377563477,13.331863838458958,full_lightgbm_02_2025,svi,SN IIn,6.11961891054705,9906624771657474.0,0.374142,,False,-21.276428782603453,0.0717877122981283,decals,0.588,True,SN Ibc,0.508,-22.08186511724081,False,0.374142,,0.989,,,,
ANT2025g2kz723we9kd,2025dip,---,,,229.1498012635488,29.31119945298446,18.902299880981445,16.447500438174757,full_lightgbm_02_2025,svi,SN IIn,5.548596197098036,9906632056901248.0,0.092525,,False,-20.34110746756338,0.9998924019290772,decals,0.516,True,SN Ia,0.421,-19.207090741997703,False,0.092525,,0.966,,,,
ANT20250132sf3eq1px,2025fds,SN,0.026,,128.47170575370936,57.53953208625379,17.558143615722656,12.219110308353264,full_lightgbm_02_2025,svi,SN IIn,34.09183852330612,9907739246659880.0,0.158873,,False,-19.110755467740667,0.3520506799758812,decals,0.639,False,SN Ia,0.26,-17.761277333547568,False,0.026,,0.992,,,,
ANT2025y6pcfa8sr1ra,2025qq,SN II,0.016,,144.5544212704087,48.38650877923608,18.53611946105957,49.13230113403552,full_lightgbm_02_2025,svi,SLSN-I,17.131609943883113,9907737196890388.0,0.067061,,False,-16.438715949853187,0.5125167301134763,decals,0.601,True,SN II,0.907,-15.72349931242645,False,0.016,,0.919,,,,
ANT2025utyzppwyovkp,2025fax,---,,,281.0539454963832,46.23049076350181,18.18577003479004,2.325069838414493,full_lightgbm_02_2025,svi,SLSN-I,6.096196923097245,9907736644424512.0,0.067951,,False,-19.77299146632392,0.9973715924630202,decals,0.474,True,SN Ia,0.585,-19.24155721461856,False,0.067951,,0.986,,,,
ANT2025iuawtw92onvs,2025dir,---,,,230.6779887,30.04137209999999,18.54846572875977,16.363623138262483,full_lightgbm_02_2025,dynesty,SN IIn,4.15634033534539,9906632303711296.0,0.071218,,False,-19.86298589737016,0.9999724639901718,decals,0.42,True,SN Ia,0.628,-18.982434990343044,False,0.071218,,0.942,,,,
ANT2025jlqfe43gi2yl,2025fto,---,,,234.91977159999985,6.341867051325863,18.544851303100582,2.2903879373770906,early_lightgbm_02_2025,svi,SLSN-I,9.924110524461936,9906623834884288.0,0.079363,,False,-20.893356059704043,0.9999999999999152,decals,0.408,True,SN Ia,0.37,-19.225132808851907,False,0.079363,,0.892,,,,
ANT2025l59hvyjor714,2025eqn,---,,,276.32961500167403,46.57928285347449,18.8357048034668,19.944323457770224,full_lightgbm_02_2025,svi,SLSN-I,1.8091937895430124,9907736708781801,0.095208,,False,-17.248733164065175,0.9989473372737726,decals,0.444,True,SN Ia,0.518,-19.33699653721943,False,0.095208,,0.981,,,,
ANT2025g5rvwtyrgflr,2025bys,---,,,106.32832192769833,58.14433669050021,18.18209457397461,43.19861745787057,full_lightgbm_02_2025,svi,SN IIn,1.5113808185463868,9907739395031373,0.030962,,False,-17.511236774639237,0.9454116319889032,decals,0.417,True,SN II,0.783,-17.51930150597634,False,0.030962,,0.838,,,,
ANT20256wv52oiuhd6j,2025dza,---,,,107.04198821685848,62.213466468888726,18.471820831298828,15.186899608139356,full_lightgbm_02_2025,svi,SN IIn,2.122653153432722,9907740149286668.0,0.093281,,False,-20.31462194146205,0.9999685511427931,decals,0.405,True,SN Ia,0.742,-19.65559025427136,False,0.093281,,0.858,,,,
ANT20259ilmzosxsjdw,2025cap,---,,,125.24856169452984,8.389168205900788,18.584794998168945,35.16107115800696,full_lightgbm_02_2025,svi,SLSN-I,1.633000127876952,9906624649495264.0,0.143896,,False,-19.61959876367545,0.9998765231128044,decals,1.0,True,SN Ia,0.988,-20.505846503359187,False,0.143896,,1.0,,,,
ANT2025xfma0ktdzcxm,2025fuo,---,,,297.35481878019124,52.36246681803718,18.55919075012207,0.4064819681880181,early_lightgbm_02_2025,svi,SN Ibc,4.473014307544402,1.7083297356867552e+17,0.067135182113374,,False,-21.24036322291559,0.96933140075047,panstarrs,0.707,False,,,,False,,,0.967,781P2.E_1,<https://ziggy.ucolick.org/yse/transient_detail/2025fuo|*YSE-PZ*>,,
ANT202522ldtbee8g48,2025fbb,---,,,281.0679147,11.248273285853912,17.176349639892578,12.31523193812609,full_lightgbm_02_2025,svi,SLSN-I,7.436071786594686,1.2149281067933597e+17,0.0566968709018012,,False,-17.288359024644492,0.1788777455657018,panstarrs,0.556,False,,,,False,,,1.0,529P2.E,<https://ziggy.ucolick.org/yse/transient_detail/2025fbb|*YSE-PZ*>,,
ANT2025pqxeriqh2hef,2025fma,---,,,310.3624075499969,63.14009240000102,15.416837692260742,22.946629679652688,full_lightgbm_02_2025,svi,SN IIn,,,,,False,,,,0.554,False,,,,False,,,0.8200000000000001,,<https://ziggy.ucolick.org/yse/transient_detail/2025fma|*YSE-PZ*>,,
ANT2025mejdewtyaz8f,2025bdt,SN II,0.04,,288.0390628903609,58.47400994589988,18.45705223083496,27.36002353832737,full_lightgbm_02_2025,svi,SN IIn,5.8941428186995255,9907739469813030.0,0.03434,,False,-17.266486613598065,0.8622609268850169,decals,0.499,True,SN IIn,0.923,-17.805327348972952,,0.04,,1.0,787P2.D,<https://ziggy.ucolick.org/yse/transient_detail/2025bdt|*YSE-PZ*>,,
ANT2025r9z13t8d84iq,2025ezo,---,,,139.6551672946493,14.857734189744647,18.73259735107422,27.2296362287234,full_lightgbm_02_2025,svi,SLSN-I,1.1748233470365168,9906626965672036.0,0.23726,,False,-20.249666469857715,0.994463249807262,decals,0.999,True,SN Ia,0.63,-21.47744670761165,,0.23726,,1.0,666.D_1,<https://ziggy.ucolick.org/yse/transient_detail/2025ezo|*YSE-PZ*>,,
ANT2025dixphrnqnbjl,2025ftw,---,,,195.60420440731707,-16.000259503520695,19.07309913635254,14.11352512853773,full_lightgbm_02_2025,dynesty,SN Ibc,1.301418016899181,8.87919560402597e+16,0.1549803290036901,,False,-20.443038150623565,0.9994947394891184,panstarrs,0.872,True,SN Ibc,1.0,-20.18311575071369,,0.1549803290036901,,0.908,311P2.F,<https://ziggy.ucolick.org/yse/transient_detail/2025ftw|*YSE-PZ*>,,
ANT2025apo0kdeb5l7s,2025gtd,---,,,126.21842025,2.8943666401835912,15.614639282226562,15.267900128463223,full_lightgbm_02_2025,svi,SN IIn,16.726156106839042,9906622582756664.0,0.179768,,False,-21.73452132423716,0.6122277323555649,decals,0.867,False,,,,,,,0.935,311P2.F,<https://ziggy.ucolick.org/yse/transient_detail/2025gtd|*YSE-PZ*>,,
ANT2024z6w0oa58pxj1,2024ablh,SN II,0.004376,,192.88098171110727,-13.334083948228582,17.105792999267578,151.95036542889284,full_lightgbm_02_2025,svi,SN Ibc,51.71834444605791,9.201192889909325e+16,0.1164414207845163,,False,-24.401207954413834,0.9997496658542396,panstarrs,0.758,True,SN II,0.51,-14.332006579099744,,0.004376,,1.0,577.B,<https://ziggy.ucolick.org/yse/transient_detail/2024ablh|*YSE-PZ*>,,
ANT2025jirh0djhiqel,2025fpz,SN Ic-BL,0.01,,117.18533951088746,66.19743009632647,16.867229461669922,16.183761898457306,full_lightgbm_02_2025,svi,SN Ibc,38.61464099702924,1.874211716678384e+17,0.0952904954254885,,False,-21.328871268305228,0.7107078328597978,panstarrs,1.0,False,SN Ibc,1.0,-16.368402907145075,,0.01,,1.0,707.C,<https://ziggy.ucolick.org/yse/transient_detail/2025fpz|*YSE-PZ*>,,
ANT2025eghmpu69dlp2,2025ddd,---,,,244.09769711361795,12.59165760232466,17.905799865722656,42.03998879858409,full_lightgbm_02_2025,svi,SLSN-I,2.274465964361772,9906626166002028.0,0.104526,,False,-20.386866770525888,0.9988581320210732,decals,0.99,True,SN Ia,0.988,-20.47389376501493,,0.104526,,0.99,529P2.F,<https://ziggy.ucolick.org/yse/transient_detail/2025ddd|*YSE-PZ*>,,
ANT2025rajiu6qqu64b,2025fxk,---,,,128.70646516252066,8.712817800029839,19.072185516357425,5.229085998638766,early_lightgbm_02_2025,svi,SLSN-I,1.0432365930462646,1.1845128706482618e+17,0.2111939754753384,,False,-20.673826138707994,0.9802240692469248,panstarrs,0.921,True,SLSN-I,0.876,-20.876626613898377,,0.2111939754753384,,1.0,529P2.E,<https://ziggy.ucolick.org/yse/transient_detail/2025fxk|*YSE-PZ*>,,
ANT2025var91j3euhnv,2025qf,---,,,141.03802795573947,51.524369523617096,18.97696113586425,16.201967898319708,early_lightgbm_02_2025,svi,SN IIn,6.403349040619788,9907737927224348.0,0.098682,,False,-17.477359282307255,0.9986808178016464,decals,0.496,True,SN IIn,0.703,-19.27515446045615,,0.098682,,0.997,781P2.C_1,<https://ziggy.ucolick.org/yse/transient_detail/2025qf|*YSE-PZ*>,,
ANT2025stdwagtwtc85,---,---,,,136.48843449372657,7.259422513814187,19.17639923095703,12.225532698474126,full_lightgbm_02_2025,svi,SN Ibc,24.91886369799936,1.1670136488953352e+17,0.1393256444800843,,False,-20.386569938005696,0.2441125303154329,panstarrs,0.483,False,,,,,,,0.978,481P2.F,<https://ziggy.ucolick.org/yse/transient_detail/2025guh|*YSE-PZ*>,,
ANT2025178e4gnx8q3u,2025hyz,---,,,297.87579384977766,12.554716195970784,16.775501251220703,2.05888089929067,early_lightgbm_02_2025,svi,SLSN-I,7.482131052601267,123062978750253856,0.069199655427439,,False,-20.189828049758283,0.8386991301220323,panstarrs,1.0,True,SN Ibc,0.745,-20.69198094556066,,0.069199655427439,,1.0,529P2.F,<https://ziggy.ucolick.org/yse/transient_detail/2025hyz|*YSE-PZ*>,,
ANT202576wt7hkr3whl,2025fud,---,,,229.99504789932155,-7.169204249590933,19.062217712402344,25.018660899440874,full_lightgbm_02_2025,svi,SLSN-I,5.090116944458531,9906618746078204.0,0.223598,,False,-20.217950170940817,0.9984261755141568,decals,1.0,True,SN Ia,0.892,-21.01465657158748,,0.223598,,1.0,759P2.E,<https://ziggy.ucolick.org/yse/transient_detail/2025fud|*YSE-PZ*>,,
ANT2025tc82tme0y48w,2025hde,---,,,272.3860074630219,70.95168919714659,17.167137145996094,14.01984149935015,early_lightgbm_02_2025,svi,SLSN-I,72.62535741995627,9907741484188440.0,0.161812,,False,-21.802124751123635,0.9858452434257544,decals,1.0,True,SN II,0.932,-22.18541744782888,,0.161812,,1.0,,<https://ziggy.ucolick.org/yse/transient_detail/2025hde|*YSE-PZ*>,,
ANT2025s0t0xu9ksd4x,2025erz,---,,,132.27379711347558,22.54976031456671,19.48730087280273,14.285061399641563,full_lightgbm_02_2025,svi,SN IIn,2.9270610115754123,9906629738825704.0,0.114175,,False,-18.6197056588834,0.9995371682291612,decals,1.0,True,SLSN-I,0.601,-19.088409536716185,,0.114175,,1.0,628P2.E_1,<https://ziggy.ucolick.org/yse/transient_detail/2025erz|*YSE-PZ*>,,
ANT2024m7qd0g1kphzj,2024agir,SLSN-I,0.3878,,242.30618776254755,43.95097040299514,18.94669914245605,121.96362619959108,full_lightgbm_02_2025,svi,SLSN-I,57.91665612952341,9907736036577020.0,0.094538,,False,-19.12310227185697,0.7957336453970252,decals,0.997,False,SN IIn,0.489,-22.36851549076316,,0.3878,,1.0,712P2.F_1,<https://ziggy.ucolick.org/yse/transient_detail/2024agir|*YSE-PZ*>,,
ANT20250a77xwhfpru6,---,---,,,277.868347850606,42.78952871217167,18.5933895111084,0.0857558992720441,early_lightgbm_02_2025,svi,SN Ibc,0.5185698394257102,9907735699653976.0,0.061265,,False,-18.32348268330436,0.9999999999999906,decals,0.95,True,SN Ibc,0.938,-18.605697215685257,,0.061265,,0.954,712P2.D,<https://ziggy.ucolick.org/yse/transient_detail/2025hpl|*YSE-PZ*>,,
ANT2025h432jvxvf3lk,2025csc,SN IIn,0.022238,,271.53590406498563,23.46679265743664,17.33237648010254,36.03241089936637,full_lightgbm_02_2025,svi,SN Ibc,31.838438690687013,1.3615271543512416e+17,0.1212999739039326,,False,-23.03356311452655,0.9707498076166816,panstarrs,0.917,False,SN Ibc,0.766,-17.64558979178593,,0.022238,,1.0,628P2.E_1,<https://ziggy.ucolick.org/yse/transient_detail/2025csc|*YSE-PZ*>,,
ANT2025w1ikunmggkiu,2025fnx,---,,,247.42527526921737,19.50475275171988,18.80849266052246,16.113082199546625,full_lightgbm_02_2025,svi,SLSN-I,2.1367675826852963,9906628708274438.0,0.153762,,False,-19.7409484613758,0.9985829444852274,decals,0.91,True,SN Ia,0.726,-20.43010336855442,,0.153762,,0.974,585P2.F,<https://ziggy.ucolick.org/yse/transient_detail/2025fnx|*YSE-PZ*>,,
ANT20257ieesp3uq4pu,2025ibi,---,,,192.52258894329097,-12.357993867350856,19.46208381652832,0.2882442993141012,early_lightgbm_02_2025,svi,SN Ibc,,,,,False,,,,0.823,False,,,,,,,0.933,376.E,<https://ziggy.ucolick.org/yse/transient_detail/2025ibi|*YSE-PZ*>,,
ANT2025na8driw7ceok,2025hya,---,,,257.67102149999994,67.0125184,19.41387367248535,2.0463113996229367,early_lightgbm_02_2025,svi,SN Ibc,3.778712123102112,9907740939321812.0,0.080706,,False,-21.943820670789325,0.9999955712318944,decals,0.729,True,SN Ibc,0.965,-18.393191421653224,,0.080706,,0.741,585P2.F,<https://ziggy.ucolick.org/yse/transient_detail/2025hya|*YSE-PZ*>,,
ANT2025l6l3zmx133nz,2025hkn,---,,,193.6023118455999,-6.360883201070166,19.32305145263672,9.188892399615725,early_lightgbm_02_2025,svi,SN Ibc,,,,,False,,,,0.651,False,,,,,,,0.769,376.A_1,<https://ziggy.ucolick.org/yse/transient_detail/2025hkn|*YSE-PZ*>,,
ANT2025hvoh3850apx2,2025fty,---,,,191.10870363282973,-14.64816870670613,18.86054229736328,14.14368409961753,full_lightgbm_02_2025,svi,SN Ibc,2.3202730256643966,9.042191109284222e+16,0.0782079435224153,,False,-20.30423089902544,0.9997469282327928,panstarrs,0.649,False,,,,,,,0.732,311P2.F,<https://ziggy.ucolick.org/yse/transient_detail/2025fty|*YSE-PZ*>,,
ANT2025fmhc0njbkc6q,2025hdm,---,,,240.2053592,28.28643591052913,19.80610084533692,14.07559379954182,full_lightgbm_02_2025,svi,SN Ibc,3.4248001120402565,1831473.0,0.1154782899632536,,False,18.38,0.9554967284201744,glade,0.62,False,,,,,,,0.8029999999999999,628P2.F,<https://ziggy.ucolick.org/yse/transient_detail/2025hdm|*YSE-PZ*>,,
ANT2025kcnl1zrt35iv,2025dja,SN II,0.061016,,211.9615379478124,15.175255684473813,18.70318984985352,33.18083689939522,full_lightgbm_02_2025,svi,SN Ibc,3.42105968467578,1.262121196058511e+17,0.050641298371658,,False,-21.49836691967896,0.9850995725767162,panstarrs,0.576,False,SN II,0.614,-18.486928509169303,,0.061016,,1.0,757P2.F,<https://ziggy.ucolick.org/yse/transient_detail/2025dja|*YSE-PZ*>,,
ANT2025qrsdkoqtwxt8,---,---,,,251.9709998499985,-14.864693232042129,18.323057174682617,9.135582199509372,full_lightgbm_02_2025,svi,SN Ibc,,,,,False,,,,0.538,False,,,,,,,0.8140000000000001,311P2.F,,,
ANT2025oncxcivy4p15,---,---,,,269.5356714554062,11.603579292104683,19.33013343811035,4.068417899499764,early_lightgbm_02_2025,svi,SLSN-I,20.14186978588259,1.219226953023769e+17,0.0628556282009331,,False,-23.029483363958725,0.3428483585238923,panstarrs,0.438,False,,,,,,,0.808,529P2.E,,,
ANT202544tqeax6gvy7,2025azl,SN IIb,0.02,,195.9828837686768,-20.942303302353963,17.614734649658203,62.00502601973858,full_lightgbm_02_2025,svi,SN Ibc,12.479489299243932,8.28619597929685e+16,0.0368304657603198,,False,-18.628879330953616,0.7002609473709364,panstarrs,1.0,False,SN Ibc,1.0,-17.131664542854775,,0.02,,1.0,577.D,<https://ziggy.ucolick.org/yse/transient_detail/2025azl|*YSE-PZ*>,,
ANT2024tfz140n9kjpt,2024abql,---,,,127.93257030342228,50.56816138494217,18.76304817199707,137.2149566194057,full_lightgbm_02_2025,svi,SN IIn,2.0786507223979047,9907737686445488,0.139515,,False,-18.813312260766395,0.9999999999999384,decals,0.952,True,SN Ibc,0.633,-20.25866579476197,,0.139515,,1.0,757P2.F,<https://ziggy.ucolick.org/yse/transient_detail/2024abql|*YSE-PZ*>,,
ANT2025oefstjs9xgln,2025hds,---,,,157.46494595821036,39.93081261667721,19.61722946166992,14.144713519701329,full_lightgbm_02_2025,svi,SN Ibc,22.52900416999668,2157987.0,0.1059802505842507,,False,16.83,0.7656643245399599,glade,0.951,False,,,,,,,0.951,712P2.E,<https://ziggy.ucolick.org/yse/transient_detail/2025hds|*YSE-PZ*>,,
ANT2025iur9bstmrqb7,2025gui,---,,,160.1693401923199,-12.250569984242418,19.326400756835938,14.132745919378069,full_lightgbm_02_2025,svi,SN Ibc,2.790147650076072,93291601687289158,0.3738271357621705,,False,-20.84897381448245,0.9998885330393636,panstarrs,0.923,True,SN Ibc,0.964,-21.90628438177976,,0.3738271357621705,,0.989,712P2.D,<https://ziggy.ucolick.org/yse/transient_detail/2025gui|*YSE-PZ*>,,
ANT20250cpdik7us1wy,2025gmy,---,,,233.8898485211169,55.1697838225223,18.842668533325195,17.09258391950425,full_lightgbm_02_2025,svi,SN Ibc,2.383414899244136,2492903.0,0.0719913128963561,,False,18.15,0.890927767335375,glade,0.782,False,,,,,,,0.782,781P2.B_1,<https://ziggy.ucolick.org/yse/transient_detail/2025gmy|*YSE-PZ*>,,
ANT20253e6b2217a3ar,---,---,,,230.2813167,31.94075,20.38676643371582,0.0852344195373007,early_lightgbm_02_2025,svi,SLSN-I,0.5767480158074308,9906632951862403,0.461427,,False,-21.05087609864942,0.9999999999999886,decals,0.765,True,SN II,0.441,-21.31885241617413,,0.461427,,1.0,681P2.E,,,
ANT20258x5s16sgc76h,2025hxj,---,,,269.153221692961,38.374318176189455,19.33456039428711,9.347682323779736,early_lightgbm_02_2025,svi,SN IIn,1.180993630948068,9907734404076233,0.325845,,False,-21.47464067163634,0.8031061441901712,decals,0.577,True,SN Ibc,0.51,-21.58902096273337,,0.325845,,0.999,719.A,<https://ziggy.ucolick.org/yse/transient_detail/2025hxj|*YSE-PZ*>,,
ANT20259ial3uag14vv,2025hlm,SN Ia-91bg-like,0.019764,,107.79783606301216,50.1743389819948,17.192262649536133,5.299754837775254,early_lightgbm_02_2025,svi,SN Ibc,90.55046335891716,9907737622614126,0.184315,,False,-19.80590216355436,0.6075910162054401,decals,1.0,True,SN Ibc,0.957,-17.528229802430673,,0.019764,,1.0,749.D,<https://ziggy.ucolick.org/yse/transient_detail/2025hlm|*YSE-PZ*>,,
ANT2025omj77sde2yp6,2025hol,---,,,168.5735083002384,-26.33269318747304,18.4156494140625,14.193660816337797,early_lightgbm_02_2025,svi,SLSN-I,,,,,False,,,,0.959,False,,,,,,,1.0,,<https://ziggy.ucolick.org/yse/transient_detail/2025hol|*YSE-PZ*>,,
ANT20259lkxkann1qia,2025hkl,---,,,127.02737052374044,30.44887960242553,18.370695114135746,6.194095038124942,early_lightgbm_02_2025,svi,SN Ibc,11.02370558861805,9906632443565125,0.047941,,False,-17.986842513830183,0.8019600138057768,decals,0.855,True,SN Ibc,0.947,-18.28907466693653,,0.047941,,0.86,674.C,<https://ziggy.ucolick.org/yse/transient_detail/2025hkl|*YSE-PZ*>,,
ANT20257zzemnkmfa5f,---,---,,,255.0465007,32.52084506130463,19.614622116088867,0.1004040228071971,early_lightgbm_02_2025,svi,SN IIn,49.54181932102969,9907732628902259,0.207271,,False,-20.72445274093211,0.9427214518003592,decals,0.548,True,SN Ibc,0.942,-20.29213908511578,,0.207271,,0.985,674.A,<https://ziggy.ucolick.org/yse/transient_detail/2025ish|*YSE-PZ*>,,
ANT2025p6ppozyiwz82,---,---,,,256.300524,3.2569640921904863,19.81071662902832,2.064782339199155,early_lightgbm_02_2025,svi,SN IIn,,,,,False,,,,0.534,False,,,,,,,1.0,477.C,<https://ziggy.ucolick.org/yse/transient_detail/2025isi|*YSE-PZ*>,,
ANT2025bs2mqxj0flad,2025jpm,---,,,291.0179713556009,37.044559340619934,18.257368087768555,8.060856698131829,full_lightgbm_02_2025,svi,SN IIn,,,,,False,,,,0.593,False,,,,,,,0.732,707.A,<https://ziggy.ucolick.org/yse/transient_detail/2025jpm|*YSE-PZ*>,,
ANT2025izis9yv3xs3s,2025hsr,---,,,149.16979144002516,-4.176257698784553,17.955503463745117,0.3272223628227948,early_lightgbm_02_2025,svi,SLSN-I,0.1732788247428502,9906619852591849,0.703447,,False,-19.71463509941044,0.9979399300503716,decals,1.0,True,SN Ia,0.879,-24.68841324651073,,0.703447,,1.0,423.E,<https://ziggy.ucolick.org/yse/transient_detail/2025hsr|*YSE-PZ*>,,
ANT2025foeio780x4eh,2025idy,---,,,175.3421073397653,-26.578977603116755,17.34117317199707,0.2003724140377016,early_lightgbm_02_2025,svi,SN Ibc,,,,,False,,,,0.937,False,,,,,,,0.99,523.D,<https://ziggy.ucolick.org/yse/transient_detail/2025idy|*YSE-PZ*>,,
ANT20257x2xmyx5s3c2,2025kej,---,,,273.7838590461204,41.36491874535134,14.762127876281738,3.994716839049943,early_lightgbm_02_2025,svi,SLSN-I,0.1465472138754989,9907735277147732,0.692078,,False,-19.17782350272465,0.9999999999999876,decals,0.791,True,SN II,0.93,-27.845899527014915,,0.692078,,1.0,719.D,<https://ziggy.ucolick.org/yse/transient_detail/2025kej|*YSE-PZ*>,,
ANT202563m521ig3c0d,2025idz,---,,,145.40098975571124,-11.45793718630263,18.182491302490234,0.2090300391937489,early_lightgbm_02_2025,svi,SN IIn,,,,,False,,,,0.542,False,,,,,,,0.981,365.E,<https://ziggy.ucolick.org/yse/transient_detail/2025idz|*YSE-PZ*>,,
ANT2025xirqle64z9e9,2025iqz,---,,,233.5086115043255,3.918216452610409,17.816814422607422,0.136009014051524,early_lightgbm_02_2025,svi,SN IIn,,,,,False,,,,0.442,False,,,,,,,0.829,477.C,<https://ziggy.ucolick.org/yse/transient_detail/2025iqz|*YSE-PZ*>,,
ANT2025enk3xe31m0kp,---,---,,,221.47182304019083,-18.2330269400686,18.832481384277344,55.05990963946533,full_lightgbm_02_2025,dynesty,SN Ibc,,,,,False,,,,0.781,False,,,,,,,1.0,719.D,<https://ziggy.ucolick.org/yse/transient_detail/2025dzg|*YSE-PZ*>,,
ANT2025xtf1c7rqceth,2025hxf,SN II,0.0262,,238.27085546308373,20.6357006605609,17.90317726135254,6.1342029186707805,full_lightgbm_02_2025,svi,SN Ibc,,,,,False,,,,0.58,False,SN II,0.643,-17.43299273897691,,0.0262,,1.0,577.B,<https://ziggy.ucolick.org/yse/transient_detail/2025hxf|*YSE-PZ*>,,
ANT2025m789bn9vtpuj,2025izz,---,,,258.0653390645856,38.169361167746914,19.471200942993164,11.263024751038756,full_lightgbm_02_2025,svi,SLSN-I,4.1625360375701455,9907734401782180.0,0.305427,,False,-22.061734129300035,0.6211350730251142,decals,0.45,False,,,,,,,0.766,719.A,<https://ziggy.ucolick.org/yse/transient_detail/2025izz|*YSE-PZ*>,,
ANT2025q30oradsstlz,,,,,216.30416070000004,-7.145912635591401,,,early_lightgbm_02_2025,svi,SLSN-I,2.698392900453975,9906618742539532,0.493685,,False,-20.62834601931648,0.9546243272818182,decals,0.993,True,SN Ia,0.673,,,0.493685,,1.0,719.A,<https://ziggy.ucolick.org/yse/transient_detail/2025kdt|*YSE-PZ*>,,
ANT2025xavmrranlqi3,,,,,251.36158613501985,65.59108368810323,,,early_lightgbm_02_2025,svi,SLSN-I,1.5272802307601847,9907740709488115,0.125205,,False,-17.60981145160539,0.998719522341959,decals,1.0,True,SN Ia,0.814,,,0.125205,,1.0,,<https://ziggy.ucolick.org/yse/transient_detail/2025khl|*YSE-PZ*>,,
ANT2025tdk31m4d460s,,,,,172.31256307709572,-7.1830918491906885,,,early_lightgbm_02_2025,svi,SLSN-I,1.738458968430652,9906618731071794,0.277181,,False,-19.457485310646213,0.9706888906291192,decals,0.996,True,SN Ia,0.532,,,0.277181,,1.0,523.A,<https://ziggy.ucolick.org/yse/transient_detail/2025khg|*YSE-PZ*>,,
ANT2025k8sit7list05,,,,,248.4542614955979,44.8296221119713,,,early_lightgbm_02_2025,svi,SLSN-I,1.2503388989403776,9907736240587172,0.177053,,False,-19.69020845658803,0.9980062919169754,decals,0.999,True,SN Ia,0.733,,,0.177053,,1.0,749.E,<https://ziggy.ucolick.org/yse/transient_detail/2025klk|*YSE-PZ*>,,
ANT20250idgybxckl3j,,,,,130.33408409196898,31.110981623524182,,,full_lightgbm_02_2025,svi,SN IIn,2.2375173371694768,9906632606943814,0.101877,,False,-19.97867489839388,0.9999671529845748,decals,0.997,True,SN IIn,0.589,,,0.101877,,0.997,674.A,<https://ziggy.ucolick.org/yse/transient_detail/2025erl|*YSE-PZ*>,,
ANT2025zhw352rkc9zh,2025jod,---,,,241.22684216412767,-14.989936791117913,18.912078857421875,15.083183627597464,full_lightgbm_02_2025,svi,SN Ibc,,,,,False,,,,0.653,False,,,,,,,0.846,,<https://ziggy.ucolick.org/yse/transient_detail/2025jod|*YSE-PZ*>,,
ANT2025aa8kp8fsum7g,2025efb,---,,,300.5857290585057,-20.23013349983609,19.461700439453125,31.958345627434028,full_lightgbm_02_2025,svi,SN Ibc,,,,,False,,,,0.568,False,,,,,,,0.974,,<https://ziggy.ucolick.org/yse/transient_detail/2025efb|*YSE-PZ*>,,
ANT202532i2knf0ue79,,,,,205.2518035597161,39.05819011735193,,,full_lightgbm_02_2025,dynesty,SLSN-I,8.059498430632132,9907734612609694,0.189447,,False,-20.718106146398306,0.9991953406421472,decals,0.879,True,SN II,0.798,,,0.189447,,1.0,719.A,<https://ziggy.ucolick.org/yse/transient_detail/2025fdq|*YSE-PZ*>,,
ANT2025su2ehc2q9rxl,,,,,225.2169527,6.023039440355731,,,early_lightgbm_02_2025,svi,SN IIn,0.693957135678654,9906623738479292,0.291409,,False,-20.033527794129355,0.9963082136538643,decals,0.811,True,SN Ibc,0.615,,,0.291409,,1.0,468.D,,,
ANT20250loadst79go2,,,,,149.9423064,-6.740580233064051,,,early_lightgbm_02_2025,svi,SN Ibc,,,,,False,,,,0.758,False,,,,,,,0.997,468.A,<https://ziggy.ucolick.org/yse/transient_detail/2025kkv|*YSE-PZ*>,,
ANT2025nxl28tsq8p60,,,,,170.218306,-3.996871999999996,,,early_lightgbm_02_2025,svi,SLSN-I,2.155816182237764,9906619952337945,0.112841,,False,-21.90259531447513,0.7225100964931863,decals,0.521,True,SN II,0.375,,,0.112841,,0.958,423.E,<https://ziggy.ucolick.org/yse/transient_detail/2025kua|*YSE-PZ*>,,
ANT2025h81slr4pb8wi,,,,,302.3637304668113,10.742276513549598,,,full_lightgbm_02_2025,dynesty,SLSN-I,,,,,False,,,,1.0,False,,,,,,,1.0,527.C,<https://ziggy.ucolick.org/yse/transient_detail/2025igx|*YSE-PZ*>,,
ANT2025yr6kzrw3mi9j,,,,,162.901147,17.471579699999992,,,early_lightgbm_02_2025,svi,SN Ibc,,,,,False,,,,0.665,False,,,,,,,0.8220000000000001,575.A,<https://ziggy.ucolick.org/yse/transient_detail/2025kzm|*YSE-PZ*>,,
ANT2025zkrfmb3hqtfo,,,,,224.0637028386837,-5.910372621247376,,,full_lightgbm_02_2025,svi,SLSN-I,1.97454637192193,9906619213679771,0.166519,,False,-18.89893484009598,0.9996303586147056,decals,1.0,True,SN Ia,0.743,,,0.166519,,1.0,401.F,<https://ziggy.ucolick.org/yse/transient_detail/2025iww|*YSE-PZ*>,,
ANT2025cjc0r6p07vts,,,,,153.79505790140905,20.18202216585564,,,full_lightgbm_02_2025,svi,SLSN-I,1.792462080534016,9906628951934871,0.239758,,False,-19.006566679957785,0.993658606520703,decals,1.0,True,SN Ia,0.417,,,0.239758,,1.0,418.B,<https://ziggy.ucolick.org/yse/transient_detail/2025kbi|*YSE-PZ*>,,
ANT2024s65vm4vfter1,,,,,144.08545085399135,23.75011385957383,,,full_lightgbm_02_2025,svi,SN Ibc,,,,,False,,,,0.999,False,,,,,,,1.0,618.A,<https://ziggy.ucolick.org/yse/transient_detail/2024acsd|*YSE-PZ*>,,
ANT20258z5utk4jqcz9,,,,,175.02899251658118,70.37583914939988,,,full_lightgbm_02_2025,svi,SLSN-I,0.8949870411416662,9907741413147797,0.188294,,False,-19.940230547418302,0.9994422946915384,decals,0.998,True,SN Ia,0.691,,,0.188294,,0.998,523.D,<https://ziggy.ucolick.org/yse/transient_detail/2025ita|*YSE-PZ*>,,
ANT20258k94rguo3cjb,,,,,159.86729692002433,78.91579775109695,,,early_lightgbm_02_2025,svi,SLSN-I,0.8510431297447185,9907742264198702,0.264558,,False,-20.210606229948848,0.353564052737031,decals,0.995,True,SN Ia,0.696,,,0.264558,,1.0,418.D,,,
ANT2024cv4sbtxjoi36,,,,,251.7459874883785,58.43313503706166,,,full_lightgbm_02_2025,svi,SN IIn,3.3690742272006884,9907739464829776,0.066919,,False,-17.88620530472841,0.9992578257182858,decals,0.993,True,SN II,0.946,,,0.066919,,1.0,,<https://ziggy.ucolick.org/yse/transient_detail/2024aeds|*YSE-PZ*>,,
ANT2025sabcxhn0tajb,,,,,139.61740175912269,73.76248961581098,,,full_lightgbm_02_2025,svi,SN Ibc,51.64148694170689,9907741790242606,0.102369,,False,-22.06296274752616,0.4596169087684699,decals,0.962,True,SN Ibc,1.0,,,0.102369,,1.0,618.C,<https://ziggy.ucolick.org/yse/transient_detail/2025qe|*YSE-PZ*>,,
ANT2025ozdrlt0uvagj,,,,,244.1921344723391,49.02186030369387,,,full_lightgbm_02_2025,svi,SN Ibc,2.717122035188998,2331432,0.0587921412212708,,False,-19.14000164582284,0.7270573110531033,glade,0.96,False,,,,,,,0.962,749.D,<https://ziggy.ucolick.org/yse/transient_detail/2025ixx|*YSE-PZ*>,,
ANT20255ndze8i4bhy2,,,,,230.96926757748523,5.160000946046452,,,full_lightgbm_02_2025,svi,SN Ibc,4.459211311284833,9906623457986265,0.042381,,False,-17.867883427667547,0.9999999999994482,decals,0.955,True,SN Ia,0.543,,,0.042381,,0.999,468.D,<https://ziggy.ucolick.org/yse/transient_detail/2025hyi|*YSE-PZ*>,,
ANT2025kn64ftqyl697,,,,,243.0992282906652,35.17373375491139,,,full_lightgbm_02_2025,svi,SN Ibc,18.68288212520889,9907733489584204,0.1598,,False,-22.08994245859939,0.7294589885681475,decals,0.914,True,SN Ibc,0.952,,,0.1598,,0.957,674.D,<https://ziggy.ucolick.org/yse/transient_detail/2025ixf|*YSE-PZ*>,,
ANT2025v9a2dolw1b3f,,,,,205.7838973,-19.581171127869965,,,early_lightgbm_02_2025,svi,SN Ibc,,,,,False,,,,0.889,False,,,,,,,0.968,527.F,<https://ziggy.ucolick.org/yse/transient_detail/2025koc|*YSE-PZ*>,,
ANT2024p6c282k35agf,,,,,235.50368257417767,-6.3637156102784616,,,full_lightgbm_02_2025,svi,SN IIn,,,,,False,,,,0.862,False,,,,,,,1.0,401.F,,,
ANT2025u83jecw2w90c,,,,,245.8094714570369,40.92221832082347,,,full_lightgbm_02_2025,svi,SN Ibc,0.877098476722653,9907735200400505,0.052304,,False,-15.958843597512937,0.998922407089001,decals,0.857,True,SN Ibc,0.856,,,0.052304,,1.0,719.D,<https://ziggy.ucolick.org/yse/transient_detail/2025pb|*YSE-PZ*>,,
ANT20253eqonal18miv,,,,,200.2166537,2.29399374110804,,,full_lightgbm_02_2025,svi,SN IIn,1.0638075824921769,9906622319040021,0.058298,,False,-18.19538112471153,0.9997589457468136,decals,0.852,True,SLSN-I,0.916,,,0.058298,,0.905,477.C,,,
ANT2025veld0lihn01m,,,,,280.58102439194874,41.2195857759217,,,early_lightgbm_02_2025,svi,SLSN-I,0.1965441020595981,9907735278521262,0.801332,,False,-20.02081477589466,0.9988202054401404,decals,0.85,True,SN Ia,0.343,,,0.801332,,1.0,719.D,,,
ANT2025yp4rhatwk7i6,,,,,156.51222460166315,-3.415724845027654,,,full_lightgbm_02_2025,svi,SN IIn,6.991803126182072,9906620137276324,0.125164,,False,-16.347685632998374,0.3528403858125166,decals,0.841,True,SN II,0.948,,,0.125164,,1.0,423.E,<https://ziggy.ucolick.org/yse/transient_detail/2025ftr|*YSE-PZ*>,,
ANT2025jqv1nsybpjni,,,,,151.80574341742445,2.9031208122158745,,,full_lightgbm_02_2025,svi,SN Ibc,,,,,False,,,,0.808,False,,,,,,,1.0,477.C,<https://ziggy.ucolick.org/yse/transient_detail/2025aot|*YSE-PZ*>,,
ANT202583cpveuik074,,,,,146.58006595701667,41.550982551887216,,,early_lightgbm_02_2025,svi,SN Ibc,6.134650925633896,2182810,0.0947324293324443,,False,-21.659998871338907,0.9862765370948994,glade,0.806,False,,,,,,,0.982,719.D,<https://ziggy.ucolick.org/yse/transient_detail/2025kko|*YSE-PZ*>,,
ANT2025dnbvgtg4u5o1,2025hpa,SN Ic,0.033692,,166.2656452698552,59.6846974227829,18.272125244140625,35.09852743696683,full_lightgbm_02_2025,svi,SN Ibc,,,,,False,,,,1.0,False,SN Ibc,1.0,-17.614229590039134,,0.033692,,1.0,,<https://ziggy.ucolick.org/yse/transient_detail/2025hpa|*YSE-PZ*>,,
ANT2025nlle4zseqjuz,2025dge,SN II,0.021893,,164.5591629873476,61.39727674769928,17.83298110961914,67.21235843690374,full_lightgbm_02_2025,svi,SN Ibc,1.6274716199341184,9907740022081196.0,0.17087,,False,-18.606536764813004,0.9998347507520652,decals,1.0,True,SN Ibc,0.996,-17.110842448197587,,0.021893,,1.0,,<https://ziggy.ucolick.org/yse/transient_detail/2025dge|*YSE-PZ*>,,
ANT20254vg4nkt5r3f8,2025kbh,SN II,0.02812,,174.1117277880069,-26.444971567557783,17.872745513916016,8.261212636607524,early_lightgbm_02_2025,svi,SN Ibc,,,,,False,,,,0.549,False,SN IIn,0.441,-17.618041503632536,,0.02812,,1.0,523.D,<https://ziggy.ucolick.org/yse/transient_detail/2025kbh|*YSE-PZ*>,,
ANT2025oejgk5a750kb,---,---,,,273.0775390839443,-12.848294449453263,19.81319999694824,24.61293349267362,early_lightgbm_02_2025,dynesty,SLSN-I,,,,,False,,,,0.996,False,,,,,,,1.0,365.E,,,
ANT2025uwrns2mb53u3,2025klq,---,,,250.5056424,-0.2586130498696235,17.69639015197754,18.556046892343147,full_lightgbm_02_2025,svi,SLSN-I,0.1581694983183087,9906621388554396.0,0.979835,,False,-19.94277075992196,0.9999999999999868,decals,0.986,True,SN II,0.952,-25.66744365469948,,0.979835,,0.986,423.B,<https://ziggy.ucolick.org/yse/transient_detail/2025klq|*YSE-PZ*>,,
ANT2025horrkys8e0mj,2025lyf,SN Ia,0.034,,226.32222164573744,-10.303817008818314,17.98699188232422,2.6738014923539595,early_lightgbm_02_2025,svi,SN Ibc,,,,,False,,,,0.944,False,SN Ibc,0.577,-17.919288786188204,,0.034,,0.977,365.E,<https://ziggy.ucolick.org/yse/transient_detail/2025lyf|*YSE-PZ*>,,
ANT2025gpf6wtas4s20,2025kjf,---,,,310.90886262725166,22.920764390567285,19.30770492553711,7.638650992339535,early_lightgbm_02_2025,svi,SN Ibc,,,,,False,,,,0.776,False,,,,,,,0.81,618.A,<https://ziggy.ucolick.org/yse/transient_detail/2025kjf|*YSE-PZ*>,,
ANT2025d55mso6xniz7,2025lzc,---,,,241.15931356518144,49.44618556048801,18.65478706359864,0.6871810927186743,early_lightgbm_02_2025,svi,SN Ibc,19.7594844534166,9907737462048284.0,0.024334,,False,-19.924212746885285,0.9339251138813924,decals,0.771,True,SN Ia,0.722,-16.51992182908393,,0.024334,,1.0,749.D,<https://ziggy.ucolick.org/yse/transient_detail/2025lzc|*YSE-PZ*>,,
ANT2025zji4cmog8qs6,2025kvd,CV,0.0,,303.8224375710279,-12.490715990869065,16.984161376953125,13.550109392417651,full_lightgbm_02_2025,svi,SLSN-I,,,,,False,,,,0.697,False,,,,,,,1.0,365.E,<https://ziggy.ucolick.org/yse/transient_detail/2025kvd|*YSE-PZ*>,,
ANT2025fp3gmfz80sh5,2025mck,---,,,251.1261953549651,24.95748181690168,19.118377685546875,0.6172505923677818,early_lightgbm_02_2025,svi,SLSN-I,1.3897203133777087,9906630632540538.0,0.139899,,False,-22.254897692365297,0.9999999999999828,decals,0.522,True,SN Ibc,0.795,-19.909462395242183,,0.139899,,0.878,618.A,<https://ziggy.ucolick.org/yse/transient_detail/2025mck|*YSE-PZ*>,,
ANT2025ssrtrjbq9jht,---,---,,,333.9808430999999,0.7267676000000591,19.85763931274414,0.1791684719210025,early_lightgbm_02_2025,svi,SLSN-I,0.6206172259612152,9906621787875176,0.85626,,False,-20.36297208560084,0.999999999999982,decals,1.0,True,SLSN-I,0.5,-23.21587767154065,,0.85626,,1.0,468.A,<https://ziggy.ucolick.org/yse/transient_detail/15EYSEcjl|*YSE-PZ*>,,
ANT2024tbh9gc0i8sly,2024addf,---,,,222.32940793459764,10.972046603589163,19.27359962463379,163.09824257189757,full_lightgbm_02_2025,svi,SN IIn,3.0772007048195555,9906625605536492,0.107405,,False,-20.5227597266436,0.9999999999999316,decals,1.0,True,SN IIn,0.981,-19.16638397833204,,0.107405,,1.0,527.C,<https://ziggy.ucolick.org/yse/transient_detail/2024addf|*YSE-PZ*>,,
ANT202533wxa4y7tp1z,2025gyv,---,,,159.60038603843984,68.04026954182743,18.43344116210937,15.293230972107269,early_lightgbm_02_2025,svi,SN IIn,0.9909634835520515,9907741074719392,0.215996,,False,-19.32450655539079,0.9998988661567824,decals,1.0,True,SLSN-I,0.595,-21.565807701854723,,0.215996,,1.0,418.D,<https://ziggy.ucolick.org/yse/transient_detail/2025gyv|*YSE-PZ*>,,
ANT20250hb2beoz62u9,2025mgx,SN Ic,0.091,,242.80350160000003,29.5302278,20.057905197143555,5.32117077181465,early_lightgbm_02_2025,svi,SN Ibc,4.6940271159686695,SDSSJ161113.07+29314,0.0903227844863639,,False,-20.18000260948444,0.8711233044295816,glade,0.966,False,SN Ibc,0.69,-18.01468892491016,,0.091,,1.0,674.C,<https://ziggy.ucolick.org/yse/transient_detail/2025mgx|*YSE-PZ*>,,
ANT2025l2zj8gar89mu,2025kny,SN Ia,0.073,,190.17423339715,-7.655487932404625,18.836715698242188,5.332374472025549,early_lightgbm_02_2025,dynesty,SN Ibc,0.8938437441490569,9906618548356925,0.127446,,False,-21.388803836373768,0.9999970176740096,decals,0.91,True,SN Ibc,0.816,-18.748719775778245,,0.073,,0.982,423.A,<https://ziggy.ucolick.org/yse/transient_detail/2025kny|*YSE-PZ*>,,
ANT2025wtpbqn1r7wp1,2025hjm,SN Ia,0.0308,,323.3995335,1.2623412728705858,17.35324478149414,34.16239767227671,full_lightgbm_02_2025,svi,SN Ibc,2.3617413690053164,9906621973862007,0.036898,,False,-20.920350688864225,0.0002035912586687,decals,0.812,False,SN Ibc,0.777,-18.33667231931125,,0.0308,,0.8140000000000001,468.A,<https://ziggy.ucolick.org/yse/transient_detail/2025hjm|*YSE-PZ*>,,
ANT20257cdzyqiyph5z,2025mxo,---,,,295.1700525,55.73690421696205,17.1903018951416,7.340617517809733,early_lightgbm_02_2025,svi,SLSN-I,,,,,False,,,,0.721,False,,,,,,,0.997,,<https://ziggy.ucolick.org/yse/transient_detail/2025mxo|*YSE-PZ*>,,
ANT20257urjuwn2qgao,---,---,,,329.30027345,54.34441747289956,18.35357093811035,8.140375082562969,early_lightgbm_02_2025,dynesty,SLSN-I,,,,,False,,,,0.524,False,,,,,,,1.0,,,,
ANT2025g1jwukcxy7vm,2025mbn,---,,,173.9637262515913,37.75081369349284,19.40486717224121,0.3899325526435859,early_lightgbm_02_2025,svi,SN IIn,0.9190904467411624,9907734235253810,0.139693,,False,-18.52931216599529,0.999999999999976,decals,0.913,True,SN Ibc,0.993,-19.619688563175213,,0.139693,,0.913,719.A,<https://ziggy.ucolick.org/yse/transient_detail/2025mbn|*YSE-PZ*>,,
ANT2025x78b3r12pwdr,---,---,,,303.64329407930234,25.274001070054737,16.625123977661133,4.241344552312512,full_lightgbm_02_2025,dynesty,SLSN-I,,,,,False,,,,0.784,False,,,,,,,1.0,618.A,,,
ANT2025yt5rwfmyot3m,---,---,,,257.9060359888873,46.98201967760584,20.037731170654297,0.3557543524657376,early_lightgbm_02_2025,svi,SN Ibc,,,,,False,,,,0.723,False,,,,,,,0.881,749.E,,,
ANT2025td02774hgiye,2025nku,---,,,188.2619811444269,16.37674406331668,19.43604278564453,5.734692645848554,early_lightgbm_02_2025,svi,SLSN-I,3.121851066795552,9906627615002972,0.211806,,False,-20.597297610169203,0.9920410203741972,decals,1.0,True,SN Ia,0.906,-20.519260143049067,,0.211806,,1.0,423.A,<https://ziggy.ucolick.org/yse/transient_detail/2025nku|*YSE-PZ*>,,
ANT2025dy66r3vumjcw,2025nav,---,,,263.0678283,63.0570192,19.688995361328125,6.690479745746416,full_lightgbm_02_2025,dynesty,SN Ibc,3.5795708094058782,9907740299103745,0.112005,,False,-21.75106352630553,0.8045706237923687,decals,0.812,True,SN Ibc,0.979,-18.844092919284016,,0.112005,,0.833,,<https://ziggy.ucolick.org/yse/transient_detail/2025nav|*YSE-PZ*>,,
ANT2025x13c3m79yspy,2025mze,---,,,217.94139260476496,73.03393950310652,19.173940658569336,8.353287865153106,full_lightgbm_02_2025,svi,SN Ibc,1.60380562491947,9907741714353729,0.034332,,False,-19.700800877994773,0.999999999999984,decals,1.0,True,SN Ibc,1.0,-16.753618886798634,,0.034332,,1.0,719.A,<https://ziggy.ucolick.org/yse/transient_detail/2025mze|*YSE-PZ*>,,
ANT2025xowppwlmpacm,2025nkn,---,,,218.3782663,70.98719250000002,19.612468719482425,2.3754637653255486,early_lightgbm_02_2025,svi,SN Ibc,1.4432792353621016,9907741479535608,0.088898,,False,-18.27231048350334,0.9999489820133796,decals,0.984,True,SN Ibc,0.954,-18.408398027893604,,0.088898,,0.991,719.D,<https://ziggy.ucolick.org/yse/transient_detail/2025nkn|*YSE-PZ*>,,
ANT2025nohp5ls4uq6z,2025lzg,---,,,251.5766321306094,44.92036160294919,19.49957847595215,4.273820265407267,full_lightgbm_02_2025,svi,SN Ibc,5.885518626695136,3130793.0,0.0739094387450784,,False,-20.659999741710045,0.9999999999999768,glade,0.591,True,SN Ibc,0.841,-18.11318438014644,,0.0739094387450784,,0.944,749.E,<https://ziggy.ucolick.org/yse/transient_detail/2025lzg|*YSE-PZ*>,,
ANT2024ojhmbm6uwyrc,2024zxj,SN II,0.11,,239.2403984817892,19.47485148836093,17.753223419189453,196.07634215735743,full_lightgbm_02_2025,svi,SN IIn,1.6464449587651804,9906628706241877,0.16869,,False,-19.667416798635223,0.9996337512699628,decals,1.0,True,SN IIn,0.883,-20.739754964624915,,0.11,,1.0,577.B,<https://ziggy.ucolick.org/yse/transient_detail/2024zxj|*YSE-PZ*>,,
ANT2025l6ixso7811qr,2025ixn,SN Ia,0.038224,,268.71737156222923,64.7847666324668,17.739469528198242,39.24994165756653,full_lightgbm_02_2025,svi,SN Ibc,23.27659489910993,9907740591850698.0,0.114512,,False,-19.72893146078091,0.3087849030618943,decals,0.997,False,SN Ibc,0.999,-18.42335037460121,,0.038224,,0.997,,<https://ziggy.ucolick.org/yse/transient_detail/2025ixn|*YSE-PZ*>,,
ANT202541d3yleur2l6,2025oes,---,,,211.9894052579583,50.53870106106014,19.962276458740234,4.292257284643711,early_lightgbm_02_2025,svi,SLSN-I,0.2160344268931053,9907737700534700,0.545049,,False,-20.132832827109493,0.9999999999999862,decals,1.0,True,SN Ia,0.682,-22.11592548864917,,0.545049,,1.0,749.D,<https://ziggy.ucolick.org/yse/transient_detail/2025oes|*YSE-PZ*>,,
ANT2024tpdlq46on5ag,2024aeog,---,,,339.94288191234773,-16.156521542833232,18.96116065979004,184.46655128466955,early_lightgbm_02_2025,svi,SN Ibc,,,,,False,,,,0.953,False,,,,,,,0.993,,<https://ziggy.ucolick.org/yse/transient_detail/2024aeog|*YSE-PZ*>,,
ANT2025nnmefvqf46tw,2025nre,---,,,213.51456953267413,45.96484528681236,19.37374687194824,2.2528012845577905,early_lightgbm_02_2025,svi,SN IIn,2.104869560959961,9907736566499102,0.068066,,False,-18.170621616706867,0.9994799773814058,decals,0.596,True,SN Ia,0.781,-18.05730894211698,,0.068066,,1.0,477.C,<https://ziggy.ucolick.org/yse/transient_detail/2025nre|*YSE-PZ*>,,
ANT2025z9c7gy85ftyo,---,---,,,279.94204260369247,-5.784199932165379,18.067081451416016,7.255845752501045,early_lightgbm_02_2025,dynesty,SN IIn,,,,,False,,,,0.545,False,,,,,,,1.0,423.E,,,
ANT20251iu48yebo6ar,2025koz,SN Ic-BL,0.1,,242.323517077418,9.679567200022348,19.04135704040528,29.66661448388913,full_lightgbm_02_2025,svi,SN Ibc,1.3043234516284117,9906625146065893,0.093951,,False,-17.506379496431887,0.9976349106784396,decals,1.0,True,SN Ibc,0.999,-19.24016906414126,,0.1,,1.0,527.C,<https://ziggy.ucolick.org/yse/transient_detail/2025koz|*YSE-PZ*>,,
ANT2025mbf8vi8rmte9,2025eqs,SN Ia,0.016101,,322.3816032398388,27.317808049812804,17.270797729492188,98.5004570836536,full_lightgbm_02_2025,svi,SN Ibc,13.089313235388968,21293149+2719171,0.0161501888526946,,False,-19.516358614940465,0.9181368292179574,glade,1.0,False,SN Ibc,0.992,-17.002541964953544,,0.016101,,1.0,674.C,<https://ziggy.ucolick.org/yse/transient_detail/2025eqs|*YSE-PZ*>,,
ANT2025ipos4w10xuhc,2025aqy,---,,,348.355119,17.651092631094713,18.98885726928711,70.52163758346433,full_lightgbm_02_2025,svi,SN IIn,1.226273570036632,9906628106586470,0.185757,,False,-19.958281806404973,0.9999999999999843,decals,0.999,True,SN IIn,0.63,-20.672349677552948,,0.185757,,1.0,575.A,<https://ziggy.ucolick.org/yse/transient_detail/2025aqy|*YSE-PZ*>,,
ANT2025zkbrxgzuo45q,2025mqc,SN Ib,0.0087,,190.9676593,-0.5609082998514623,17.657611846923828,16.790109783723892,full_lightgbm_02_2025,svi,SN Ibc,19.79332481668106,NGC4653,0.0077568948518267,,False,-19.85003222049025,0.9896921097495393,glade,0.985,True,SN Ibc,0.966,-15.274876518728906,,0.0087,,0.985,423.A,<https://ziggy.ucolick.org/yse/transient_detail/2025mqc|*YSE-PZ*>,,
ANT2025s43tynfd22xv,---,---,,,341.7026108676341,31.98869583609443,19.67582130432129,0.6584662835448398,early_lightgbm_02_2025,svi,SLSN-I,1.1260403459408912,9906632976699805,0.300112,,False,-19.548224997306875,0.9999999999999732,decals,0.902,True,SN Ibc,0.589,-21.06262649617532,,0.300112,,1.0,674.A,<https://ziggy.ucolick.org/yse/transient_detail/2025owm|*YSE-PZ*>,,
ANT20255726k53uljsz,---,---,,,261.76978287307435,39.31094464305584,20.301576614379883,0.1761758397042285,early_lightgbm_02_2025,svi,SLSN-I,0.2735662924917585,9907734697480753,0.669289,,False,-20.002656649133414,0.999999999999984,decals,1.0,True,SLSN-I,0.663,-22.23258319892513,,0.669289,,1.0,719.A,,,
ANT2025l105hk07u87p,2025iew,SN II,0.023,,198.9916614316924,17.165715128217826,17.605289459228516,47.1427268399566,full_lightgbm_02_2025,svi,SN Ibc,18.355984226175423,9906627888877200,0.074677,,False,-16.352604847258217,0.4228556452846165,decals,0.996,True,SN Ibc,0.982,-17.446257485354703,,0.023,,1.0,575.A,<https://ziggy.ucolick.org/yse/transient_detail/2025iew|*YSE-PZ*>,,
ANT20252kd2x2ohf14x,2025nnq,---,,,267.6086993508945,12.1640383490316,19.62240028381348,14.216141140059335,full_lightgbm_02_2025,svi,SN IIn,,,,,False,,,,0.593,False,,,,,,,0.887,527.F,<https://ziggy.ucolick.org/yse/transient_detail/2025nnq|*YSE-PZ*>,,
ANT2025rtjhdpcsbhn6,---,---,,,341.25847052687635,10.2907311191844,20.27549934387207,9.098849540081574,early_lightgbm_02_2025,svi,SN Ibc,5.304495697789197,9908824380932928,0.111759,,False,-21.143653747671213,0.9999999999999688,decals,0.521,True,SN Ibc,0.69,-18.25270592625979,,0.111759,,0.983,527.C,,,
ANT2025m7jszxyvb274,2025oaw,---,,,287.45785693021105,23.42099487156944,17.111177444458008,10.24286849964119,full_lightgbm_02_2025,dynesty,SN IIn,,,,,False,,,,0.545,False,,,,,,,1.0,618.A,<https://ziggy.ucolick.org/yse/transient_detail/2025oaw|*YSE-PZ*>,,
ANT20250g3rsxi8dhe3,2024aelk,AGN,0.12,,187.3112657,25.68852229999999,19.16790580749512,155.26106902713946,full_lightgbm_02_2025,svi,SN IIn,1.097835191565032,9906630873581480,0.116942,,False,-19.7083579632042,0.9998771274771332,decals,1.0,True,SN IIn,0.973,-19.518390614648062,,0.12,,1.0,618.A,<https://ziggy.ucolick.org/yse/transient_detail/2024aelk|*YSE-PZ*>,,
ANT20256c5arlnwu1ph,2025nyr,---,,,193.07625166705847,15.377058925256875,18.565385818481445,0.5565204274753341,early_lightgbm_02_2025,svi,SLSN-I,0.6797994093053176,9906627252914384,0.676771,,False,-20.45701941339794,0.999999999999965,decals,1.0,True,SN Ia,0.692,-23.99331682786933,,0.676771,,1.0,423.D,<https://ziggy.ucolick.org/yse/transient_detail/2025nyr|*YSE-PZ*>,,
ANT2025itfbd71ytc36,2025bco,SN II,0.036,,198.9304659452804,-0.4718305499511217,15.79794979095459,92.32900882734975,full_lightgbm_02_2025,svi,SN IIn,1.82791971430848,1142503,0.0363386370446518,,False,-18.500002664975373,0.7744076428527233,glade,1.0,False,SN IIn,0.802,-20.233518548185497,,0.036,,1.0,423.B,<https://ziggy.ucolick.org/yse/transient_detail/2025bco|*YSE-PZ*>,,
ANT2025m4lbtc7mhpg2,2025nso,---,,,194.30205621149267,-4.402845258414416,18.50842666625977,0.5532218272710452,early_lightgbm_02_2025,svi,SLSN-I,5.572083897135037,9906619770274170,0.140331,,False,-19.58031141472033,0.5400280259626585,decals,1.0,True,SN Ia,0.929,-20.52628555267956,,0.140331,,1.0,423.E,<https://ziggy.ucolick.org/yse/transient_detail/2025nso|*YSE-PZ*>,,
ANT2025xphuse50lmmu,2025mlb,SN II,0.041,,213.63203726171545,-10.703579949344617,18.81098365783692,16.506288927412243,full_lightgbm_02_2025,svi,SN Ibc,14.958839090881424,50864,0.0438515357757754,,False,-21.910004604843166,0.999999999999964,glade,0.999,False,SN Ibc,1.0,-17.50554293654208,,0.041,,0.999,477.C,<https://ziggy.ucolick.org/yse/transient_detail/2025mlb|*YSE-PZ*>,,
ANT2025imb6lh4fk9kw,2025hkd,SN Ia,0.031,,194.5125812465381,9.72333629011102,19.039306640625,15.459957927363575,full_lightgbm_02_2025,dynesty,SN Ibc,3.3759457794910106,9906625133741341,0.034106,,False,-19.11293761466952,0.9999757117233324,decals,0.996,True,SN Ibc,1.0,-16.664773403704082,,0.031,,1.0,527.C,<https://ziggy.ucolick.org/yse/transient_detail/2025hkd|*YSE-PZ*>,,
ANT2025nmvunvl6zcog,2025out,---,,,194.5031640377476,31.175902505013163,19.55451393127441,5.474599127090187,early_lightgbm_02_2025,svi,SN Ibc,11.418984870945993,44363,0.05239668962929,,False,-21.610001813871914,0.9999999999999704,glade,0.987,True,SN Ibc,0.979,-17.300535395012865,,0.05239668962929,,1.0,423.D,<https://ziggy.ucolick.org/yse/transient_detail/2025out|*YSE-PZ*>,,
ANT20256u5tpotzbthr,2025npc,SN Ic,0.024047,,186.0589604516456,7.954969993814089,18.63751983642578,6.50177502715087,early_lightgbm_02_2025,svi,SN Ibc,6.832008540515939,IC3271,0.0227600150391606,,False,-20.592142411855924,0.999999999999986,glade,0.986,False,SN Ibc,0.994,-16.511268425807355,,0.024047,,1.0,Virgo.B,<https://ziggy.ucolick.org/yse/transient_detail/2025npc|*YSE-PZ*>,,
ANT2025cgr4up8erigu,2025jqx,SN II,0.08332,,195.00706265226265,28.424642265508545,18.88437271118164,11.559807427125634,full_lightgbm_02_2025,svi,SN IIn,2.6107653508010107,9906631800786762,0.104449,,False,-19.558898131092352,0.9997260510326602,decals,0.907,True,SLSN-I,0.727,-18.993153424678045,,0.08332,,0.912,674.C,<https://ziggy.ucolick.org/yse/transient_detail/2025jqx|*YSE-PZ*>,,
ANT2025p54aeuilllxs,2025nqb,SN Ic,0.015109,,187.9181616,3.927078949249804,18.01448440551757,0.5195065274747321,early_lightgbm_02_2025,svi,SN Ibc,8.110126655057371,NGC4496B,0.0141250568980155,,False,-19.552088846803606,0.9597786380311708,glade,0.862,True,SN Ibc,0.68,-16.12021328422739,,0.015109,,1.0,423.A,<https://ziggy.ucolick.org/yse/transient_detail/2025nqb|*YSE-PZ*>,,
ANT2025gqfhxy3022w9,2025few,SN Ib,0.025,,188.33676185231903,27.10959375593653,16.860641479492188,11.563256527195335,full_lightgbm_02_2025,svi,SN Ibc,4.188635469731832,SDSSJ123320.65+27063,0.0258080496195997,,False,-17.480004905361156,0.6106134472440377,glade,0.611,False,SN II,0.833,-18.37306529898157,,0.025,,1.0,423.A,<https://ziggy.ucolick.org/yse/transient_detail/2025few|*YSE-PZ*>,,
ANT2025mxvcewdu74c1,2025nzc,---,,,219.71570369810684,10.241169366796427,18.75272750854492,6.219063519980409,early_lightgbm_02_2025,dynesty,SLSN-I,4.095296311232904,9906625326287337,0.219053,,False,-19.71375017968178,0.6682268638584364,decals,0.995,True,SN II,0.962,-21.278056342638987,,0.219053,,1.0,527.C,<https://ziggy.ucolick.org/yse/transient_detail/2025nzc|*YSE-PZ*>,,
ANT20255zwcgz0rg87p,2025ozo,---,,,290.09865821424137,70.3090100497163,19.26794815063477,0.1916908202838385,early_lightgbm_02_2025,svi,SLSN-I,0.264099518665174,9907741391458703,0.791323,,False,-20.14861464860213,0.9999999999999892,decals,0.99,True,SN II,0.719,-23.63402141964368,,0.791323,,1.0,,<https://ziggy.ucolick.org/yse/transient_detail/2025ozo|*YSE-PZ*>,,
ANT2025ldrjm81m3fdx,2025ngk,---,,,224.924225691118,50.90982057722064,19.111591339111328,2.2469339203234995,early_lightgbm_02_2025,svi,SLSN-I,0.5599723795875854,9907737822496872,0.238145,,False,-19.29423911321885,0.9999999999999916,decals,0.978,True,SN Ibc,0.409,-21.106815822781066,,0.238145,,1.0,749.D,<https://ziggy.ucolick.org/yse/transient_detail/2025ngk|*YSE-PZ*>,,
ANT2025r29dypmmtjfz,2025nop,---,,,328.9527169016108,30.59163326941443,19.163959503173828,5.241146820146241,early_lightgbm_02_2025,svi,SN Ibc,,,,,False,,,,0.908,False,,,,,,,0.913,674.C,<https://ziggy.ucolick.org/yse/transient_detail/2025nop|*YSE-PZ*>,,
ANT2025kg74qj2kx9vf,2025gvs,SN II,0.007165,,237.59751634056192,25.919466175990635,15.565068244934082,47.189572819988825,full_lightgbm_02_2025,svi,SN IIn,30.66470264043544,9906630970509329,0.073182,,False,-19.14132170198712,0.4108649997057215,decals,0.818,True,SN IIn,1.0,-16.945027737624006,,0.007165,,1.0,618.A,<https://ziggy.ucolick.org/yse/transient_detail/2025gvs|*YSE-PZ*>,,
ANT2025tnfbot0zsh8n,2025oxe,---,,,252.48862860000003,28.49903790086609,19.299596786499023,0.2469455199461663,early_lightgbm_02_2025,svi,SN IIn,3.647972639441064,9906631814088460,0.10345,,False,-21.58292156657225,0.9117533644872202,decals,0.682,True,SLSN-I,0.697,-19.057143422344243,,0.10345,,0.945,674.C,<https://ziggy.ucolick.org/yse/transient_detail/2025oxe|*YSE-PZ*>,,
ANT2025q08uajwyl8kb,2025fmr,SN Ib,0.04,,232.3122427,80.78211194618913,17.711862564086914,49.25583880274644,full_lightgbm_02_2025,svi,SN IIn,5.81374283716168,9907742385374386.0,0.077116,,False,-19.52515940323222,0.9728912989343456,decals,0.999,True,SN IIn,0.994,-18.550517015721,,0.04,,1.0,,<https://ziggy.ucolick.org/yse/transient_detail/2025fmr|*YSE-PZ*>,,
ANT2025gufo1p55ngt2,2025oat,---,,,279.97182423564936,12.344129804783025,17.599668502807617,23.122366602729016,full_lightgbm_02_2025,svi,SLSN-I,,,,,False,,,,0.88,False,,,,,,,1.0,527.F,<https://ziggy.ucolick.org/yse/transient_detail/2025oat|*YSE-PZ*>,,
ANT202529y4yemeg97y,2024vau,---,,,237.9452396807833,-26.64921751214213,18.84149932861328,18.28522540276026,early_lightgbm_02_2025,svi,SLSN-I,,,,,False,,,,0.687,False,,,,,,,1.0,,<https://ziggy.ucolick.org/yse/transient_detail/2024vau|*YSE-PZ*>,,
ANT20254502eay5gglv,---,---,,,241.69947843719348,20.697813891785728,19.92009925842285,8.288975988572929,early_lightgbm_02_2025,svi,SLSN-I,2.0635362708204785,9906629150572753,0.694744,,False,-21.131262610490065,0.9999999999999768,decals,1.0,True,SN Ia,0.629,-22.696400183720822,,0.694744,,1.0,577.B,,,
ANT2025v9kqik8xlyvw,2025pbt,---,,,222.6658091,-5.654487930102263,19.5930118560791,2.291545388347004,early_lightgbm_02_2025,svi,SLSN-I,2.132116563102748,9906619307268738,0.415395,,False,-20.028431396290863,0.9988063577335216,decals,1.0,True,SN Ia,0.542,-21.876710436775564,,0.415395,,1.0,423.E,<https://ziggy.ucolick.org/yse/transient_detail/2025pbt|*YSE-PZ*>,,
ANT20256izq4zhvcuhc,2025nrd,---,,,228.1670769500002,-4.770281384301072,19.27882957458496,4.293559288664255,early_lightgbm_02_2025,svi,SLSN-I,0.7156327196512821,9906619685012556,0.302194,,False,-19.233587006379054,0.9957073754156788,decals,1.0,True,SN Ia,0.638,-21.47517514134245,,0.302194,,1.0,423.E,<https://ziggy.ucolick.org/yse/transient_detail/2025nrd|*YSE-PZ*>,,
ANT2025bsis666p200d,2025eqe,SLSN-II,0.127,,240.2758757,-0.0438864000214209,18.4742431640625,70.13148748833919,full_lightgbm_02_2025,svi,SN IIn,,,,,False,,,,1.0,False,SN IIn,0.992,-20.33816185808177,,0.127,,1.0,423.B,<https://ziggy.ucolick.org/yse/transient_detail/2025eqe|*YSE-PZ*>,,
ANT2025y1re24244p31,2025org,---,,,225.6012289067512,26.87719033681089,19.57219886779785,8.21568888850743,early_lightgbm_02_2025,svi,SLSN-I,0.4230850941167816,9906631306056651,0.59096,,False,-19.353474483355555,0.8634496470533106,decals,0.998,True,SN Ia,0.771,-22.68612188777169,,0.59096,,1.0,618.B,<https://ziggy.ucolick.org/yse/transient_detail/2025org|*YSE-PZ*>,,
ANT20256qqa5axr4b7l,2025mhx,SN Iax[02cx-like],0.04,,279.65850453642764,62.52666486545439,17.533599853515625,14.260908788593952,full_lightgbm_02_2025,svi,SN Ibc,,,,,False,,,,0.957,False,SN Ibc,1.0,-18.728779726292288,,0.04,,0.957,,<https://ziggy.ucolick.org/yse/transient_detail/2025mhx|*YSE-PZ*>,,
ANT2025o4qkvmhptm2k,2025lib,---,,,238.4427707121365,16.299618850088905,19.18084144592285,27.21412638860056,full_lightgbm_02_2025,svi,SLSN-I,1.2160001844623702,9906627537014952,0.475955,,False,-19.61474767377115,0.9286048512901804,decals,0.855,True,SN Ibc,0.502,-22.59425993856093,,0.475955,,1.0,575.A,<https://ziggy.ucolick.org/yse/transient_detail/2025lib|*YSE-PZ*>,,
ANT2025jvmdpw48467n,2025obr,---,,,254.95640633616893,74.06957236179919,18.4627628326416,0.1509726626609335,early_lightgbm_02_2025,svi,SLSN-I,0.9526385365997,9907741825106926,0.237167,,False,-19.14248594842857,0.93705094195734,decals,1.0,True,SN Ia,0.958,-21.74640060069166,,0.237167,,1.0,,<https://ziggy.ucolick.org/yse/transient_detail/2025obr|*YSE-PZ*>,,
ANT20251ox8zmihbglk,2025dke,SN IIn,0.0558,,214.8415533,-1.7857065000000034,17.035099029541016,71.1517365627733,full_lightgbm_02_2025,svi,SN IIn,23.4112476909734,9906620812953900.0,0.161038,,False,-19.333803432130235,0.7161568162433812,decals,1.0,False,SN IIn,1.0,-19.95833856015762,,0.0558,,1.0,719.A,<https://ziggy.ucolick.org/yse/transient_detail/2025dke|*YSE-PZ*>,,
ANT2025yqy4vtfltvk4,2025ino,SN IIb,0.019,,208.6455612864368,38.44782348737548,18.132518768310547,55.08947956252814,full_lightgbm_02_2025,svi,SN Ibc,6.793042545877356,NGC5361,0.0181597015642947,,False,-19.6843113993274,0.9342477404174288,glade,1.0,False,SN Ibc,0.984,-16.50194289818203,,0.019,,1.0,719.A,<https://ziggy.ucolick.org/yse/transient_detail/2025ino|*YSE-PZ*>,,
ANT20259109qbvyl7mk,2025nkm,---,,,211.1132579657842,61.3795700536852,18.8830680847168,14.323831462934322,full_lightgbm_02_2025,svi,SLSN-I,0.2090747016137456,9907740027914530,0.185609,,False,-18.867517658978,0.9999999999999936,decals,1.0,True,SN Ia,0.77,-20.77635432565543,,0.185609,,1.0,,<https://ziggy.ucolick.org/yse/transient_detail/2025nkm|*YSE-PZ*>,,
ANT2025wgchnod6nnl6,2025myx,---,,,305.7595297668568,63.50080416632977,19.26253700256348,25.17640086280153,full_lightgbm_02_2025,svi,SN Ibc,,,,,False,,,,0.999,False,,,,,,,0.999,,<https://ziggy.ucolick.org/yse/transient_detail/2025myx|*YSE-PZ*>,,
ANT20250qqt7uaiyai7,2025mpf,---,,,244.11341978383567,39.65218920968748,19.599937438964844,24.23966476291389,full_lightgbm_02_2025,svi,SLSN-I,0.4222943385190277,9907734839823206,0.624425,,False,-19.71088901362304,0.999999999999977,decals,0.994,True,SN Ia,0.954,-22.78068141808129,,0.624425,,1.0,719.A,<https://ziggy.ucolick.org/yse/transient_detail/2025mpf|*YSE-PZ*>,,
ANT2025gw30l4sfrdj5,2025osb,---,,,200.91761464811967,64.65020838202354,18.930837631225582,0.2898846628886531,early_lightgbm_02_2025,svi,SN Ibc,5.260191044409704,2670262,0.0376656855897441,,False,-18.71000404999957,0.999999999999984,glade,0.982,False,,,,,,,0.996,527.C,<https://ziggy.ucolick.org/yse/transient_detail/2025osb|*YSE-PZ*>,,
ANT20259k5br2epunvk,2025lsl,---,,,247.3555804351098,37.83420830890052,19.797069549560547,31.125799062829174,full_lightgbm_02_2025,svi,SLSN-I,32.01022296627026,9907734250523680.0,0.602667,,False,-22.68867955906142,0.9456193527253792,decals,0.966,True,SN IIn,0.845,-22.50484300606952,,0.602667,,1.0,719.A,<https://ziggy.ucolick.org/yse/transient_detail/2025lsl|*YSE-PZ*>,,
ANT202503aw3uihp6a8,2025odn,---,,,211.9584782092521,7.97890415987429,19.27028465270996,5.196018962822564,early_lightgbm_02_2025,svi,SLSN-I,2.5884485147545573,9906624485003833,1.317445,,False,-21.515719929079705,0.9999999999616406,decals,0.905,True,SN II,0.882,-24.71562363595132,,1.317445,,1.0,Virgo.B,<https://ziggy.ucolick.org/yse/transient_detail/2025odn|*YSE-PZ*>,,
ANT2025qovx6bx5och4,---,---,,,214.5133149096516,32.758966217348174,19.8331298828125,2.2688429627378355,early_lightgbm_02_2025,svi,SLSN-I,2.2249505355217845,9907732699612242,1.082679,,False,-20.082917641503304,0.9999999998940512,decals,0.679,True,SN Ibc,0.555,-23.74297433737739,,1.082679,,1.0,719.A,,,
ANT2025xfc2gz2cg4jj,---,---,,,334.418172345633,30.91650914039989,20.02957344055176,2.1098745980198146,early_lightgbm_02_2025,svi,SLSN-I,0.4143503178148038,9906632652882772,0.76001,,False,-20.056534482570736,0.9999999999999508,decals,1.0,True,SN Ia,0.76,-22.78414184209178,,0.76001,,1.0,674.A,,,
ANT20251sq59q8nblul,2025pjz,---,,,337.59368624604457,8.67517045895977,19.75252151489257,0.1622819977710605,early_lightgbm_02_2025,svi,SLSN-I,2.246604949749208,9906624797935531,0.297073,,False,-19.61069165733073,0.9999999999995954,decals,1.0,True,SN Ia,0.788,-20.96302443002824,,0.297073,,1.0,527.C,<https://ziggy.ucolick.org/yse/transient_detail/2025pjz|*YSE-PZ*>,,
ANT2025hzc1lndgxqr9,2025nmk,SN Ib,0.032389,,241.6653462,-2.3569927703596107,18.726612091064453,10.19921489785338,full_lightgbm_02_2025,svi,SN Ibc,11.24082413083604,16063911-0221325,0.0324790884171751,,False,-21.13000366022584,0.9999999999999708,glade,0.999,False,SN Ibc,0.983,-17.073396176298463,,0.032389,,0.999,423.B,<https://ziggy.ucolick.org/yse/transient_detail/2025nmk|*YSE-PZ*>,,
ANT2025mmevyfsbhu9o,2025odj,---,,,215.74990859999747,36.05925052043226,19.27534866333008,2.2753838978605927,early_lightgbm_02_2025,svi,SN Ibc,4.946151769446225,2074268,0.0980670426400877,,False,-20.520001425254243,0.9999999999999232,glade,0.995,False,,,,,,,1.0,719.A,<https://ziggy.ucolick.org/yse/transient_detail/2025odj|*YSE-PZ*>,,
ANT20255ozfhwfld3st,---,---,,,233.12997087848336,60.69802791007884,19.177040100097656,0.2929995980011881,early_lightgbm_02_2025,svi,SLSN-I,3.2714804880930943,9907739893434267,0.194787,,False,-20.03812669291671,0.999999999999952,decals,0.99,True,SN Ia,0.91,-20.590479675446343,,0.194787,,1.0,,,,
ANT2025qaen0uq3g51t,2025jyl,SN II,0.034033,,339.68887620521224,37.59928403382537,18.088584899902344,58.063092198026425,full_lightgbm_02_2025,svi,SN Ibc,13.406829730255737,UGC12131,0.0345882075618042,,False,-21.59000352293184,0.9603546699639582,glade,0.989,False,SN Ibc,0.876,-17.81982004561594,,0.034033,,1.0,719.A,<https://ziggy.ucolick.org/yse/transient_detail/2025jyl|*YSE-PZ*>,,
ANT2025ad1l2tfqkg5t,2025hml,---,,,340.0015775798572,19.58786683139997,17.872867584228516,87.04185379789124,full_lightgbm_02_2025,svi,SN Ibc,2.0194186369680565,9906628731210089,0.027925,,False,-18.43555635026568,0.8947642272050287,decals,0.987,True,SN Ibc,0.909,-17.60270265982084,,0.027925,,1.0,577.B,<https://ziggy.ucolick.org/yse/transient_detail/2025hml|*YSE-PZ*>,,
ANT20254jqi345kbl4h,2025nqv,---,,,245.29056271522785,26.02823447367724,19.250871658325195,16.25015239817003,full_lightgbm_02_2025,svi,SLSN-I,0.1676564289268987,9906630972342607,1.11404,,False,-20.32705485563849,0.999999999999986,decals,0.939,True,SN IIn,0.679,-24.38550462380001,,1.11404,,0.939,618.A,<https://ziggy.ucolick.org/yse/transient_detail/2025nqv|*YSE-PZ*>,,
ANT20255n2z708rfthq,2025mcq,---,,,241.8004785067237,26.320650601797794,19.28089904785156,24.28563849794591,full_lightgbm_02_2025,svi,SLSN-I,0.6629676025796348,9906631056360053,0.917422,,False,-20.844798320020544,0.9989261286008944,decals,0.918,True,SN II,0.928,-23.941684510483192,,0.917422,,1.0,618.B,<https://ziggy.ucolick.org/yse/transient_detail/2025mcq|*YSE-PZ*>,,
ANT2025f0fa1d74s8uu,2025ngj,---,,,230.12880537712533,32.69589972108544,19.23245048522949,14.236298198149598,full_lightgbm_02_2025,svi,SN Ibc,4.787981408716454,SDSSJ152030.87+32414,0.1101593771988592,,False,-20.969999998116045,0.9999999999999746,glade,0.814,True,SN Ibc,1.0,-19.263742448768458,,0.1101593771988592,,0.8140000000000001,674.A,<https://ziggy.ucolick.org/yse/transient_detail/2025ngj|*YSE-PZ*>,,
ANT2025vznosg3ebcmc,2025owb,---,,,217.578546033305,59.76359880187685,19.766855239868164,0.2565296979519189,early_lightgbm_02_2025,svi,SLSN-I,5.348888895275471,9907739703313136,0.217085,,False,-21.554625616041267,0.9999999999989002,decals,0.557,True,SLSN-I,0.809,-20.24367761714149,,0.217085,,0.937,719.A,<https://ziggy.ucolick.org/yse/transient_detail/2025owb|*YSE-PZ*>,,
ANT2025mwv4k56x26l1,2025etv,---,,,219.122464328069,36.00546109182362,18.43553352355957,104.19618249804626,full_lightgbm_02_2025,svi,SN IIn,1.029958503094283,9907733715095889,0.081294,,False,-17.726628660107824,0.9998396953476052,decals,0.515,True,SN II,1.0,-19.3875754307399,,0.081294,,1.0,719.D,<https://ziggy.ucolick.org/yse/transient_detail/2025etv|*YSE-PZ*>,,
ANT20257dcy3d38rfuc,2025hcj,---,,,288.8659181917424,54.07483206480358,18.70322036743164,86.10553822218208,full_lightgbm_02_2025,svi,SN IIn,1.3917971591790284,9907738524123488,0.114522,,False,-18.3322153475418,0.7292497004517656,decals,0.875,True,SN II,1.0,-19.87923163215532,,0.114522,,1.0,,<https://ziggy.ucolick.org/yse/transient_detail/2025hcj|*YSE-PZ*>,,
ANT2025hvhpptt8dc89,2025nzg,---,,,328.554101,-13.117914022010638,19.6250228881836,17.157505822076928,full_lightgbm_02_2025,svi,SN Ibc,0.6072345224937158,9906616632936438,0.695469,,False,-20.14035517052418,0.9999999999999184,decals,0.869,True,SN Ibc,0.825,-22.99377447762644,,0.695469,,0.979,,<https://ziggy.ucolick.org/yse/transient_detail/2025nzg|*YSE-PZ*>,,
ANT2025vz463kui3jv1,---,---,,,330.5999633,-0.8659102984013174,20.090621948242188,14.207691021903884,full_lightgbm_02_2025,svi,SN Ibc,0.5599303879398246,9906621220785732,0.093866,,False,-16.65444117195442,0.7786523730911001,decals,0.774,True,SN Ibc,0.741,-18.05063507383057,,0.093866,,0.992,423.B,,,
ANT2025k2frof28cu6p,2025qdt,---,,,294.9296641519836,-2.848528608373229,18.688007354736328,8.203177122108173,full_lightgbm_02_2025,svi,SLSN-I,,,,,False,,,,0.718,False,,,,,,,0.982,423.E,<https://ziggy.ucolick.org/yse/transient_detail/2025qdt|*YSE-PZ*>,,
ANT20254asot065emth,2025myy,---,,,340.3981486,-5.460510585536738,19.41110038757324,25.15620952210156,full_lightgbm_02_2025,svi,SLSN-I,0.7874766004019764,9906619431981712,0.211426,,False,-18.909724898054044,0.999999999999926,decals,0.641,True,SN Ibc,0.797,-20.54017465001244,,0.211426,,0.991,423.E,<https://ziggy.ucolick.org/yse/transient_detail/2025myy|*YSE-PZ*>,,
ANT2025ydzlq3e675yo,2025owr,---,,,338.8980834,-20.35293313712077,20.05801773071289,11.09564242203487,early_lightgbm_02_2025,svi,SN Ibc,,,,,False,,,,0.61,False,,,,,,,0.995,,<https://ziggy.ucolick.org/yse/transient_detail/2025owr|*YSE-PZ*>,,
ANT2025j04hjdfkg4g5,2025obf,SN Ic,0.037162,,318.1793483429031,-23.14808053171025,18.818687438964844,12.063551762665156,full_lightgbm_02_2025,dynesty,SN Ibc,8.26438500867626,ESO530-023,0.0368307948521164,,False,-20.959999874778564,0.9473339782566564,glade,1.0,True,SN Ibc,1.0,-17.282382906742235,,0.037162,,1.0,,<https://ziggy.ucolick.org/yse/transient_detail/2025obf|*YSE-PZ*>,,
ANT20257encb05nkzq8,2025qfi,---,,,311.9492371,-1.7442673999999982,19.5267276763916,7.160866562800948,early_lightgbm_02_2025,svi,SN Ibc,2.565240341442044,9906620838385927,0.073733,,False,-19.04910807217329,0.9999999999999608,decals,0.994,True,SN Ibc,0.963,-18.080759476675286,,0.073733,,1.0,423.B,<https://ziggy.ucolick.org/yse/transient_detail/2025qfi|*YSE-PZ*>,,
ANT2025cg867nopf7zr,2025oxu,---,,,315.2139835279586,-20.89006189618489,19.48929977416992,12.063551762665156,full_lightgbm_02_2025,svi,SN Ibc,,,,,False,,,,0.988,False,,,,,,,1.0,,<https://ziggy.ucolick.org/yse/transient_detail/2025oxu|*YSE-PZ*>,,
ANT20254g3flw64op17,---,---,,,315.3593761,-18.526542600000013,20.24679946899414,9.20423466252396,early_lightgbm_02_2025,dynesty,SN IIn,,,,,False,,,,0.808,False,,,,,,,1.0,,,,
ANT2025k0l7gudyd4qc,2025pgh,---,,,294.03972706239784,12.151641748985412,17.47258949279785,12.10122536268318,early_lightgbm_02_2025,svi,SLSN-I,,,,,False,,,,0.668,False,,,,,,,0.998,527.F,<https://ziggy.ucolick.org/yse/transient_detail/2025pgh|*YSE-PZ*>,,
ANT2025vyihbl1dupmu,---,---,,,284.9336779528991,71.07230481447846,20.076391220092773,2.171989262627904,early_lightgbm_02_2025,svi,SN Ibc,11.696381820924476,9907741485238945,0.127246,,False,-18.392706233684784,0.9999999999901388,decals,0.54,True,SN Ibc,0.77,-18.74032020451499,,0.127246,,0.8180000000000001,,,,
ANT2025v6ale8q6a4p6,2025brg,SN II,0.13,,266.7873101379205,17.22901803389348,18.561500549316406,139.97736579850607,full_lightgbm_02_2025,svi,SN IIn,2.4787006067359343,9906627905915060.0,0.106899,,False,-20.75833502845111,0.9999719479740352,decals,1.0,True,SN IIn,0.976,-20.302870191483905,,0.13,,1.0,575.A,<https://ziggy.ucolick.org/yse/transient_detail/2025brg|*YSE-PZ*>,,
ANT2025m46r9upihtkr,2025nse,---,,,267.5530825054348,14.571282109457144,18.88949966430664,12.19343059854873,full_lightgbm_02_2025,svi,SN Ibc,1.4781136241668231,9906626906757052,0.051164,,False,-20.24996691457993,0.9986388269173072,decals,0.999,True,SN Ibc,0.918,-17.91322026942202,,0.051164,,0.999,527.F,<https://ziggy.ucolick.org/yse/transient_detail/2025nse|*YSE-PZ*>,,
ANT2025lom9b8arrila,2025naj,---,,,266.3094774389361,53.27875041474724,19.391088485717773,18.190422010127804,full_lightgbm_02_2025,svi,SN Ibc,4.290992171315653,9907738352159513,0.048028,,False,-16.620134055008823,0.9556256337340848,decals,1.0,True,SN Ibc,1.0,-17.27266343000762,,0.048028,,1.0,749.F,<https://ziggy.ucolick.org/yse/transient_detail/2025naj|*YSE-PZ*>,,
ANT20256nlwgq55t0vi,2025pla,---,,,257.7369925177021,27.27244062070721,19.240516662597656,0.2574938102479791,early_lightgbm_02_2025,svi,SN Ibc,1.214141792586762,9906631397675540,0.080865,,False,-20.14400744415692,0.6713478962687716,decals,0.929,True,SN Ibc,0.979,-18.57089816370281,,0.080865,,0.929,618.B,<https://ziggy.ucolick.org/yse/transient_detail/2025pla|*YSE-PZ*>,,
ANT2025ddxkskps50o5,2025osz,---,,,298.1497473762338,46.81046138296004,19.58625030517578,2.2161561882821843,early_lightgbm_02_2025,svi,SLSN-I,,,,,False,,,,0.707,False,,,,,,,0.967,749.E,<https://ziggy.ucolick.org/yse/transient_detail/2025osz|*YSE-PZ*>,,
ANT20258m7sc7nojqei,2025omy,CV,,,293.47522811115186,42.33359324204323,14.080777168273926,18.21608678845223,full_lightgbm_02_2025,svi,SLSN-I,,,,,False,,,,0.618,False,,,,,,,1.0,719.D,<https://ziggy.ucolick.org/yse/transient_detail/2025omy|*YSE-PZ*>,,
ANT2025ejircr6stbj7,2025ovm,---,,,348.2466365,-0.2526840999999962,19.276212692260746,9.086242361256154,early_lightgbm_02_2025,svi,SLSN-I,0.4030767052200183,9906621414122575,0.248441,,False,-18.364360036226216,0.9999999999999838,decals,1.0,True,SN Ia,0.795,-21.03729153308139,,0.248441,,1.0,423.B,<https://ziggy.ucolick.org/yse/transient_detail/2025ovm|*YSE-PZ*>,,
ANT20258ir1gu782680,2025pks,SN Ia,0.036,,321.37726696655926,20.50403466834264,18.03618431091309,2.168291061447235,early_lightgbm_02_2025,svi,SN Ibc,5.439554244970424,9906629081761032,0.049201,,False,-21.395371576418235,0.9999746313139412,decals,0.926,True,SN Ibc,0.966,-17.995284028227,,0.036,,0.927,577.B,<https://ziggy.ucolick.org/yse/transient_detail/2025pks|*YSE-PZ*>,,
ANT202556cj91m6kc9m,2025ozp,---,,,276.2803173999923,61.94312350000108,18.724817276000977,4.17345306117204,early_lightgbm_02_2025,svi,SN Ibc,2.951334494088944,9907740125760883,0.082151,,False,-18.417706204548946,0.9999999999999776,decals,0.811,True,SN II,0.966,-19.121471578887693,,0.082151,,0.993,,<https://ziggy.ucolick.org/yse/transient_detail/2025ozp|*YSE-PZ*>,,
ANT2025osqwu0mz4mfs,2025kyb,CV,,,271.53337186579364,31.629980016545616,16.63909912109375,52.2065433615644,full_lightgbm_02_2025,svi,SLSN-I,,,,,False,,,,0.586,False,,,,,,,1.0,674.A,<https://ziggy.ucolick.org/yse/transient_detail/2025kyb|*YSE-PZ*>,,
ANT2025yc1b3aj9dfu8,2025qcl,---,,,275.6593190805096,40.19251709719689,19.83690071105957,2.1991664793677046,early_lightgbm_02_2025,svi,SLSN-I,0.5590991395649794,9907734991017047,0.354316,,False,-20.279339111579507,0.9999999999999768,decals,1.0,True,SN Ia,0.866,-21.27518843384175,,0.354316,,1.0,719.A,<https://ziggy.ucolick.org/yse/transient_detail/2025qcl|*YSE-PZ*>,,
ANT2025lg8naglbrqhl,2025ktn,---,,,256.5426247491802,33.60437541464009,19.09447860717773,43.187210479598434,full_lightgbm_02_2025,svi,SN IIn,3.043554329524711,2035484.0,0.0824398780328896,,False,-21.599999995284147,0.9999999999999868,glade,0.901,True,SN IIn,0.741,-18.75957004116893,,0.0824398780328896,,1.0,674.D,<https://ziggy.ucolick.org/yse/transient_detail/2025ktn|*YSE-PZ*>,,
ANT2025f1hscztcglwe,---,---,,,286.5268039515061,55.57957414506849,15.55368995666504,18.21560735562525,full_lightgbm_02_2025,svi,SLSN-I,0.149267379054859,9907738851282923,0.481252,,False,-19.12686951273489,0.9999999999999908,decals,0.975,True,SN II,0.909,-26.246205672383624,,0.481252,,0.975,,,,
ANT2025ut0z5cq91ew0,2025obp,---,,,265.48499615044443,21.46094710989918,19.151199340820312,6.31776015534706,early_lightgbm_02_2025,svi,SN IIn,7.845804283311295,9906629420717556,0.058139,,False,-19.38515687383959,0.9999999999989247,decals,0.974,True,SN IIn,0.652,-17.932590021247673,,0.058139,,1.0,577.D,<https://ziggy.ucolick.org/yse/transient_detail/2025obp|*YSE-PZ*>,,
ANT2025k4ocl4x181fz,2025pgx,CV,,,282.837063,16.28370840000001,14.48141098022461,16.25681105563126,full_lightgbm_02_2025,svi,SLSN-I,,,,,False,,,,0.952,False,,,,,,,1.0,575.A,<https://ziggy.ucolick.org/yse/transient_detail/2025pgx|*YSE-PZ*>,,
ANT20252c1y3fmw6ogl,2025qrb,---,,,279.67575198126605,37.04836218190503,17.190805435180664,0.2607346552395029,early_lightgbm_02_2025,svi,SN Ibc,2.258369239516298,UGC11311,0.0206351048436501,,False,-19.705849633582982,0.9999999999999946,glade,0.925,False,,,,,,,0.969,707.A,<https://ziggy.ucolick.org/yse/transient_detail/2025qrb|*YSE-PZ*>,,
ANT20251avuk5sjt7o5,---,---,,,314.8452580214247,38.76252715040497,16.966411590576172,4.225850455273758,full_lightgbm_02_2025,dynesty,SN Ibc,,,,,False,,,,0.871,False,,,,,,,0.968,719.A,,,
ANT2025ceks3t17az45,2025pgc,---,,,278.3380032431073,-11.161222073424,16.429399490356445,19.21179945561744,early_lightgbm_02_2025,dynesty,SN IIn,,,,,False,,,,0.864,False,,,,,,,1.0,365.E,<https://ziggy.ucolick.org/yse/transient_detail/2025pgc|*YSE-PZ*>,,
ANT20258nj8ar6mh2ik,2025qei,---,,,268.46276703118923,20.59488098952518,19.16625213623047,4.35007495553873,early_lightgbm_02_2025,svi,SN IIn,0.7947472947089289,9906629068726078,0.188397,,False,-18.414997749090936,0.9796378590841004,decals,0.717,True,SN Ia,0.877,-20.52655392945505,,0.188397,,1.0,577.B,<https://ziggy.ucolick.org/yse/transient_detail/2025qei|*YSE-PZ*>,,
ANT2025q9tb750tlqys,---,---,,,300.0709210818804,18.25095855086517,18.781888961791992,8.222748555519502,full_lightgbm_02_2025,svi,SLSN-I,,,,,False,,,,0.533,False,,,,,,,0.992,575.A,,,
ANT2025b1lrd9fasqoo,2025iv,SN Ic,0.0173,,31.86353722424649,19.193560682803096,16.811540603637695,150.34145358321257,full_lightgbm_02_2025,svi,SN Ibc,7.151640505880465,PGC008104,0.0164189865695685,,False,-18.622643943822155,0.7773712778359478,glade,1.0,False,SN Ibc,1.0,-17.618436022054834,,0.0173,,1.0,577.B,<https://ziggy.ucolick.org/yse/transient_detail/2025iv|*YSE-PZ*>,,
ANT2025po72i82li6pz,2025rcf,---,,,314.5535267648787,29.919404414948403,16.100801467895508,5.1654929833021015,early_lightgbm_02_2025,dynesty,SN IIn,,,,,False,,,,1.0,False,,,,,,,1.0,674.C,<https://ziggy.ucolick.org/yse/transient_detail/2025rcf|*YSE-PZ*>,,
ANT2025cau4et6w1a0z,2025qff,---,,,312.9378075999999,-9.5434214,18.467269897460938,5.144902683096007,early_lightgbm_02_2025,svi,SLSN-I,3.423256664385266,9906617926419212,0.365109,,False,-18.842518072100034,0.998808946445204,decals,1.0,True,SN Ia,0.949,-22.71233174363857,,0.365109,,1.0,365.F,<https://ziggy.ucolick.org/yse/transient_detail/2025qff|*YSE-PZ*>,,
ANT2025vjcxtzexw5p3,2025qmh,---,,,270.6366976752255,19.828488587677725,19.373409271240234,3.3423447830136865,early_lightgbm_02_2025,svi,SLSN-I,0.8517505687255895,9906628803042525,0.363442,,False,-20.225905658373,0.999999999999633,decals,1.0,True,SN Ia,0.952,-21.79589704378015,,0.363442,,1.0,577.B,<https://ziggy.ucolick.org/yse/transient_detail/2025qmh|*YSE-PZ*>,,
ANT2025p94rzjq462ma,2025nkl,---,,,276.0699538,34.746410999999995,19.000232696533203,23.316094782901928,full_lightgbm_02_2025,svi,SLSN-I,0.4120803755384001,9907733341868186,0.167833,,False,-19.02077613237829,0.7828453156476523,decals,1.0,True,SN Ia,1.0,-20.433967516918184,,0.167833,,1.0,674.D,<https://ziggy.ucolick.org/yse/transient_detail/2025nkl|*YSE-PZ*>,,
ANT2025u4goludznrgg,2025oiw,---,,,261.3123073243397,60.565492017149566,19.667335510253903,8.112529983045533,early_lightgbm_02_2025,svi,SLSN-I,0.2080688862480962,9907739850575186,0.494516,,False,-19.242668074237656,0.9994771464083227,decals,1.0,True,SN IIn,0.849,-22.193436915646902,,0.494516,,1.0,,<https://ziggy.ucolick.org/yse/transient_detail/2025oiw|*YSE-PZ*>,,
ANT2025r2sht05zfv3u,2025ocy,SN Ic-BL,0.022452,,257.1788913065224,4.051587099674123,17.39719009399414,18.169775382848457,full_lightgbm_02_2025,svi,SN Ibc,6.132917510163532,IC1242,0.0218254901877707,,False,-21.019577840310795,0.9999999999999832,glade,0.999,False,SN Ibc,1.0,-17.60169078213495,,0.022452,,0.999,477.C,<https://ziggy.ucolick.org/yse/transient_detail/2025ocy|*YSE-PZ*>,,
ANT2025vxm2djizcm1z,2025qfp,---,,,321.27827392052666,17.315511929858417,19.343435287475582,4.156083183130249,early_lightgbm_02_2025,svi,SN Ibc,3.799756501162256,9906627919551279,0.0319,,False,-20.92171941802828,0.999999999999988,decals,0.798,True,SN Ibc,0.83,-16.423275303626358,,0.0319,,1.0,575.A,<https://ziggy.ucolick.org/yse/transient_detail/2025qfp|*YSE-PZ*>,,
ANT20258f8n0nk8jt50,---,---,,,251.53523270036897,-18.57848668339571,17.845123291015625,7.248652682872489,early_lightgbm_02_2025,dynesty,SLSN-I,,,,,False,,,,0.571,False,,,,,,,1.0,,,,
ANT20257nfgzys0s1w1,2025odc,---,,,263.08861458268234,-11.432305944377632,17.077192306518555,26.17931238305755,full_lightgbm_02_2025,svi,SLSN-I,,,,,False,,,,0.564,False,,,,,,,1.0,365.E,<https://ziggy.ucolick.org/yse/transient_detail/2025odc|*YSE-PZ*>,,
ANT2025vnjrwmaslgb9,2025rlu,---,,,315.13346576310164,-18.369845068622496,18.890310287475582,4.245102316730481,early_lightgbm_02_2025,svi,SN Ibc,,,,,False,,,,0.996,False,,,,,,,0.996,,<https://ziggy.ucolick.org/yse/transient_detail/2025rlu|*YSE-PZ*>,,
ANT2025bet4u2x5f2t9,2025plf,SN Ia,0.016,,348.7878245969273,9.672680500341002,15.310551643371582,5.121410216794175,full_lightgbm_02_2025,svi,SN IIn,23.87169021337174,UGC12454,0.0158525638359116,,False,-19.56547896141624,0.7464882458741349,glade,0.808,False,SLSN-I,0.999,-18.94906713011444,,0.016,,0.808,527.C,<https://ziggy.ucolick.org/yse/transient_detail/2025plf|*YSE-PZ*>,,
ANT2025zw9vbys9g4bu,2025jqr,SN II,0.05,,335.7658127936747,17.316360681337272,18.40997886657715,87.06753291667701,full_lightgbm_02_2025,svi,SN Ibc,,,,,False,,,,0.758,False,SN Ibc,0.93,-18.34216951585241,,0.05,,1.0,575.A,<https://ziggy.ucolick.org/yse/transient_detail/2025jqr|*YSE-PZ*>,,
ANT2025st0286ospk2f,2025soz,---,,,255.50578200668065,-24.855538861197672,16.14850425720215,8.302544416517776,full_lightgbm_02_2025,dynesty,SLSN-I,,,,,False,,,,0.747,False,,,,,,,1.0,,<https://ziggy.ucolick.org/yse/transient_detail/2025soz|*YSE-PZ*>,,
ANT2025r0d0enydgxcj,2025owt,---,,,332.91657326814,-12.44046766148844,18.702306747436523,23.18296832274791,full_lightgbm_02_2025,svi,SLSN-I,0.1980544129420745,9906616818467364,0.235576,,False,-19.1378483927506,0.9999999999999902,decals,1.0,True,SN Ia,0.566,-21.491738236755538,,0.235576,,1.0,365.E,<https://ziggy.ucolick.org/yse/transient_detail/2025owt|*YSE-PZ*>,,
ANT20258c6ueaxsuglj,2025oym,---,,,300.5924445560243,59.23385680214468,19.5644645690918,35.208685922531004,full_lightgbm_02_2025,svi,SN Ibc,,,,,False,,,,0.888,False,,,,,,,0.909,,<https://ziggy.ucolick.org/yse/transient_detail/2025oym|*YSE-PZ*>,,
ANT2025sdgsevgkfzbw,---,---,,,290.3167959288068,62.70249654534332,19.52510070800781,119.35331085579674,full_lightgbm_02_2025,svi,SN IIn,0.1018632364582384,9907740259191215,0.093738,,False,-22.44821800011462,0.9985628960170598,decals,0.961,True,SN IIn,0.671,-18.61313405511793,,0.093738,,1.0,,,,
ANT2025tiee8xot6047,2025imr,SLSN-I,0.09,,340.4047161,-3.177205961294746,16.510852813720703,85.36373915592412,full_lightgbm_02_2025,svi,SN Ibc,1.5043034353469384,9906620279623516.0,0.116295,,False,-17.480502259157458,0.99856913086209,decals,0.547,True,SN Ibc,0.999,-21.53728114820937,,0.09,,1.0,423.E,<https://ziggy.ucolick.org/yse/transient_detail/2025imr|*YSE-PZ*>,,
ANT2025oqi8vj4gf3so,2025snw,SN Ia,0.031,,330.20133860812103,43.51240224961227,19.35035514831543,0.373880923310935,early_lightgbm_02_2025,svi,SN Ibc,13.77274803708951,22004933+4330528,0.0317567469656336,,False,-20.40000498803375,0.9999999999997246,glade,0.957,False,SN Ibc,0.914,-16.353724896013652,,0.031,,1.0,719.D,<https://ziggy.ucolick.org/yse/transient_detail/2025snw|*YSE-PZ*>,,
ANT2025h392qomnjp2n,2025sxc,---,,,17.008742456336027,10.34924993811515,19.134906768798828,1.1143008332292084,early_lightgbm_02_2025,svi,SN Ibc,1.4279575515748153,9906625273925614,0.106503,,False,-20.7964308132666,0.9540784011437072,decals,0.909,True,SN Ibc,0.752,-19.286360674989883,,0.106503,,0.927,527.C,<https://ziggy.ucolick.org/yse/transient_detail/2025sxc|*YSE-PZ*>,,
ANT2025wg8rzmk3k92q,---,---,,,17.3000284,8.296228893947529,16.199100494384766,21.16328233308741,full_lightgbm_02_2025,svi,SN Ibc,,,,,False,,,,0.695,False,,,,,,,1.0,Virgo.B,,,
ANT20251e4zxdyry0bh,2025rat,SN Ia,0.018381,,16.84966687685313,0.9332275005857724,17.32720947265625,19.239142310398165,full_lightgbm_02_2025,svi,SN Ibc,33.41701584035619,NGC0391,0.0172947957325541,,False,-19.996927076058675,0.7557914503760631,glade,0.99,False,SN Ibc,0.996,-17.234985298265393,,0.018381,,0.99,468.A,<https://ziggy.ucolick.org/yse/transient_detail/2025rat|*YSE-PZ*>,,
ANT2025i11et1499qsc,---,---,,,304.3035094976128,11.949697306053809,15.696681022644045,23.327707110496704,full_lightgbm_02_2025,svi,SLSN-I,,,,,False,,,,0.796,False,,,,,,,1.0,527.F,,,
ANT2025pf610xmq43n9,---,---,,,276.9073202747893,-22.41425641171737,17.7161865234375,3.380230210314039,early_lightgbm_02_2025,svi,SLSN-I,,,,,False,,,,0.64,False,,,,,,,0.989,,,,
ANT2025tkkpvsbz6aeo,2025maw,SN II,0.03,,295.9294345363479,-25.05148869752152,18.689838409423828,54.1599275356275,full_lightgbm_02_2025,svi,SN IIn,,,,,False,,,,0.509,False,SN IIn,0.983,-16.942498624961306,,0.03,,1.0,,<https://ziggy.ucolick.org/yse/transient_detail/2025maw|*YSE-PZ*>,,
ANT202585atmpzyb6pj,2025qdz,---,,,355.8762133785433,36.37432913777454,18.91094398498535,16.26071904022683,full_lightgbm_02_2025,svi,SLSN-I,,,,,False,,,,0.998,False,,,,,,,1.0,674.D,<https://ziggy.ucolick.org/yse/transient_detail/2025qdz|*YSE-PZ*>,,
ANT2025dompdlhu1irn,2025sir,---,,,346.3082951,77.63428616599136,19.105812072753903,10.200047740530865,full_lightgbm_02_2025,svi,SN Ibc,,,,,False,,,,0.975,False,,,,,,,0.975,,<https://ziggy.ucolick.org/yse/transient_detail/2025sir|*YSE-PZ*>,,
ANT2025edbqil71olos,---,---,,,274.3809824839415,1.100325882663569,18.648099899291992,30.276575540476188,full_lightgbm_02_2025,svi,SLSN-I,,,,,False,,,,0.956,False,,,,,,,1.0,468.A,,,
ANT20251ygb5nvu4vv6,2025tgk,---,,,12.290750900000004,-3.951881912570215,18.954025268554688,0.2022584404840017,early_lightgbm_02_2025,svi,SLSN-I,6.376080774620681,9906619911045885,0.543273,,False,-20.980792444374725,0.6602399549148574,decals,0.954,True,SN Ia,0.598,-23.116895155767672,,0.543273,,1.0,423.E,<https://ziggy.ucolick.org/yse/transient_detail/2025tgk|*YSE-PZ*>,,
ANT20255k5fm7m7ja7b,2025nmr,SN II,0.049,,346.6879212219352,44.73056681735895,18.802919387817383,50.20162184052606,full_lightgbm_02_2025,svi,SN IIn,,,,,False,,,,0.66,False,SLSN-I,0.674,-17.904843283100913,,0.049,,1.0,749.E,<https://ziggy.ucolick.org/yse/transient_detail/2025nmr|*YSE-PZ*>,,
ANT2025lzinmkcb54my,2025try,---,,,326.971024649738,-16.170936814085252,19.63728713989257,0.2520002851742902,early_lightgbm_02_2025,svi,SN Ibc,,,,,False,,,,0.979,False,,,,,,,0.991,,<https://ziggy.ucolick.org/yse/transient_detail/2025try|*YSE-PZ*>,,
ANT2025rejvx81f5ex4,---,---,,,285.79768299688646,-14.754192633137862,18.9980583190918,33.27565768486966,early_lightgbm_02_2025,svi,SLSN-I,,,,,False,,,,0.967,False,,,,,,,1.0,,<https://ziggy.ucolick.org/yse/transient_detail/2025qaw|*YSE-PZ*>,,
ANT20256wwg8rq00n3x,---,---,,,279.7436171,-3.8637470500000006,12.216059684753418,17.34352808525,full_lightgbm_02_2025,dynesty,SN Ibc,,,,,False,,,,0.95,False,,,,,,,1.0,423.E,,,
ANT20251j9zhdknz64i,2025snd,---,,,290.1340607370542,51.48524106583072,19.710494995117188,15.25951188509498,full_lightgbm_02_2025,svi,SN Ibc,5.297735954354715,9907737951668725,0.059509,,False,-22.048047049411764,0.9955572384837432,decals,0.93,True,SN Ibc,0.65,-17.424560714025944,,0.059509,,0.93,749.F,<https://ziggy.ucolick.org/yse/transient_detail/2025snd|*YSE-PZ*>,,
ANT2025d5fbll25gxi8,2025spm,---,,,265.57606507261744,20.73592407234888,19.32246780395508,2.253863685160468,early_lightgbm_02_2025,svi,SN IIn,1.5420449286428983,9906629156409270,0.116547,,False,-20.74643709895558,0.99999999999999,decals,0.842,True,SN Ibc,0.909,-19.29892982098587,,0.116547,,0.843,577.B,<https://ziggy.ucolick.org/yse/transient_detail/2025spm|*YSE-PZ*>,,
ANT2025xd087a4p3uqa,2025nov,---,,,322.03463869128734,6.232350906602335,19.598499298095703,37.13838918493275,full_lightgbm_02_2025,svi,SLSN-I,7.214168606294105,9906623857563461,0.093341,,False,-21.6959184232233,0.6045285511099616,decals,0.678,False,,,,,,,1.0,Virgo.B,<https://ziggy.ucolick.org/yse/transient_detail/2025nov|*YSE-PZ*>,,
ANT2025mbhwh47d3awr,---,---,,,311.7834745,-14.748655791513684,20.16360092163086,3.2443497850108542,early_lightgbm_02_2025,svi,SLSN-I,,,,,False,,,,0.593,False,,,,,,,1.0,,,,
ANT2025n77xy9ilgtwq,---,---,,,299.3187391437051,50.67142617180065,19.09898567199707,36.22193813654303,full_lightgbm_02_2025,svi,SN IIn,,,,,False,,,,0.981,False,,,,,,,1.0,749.D,,,
ANT2025m192p6jobgqr,2025fbg,---,,,285.99411812729943,35.37826922549904,18.3030948638916,59.33407933688432,full_lightgbm_02_2025,svi,SN IIn,,,,,False,,,,0.943,False,,,,,,,1.0,674.D,<https://ziggy.ucolick.org/yse/transient_detail/2025fbg|*YSE-PZ*>,,
ANT2025ofz53u2m28cx,---,---,,,12.428572900000004,1.0057704656983049,18.43072509765625,0.21183393667161,early_lightgbm_02_2025,svi,SN IIn,0.4431974515891328,172987,0.104171175414397,,False,-21.71999842119487,0.9999999999999956,glade,0.927,True,SN Ibc,0.583,-19.94142516252172,,0.104171175414397,,1.0,468.A,,,
ANT20253o1e12srlyxx,2025uau,---,,,253.0920671656233,41.942085285287305,19.917123794555664,0.4285006365244044,early_lightgbm_02_2025,svi,SLSN-I,0.591972053781679,9907735485284609,0.307157,,False,-18.74579653276198,0.9999095844113006,decals,0.891,True,SN Ia,0.646,-20.87353818497437,,0.307157,,1.0,719.D,<https://ziggy.ucolick.org/yse/transient_detail/2025uau|*YSE-PZ*>,,
ANT20250s0plcobi1jl,2025ubm,---,,,259.33346329159474,8.7513360518156,19.989973068237305,0.4237783365388168,early_lightgbm_02_2025,svi,SN Ibc,4.501090653690093,9906624777626079,0.065289,,False,-19.68270617761154,0.9999999999999294,decals,0.821,True,SN Ibc,0.657,-17.349258427813403,,0.065289,,1.0,527.C,<https://ziggy.ucolick.org/yse/transient_detail/2025ubm|*YSE-PZ*>,,
ANT202529xtb7pzr06w,2025smj,---,,,261.99291756736653,7.523054114658805,19.03213882446289,8.353685736699845,full_lightgbm_02_2025,svi,SLSN-I,,,,,False,,,,0.675,False,,,,,,,0.927,Virgo.B,<https://ziggy.ucolick.org/yse/transient_detail/2025smj|*YSE-PZ*>,,
ANT20252h8hhh3epzy9,---,---,,,351.505517096855,62.66237236648495,19.542478561401367,8.220656043587951,early_lightgbm_02_2025,svi,SLSN-I,,,,,False,,,,1.0,False,,,,,,,1.0,,,,
ANT2025bv8xwgrszn82,---,---,,,291.9176915598339,-19.20786125002468,16.934799194335938,13.340702343935844,full_lightgbm_02_2025,svi,SN Ibc,,,,,False,,,,0.999,False,,,,,,,1.0,,,,
ANT2025q69h1asn18y3,2025sqt,---,,,354.8758339887788,24.5072582103938,19.14141273498535,17.113167643750785,full_lightgbm_02_2025,svi,SN Ibc,12.262919453940537,9906630485674109,0.053592,,False,-21.12158890906334,0.9050214843800568,decals,0.987,True,SN Ibc,0.993,-17.76322873783321,,0.053592,,0.987,618.A,<https://ziggy.ucolick.org/yse/transient_detail/2025sqt|*YSE-PZ*>,,
ANT2025kr78ei8gwsqq,2025sxa,---,,,3.9056525148290335,37.58001455156534,20.2003231048584,22.21547084368649,early_lightgbm_02_2025,dynesty,SLSN-I,,,,,False,,,,0.765,False,,,,,,,0.943,719.A,<https://ziggy.ucolick.org/yse/transient_detail/2025sxa|*YSE-PZ*>,,
ANT2025hou4opeb2v5a,2025tst,---,,,45.8534956,42.74974110583827,18.915889739990234,9.109996343700914,full_lightgbm_02_2025,svi,SN Ibc,,,,,False,,,,0.533,False,,,,,,,0.8280000000000001,719.D,<https://ziggy.ucolick.org/yse/transient_detail/2025tst|*YSE-PZ*>,,
ANT2025116k7f69zbl1,2025cdx,SN II,0.057,,228.1746022360637,-5.831679304349677,17.44827651977539,149.08649117678578,full_lightgbm_02_2025,svi,SN IIn,4.744997384413762,9906619308709938.0,0.069366,,False,-19.15812497966193,0.994204644058574,decals,1.0,True,SN IIn,1.0,-19.59197315543553,,0.057,,1.0,423.E,<https://ziggy.ucolick.org/yse/transient_detail/2025cdx|*YSE-PZ*>,,
ANT2025iwzfi3tcfsnx,2025txr,---,,,246.9726885017047,-14.563386558358232,18.3231258392334,2.317914776896941,early_lightgbm_02_2025,svi,SN IIn,,,,,False,,,,0.645,False,,,,,,,0.96,,<https://ziggy.ucolick.org/yse/transient_detail/2025txr|*YSE-PZ*>,,
ANT2025s75z8xml6yqn,2025kyy,SN Ia,0.06,,340.6997355,51.50387229148582,16.454500198364258,80.21082213641057,full_lightgbm_02_2025,svi,SLSN-I,,,,,False,,,,1.0,False,SN Ia,1.0,-20.698645533062365,,0.06,,1.0,749.F,<https://ziggy.ucolick.org/yse/transient_detail/2025kyy|*YSE-PZ*>,,
ANT20252mxdc710s3y7,2025ulg,---,,,348.3997582,4.2586112939342655,19.53277015686035,2.1968059365535737,early_lightgbm_02_2025,svi,SLSN-I,0.5618661017841955,9906623112220521,0.688101,,False,-20.48008166144606,0.9999999999999316,decals,0.931,True,SN Ibc,0.457,-23.062554305741152,,0.688101,,1.0,477.C,<https://ziggy.ucolick.org/yse/transient_detail/2025ulg|*YSE-PZ*>,,
ANT20258xjlgf68aw6n,2025tgi,---,,,315.3574335717428,-14.33330242371835,19.09832191467285,10.259282836494094,full_lightgbm_02_2025,svi,SN Ibc,,,,,False,,,,0.813,False,,,,,,,0.8260000000000001,,<https://ziggy.ucolick.org/yse/transient_detail/2025tgi|*YSE-PZ*>,,
ANT202509tz15ugi51z,2025the,---,,,45.255329076802624,24.841380539802643,19.0659408569336,7.162812936388946,full_lightgbm_02_2025,svi,SN Ibc,,,,,False,,,,0.78,False,,,,,,,0.879,618.A,<https://ziggy.ucolick.org/yse/transient_detail/2025the|*YSE-PZ*>,,
ANT202554zpy5thnl9k,2025nbt,---,,,326.2495469,-3.2350599785038554,19.468490600585938,71.21278973649169,full_lightgbm_02_2025,svi,SN IIn,0.6101798276268106,9906620275950887,0.167881,,False,-19.39622167421634,0.9999999999999792,decals,0.775,True,SN II,1.0,-19.966348848681395,,0.167881,,1.0,423.E,<https://ziggy.ucolick.org/yse/transient_detail/2025nbt|*YSE-PZ*>,,
ANT2025lkgw0fyhntvx,2025urt,---,,,351.3331280687599,4.036848220101675,19.600425720214844,0.2384031366455019,early_lightgbm_02_2025,svi,SN Ibc,,,,,False,,,,0.755,False,,,,,,,0.872,477.C,<https://ziggy.ucolick.org/yse/transient_detail/2025urt|*YSE-PZ*>,,
ANT202536wtopjjbp18,2025ubh,---,,,13.57818900696691,20.57100248651855,19.92144012451172,10.14254440179502,full_lightgbm_02_2025,svi,SLSN-I,0.2420179259413191,9906629006070791,0.262154,,False,-20.50693163539056,0.9973330207478008,decals,0.972,True,SN Ia,0.385,-20.51283342565316,,0.262154,,0.995,577.B,<https://ziggy.ucolick.org/yse/transient_detail/2025ubh|*YSE-PZ*>,,
ANT2025zqjmiaqvi1g5,---,---,,,56.82548695535162,-8.44995912842299,18.46247291564941,12.083725001648418,full_lightgbm_02_2025,svi,SN Ibc,6.6951489869537655,9906618233193014,0.036691,,False,-21.66034226327067,0.628132406866461,decals,0.807,True,SN Ibc,0.816,-17.610649040980146,,0.036691,,0.966,365.F,<https://ziggy.ucolick.org/yse/transient_detail/2025tqu|*YSE-PZ*>,,
ANT20250rqs1mqs89ic,---,---,,,310.1473111999995,-8.974189375159057,20.01165199279785,0.2649665329809068,early_lightgbm_02_2025,svi,SLSN-I,3.097613884171884,9906618112153862,0.370736,,False,-20.39016050238339,0.9999999999937575,decals,1.0,True,SN Ia,0.716,-21.202355674083726,,0.370736,,1.0,365.F,,,
ANT2025f06lxcqzynrp,2025tlb,---,,,337.87217415,1.1844744569012278,19.79243850708008,0.3058924329670844,full_lightgbm_02_2025,svi,SN Ibc,13.28136668406572,1186987,0.0366660428096171,,False,-20.35000192902296,0.9999999999999754,glade,0.535,True,SN Ibc,0.469,-16.27919261905699,,0.0366660428096171,,0.998,468.A,<https://ziggy.ucolick.org/yse/transient_detail/2025tlb|*YSE-PZ*>,,
ANT202533o31e1grbfi,2025txq,---,,,273.3739117298169,43.96553858085992,18.059600830078125,0.3678179267371888,early_lightgbm_02_2025,svi,SLSN-I,0.613759977191457,9907736042476183,0.105178,,False,-19.2128705867718,0.8191735043770048,decals,1.0,True,SN Ia,0.522,-20.333888464340905,,0.105178,,1.0,749.C,<https://ziggy.ucolick.org/yse/transient_detail/2025txq|*YSE-PZ*>,,
ANT20257w2oo48kylyl,2025usc,---,,,39.63207203844296,7.312678203649909,19.56303024291992,5.158975326507061,early_lightgbm_02_2025,svi,SN Ibc,1.0837914606643575,9906624159222178,0.068018,,False,-19.339579607979417,0.9999999999999328,decals,0.953,True,SN Ibc,0.871,-17.866470057534112,,0.068018,,1.0,Virgo.B,<https://ziggy.ucolick.org/yse/transient_detail/2025usc|*YSE-PZ*>,,
ANT2025y1gj2n7w1rpb,2025rab,---,,,351.0162496328933,8.802826716610369,17.18975257873535,27.17912582685676,full_lightgbm_02_2025,svi,SN Ibc,2.9324242191783307,9906624801409933,0.056747,,False,-21.88271766121111,0.6842987671364271,decals,0.907,True,SN Ibc,1.0,-19.840709148144903,,0.056747,,0.907,527.C,<https://ziggy.ucolick.org/yse/transient_detail/2025rab|*YSE-PZ*>,,
ANT2025qzjvkyeft58c,2025umj,---,,,333.0840399,-0.5742096007130897,19.480043411254883,3.3477167868841207,early_lightgbm_02_2025,svi,SN Ibc,0.8796426575096986,J221220.22-003427.5,0.0895421990525585,,False,-20.350001810711568,0.9999999999999908,glade,0.98,False,,,,,,,0.995,423.B,<https://ziggy.ucolick.org/yse/transient_detail/2025umj|*YSE-PZ*>,,
ANT20256m6puq4shq09,2025utv,---,,,258.75156767464506,51.3670623240171,19.775123596191406,0.3933070869970834,early_lightgbm_02_2025,svi,SN Ibc,4.893951073913331,9907737887443840,0.105024,,False,-18.949756182075102,0.787819537861481,decals,0.979,False,,,,,,,0.99,749.F,<https://ziggy.ucolick.org/yse/transient_detail/2025utv|*YSE-PZ*>,,
ANT2025eda1p6ey0h4l,---,---,,,302.8987064948406,-14.480719690913787,19.40410041809082,25.27589968683605,full_lightgbm_02_2025,dynesty,SN Ibc,,,,,False,,,,0.963,False,,,,,,,1.0,,,,
ANT2025wzyc6rldigt8,2025rcl,SN Ia,0.034,,239.24366688326344,5.288909633903671,18.602996826171875,13.450945986885928,full_lightgbm_02_2025,dynesty,SN Ibc,1.546126151523891,SDSSJ155658.51+05171,0.0345882075618042,,False,-18.28000352293184,0.581289334678285,glade,0.938,False,SN Ibc,0.894,-17.303283842340548,,0.034,,1.0,468.D,<https://ziggy.ucolick.org/yse/transient_detail/2025rcl|*YSE-PZ*>,,
ANT2025ky625eltra9y,2025vlp,---,,,337.5798442,-7.221659273579519,19.80512809753418,1.3007665545446798,early_lightgbm_02_2025,svi,SLSN-I,2.380709144393625,9906618774066551,0.277478,,False,-20.314984634647704,0.9999999999926524,decals,0.998,True,SN Ia,0.531,-20.756902789531274,,0.277478,,1.0,365.F,<https://ziggy.ucolick.org/yse/transient_detail/2025vlp|*YSE-PZ*>,,
ANT2025vieu3udgv4mk,2025tsv,---,,,43.1845519601714,35.47471481333042,19.19809913635254,17.15448175452184,full_lightgbm_02_2025,svi,SN Ibc,,,,,False,,,,0.988,False,,,,,,,0.994,674.D,<https://ziggy.ucolick.org/yse/transient_detail/2025tsv|*YSE-PZ*>,,
ANT2025w7eodqu3of65,2025swj,SN Ia,0.08,,337.6909967074548,-1.1399451053098204,18.608869552612305,16.222132254275493,full_lightgbm_02_2025,svi,SN Ibc,27.693109029300924,SDSSJ223047.10-01084,0.0575065251388207,,False,-19.020003569524235,0.0,glade,0.959,False,SN Ibc,0.999,-19.17877900933661,,0.08,,0.959,423.B,<https://ziggy.ucolick.org/yse/transient_detail/2025swj|*YSE-PZ*>,,
ANT2025dv1ydtow8vlg,2025sil,---,,,25.985082400000003,50.40866604147256,19.197111129760746,17.179122954490595,full_lightgbm_02_2025,svi,SN Ibc,,,,,False,,,,0.918,False,,,,,,,0.92,749.D,<https://ziggy.ucolick.org/yse/transient_detail/2025sil|*YSE-PZ*>,,
ANT2025xy4lqoarji2q,2025uqg,---,,,332.3481562452755,7.282404750459548,19.94939994812012,9.219814824034984,early_lightgbm_02_2025,svi,SLSN-I,0.3596733817176916,9906624235439211,0.659161,,False,-18.91524301120691,0.999715361778076,decals,1.0,True,SLSN-I,0.999,-22.551069873885567,,0.659161,,1.0,Virgo.B,<https://ziggy.ucolick.org/yse/transient_detail/2025uqg|*YSE-PZ*>,,
ANT2025o21stwtowvco,2025oap,---,,,321.84049945507434,0.7061526965920137,19.32626342773437,55.2128473241828,full_lightgbm_02_2025,svi,SN IIn,2.1283996595276364,9906621784723311,0.144549,,False,-21.3992163972158,0.7565043650416705,decals,1.0,True,SLSN-I,0.642,-19.774474742307724,,0.144549,,1.0,468.A,<https://ziggy.ucolick.org/yse/transient_detail/2025oap|*YSE-PZ*>,,
ANT2025l2h3h3qjigr2,---,---,,,358.0112095622892,-4.098176522218495,19.75539970397949,23.09541672384512,full_lightgbm_02_2025,svi,SLSN-I,0.7946559230579919,9906620001550633,0.446678,,False,-19.78294897362553,0.9999999999999604,decals,1.0,True,SN Ia,0.983,-21.87735171744563,,0.446678,,1.0,423.E,,,
ANT202545ryk13n85ou,2025rvi,---,,,4.86442267428768,26.906872965065013,18.903413772583008,31.17256952412572,full_lightgbm_02_2025,dynesty,SN Ibc,1.405462357108847,9906631254410806,0.051645,,False,-20.88351768156277,0.8323072794217528,decals,0.978,True,SN Ibc,0.658,-17.919872189863398,,0.051645,,1.0,618.B,<https://ziggy.ucolick.org/yse/transient_detail/2025rvi|*YSE-PZ*>,,
ANT2025xfyuwdn9dcb9,---,---,,,264.1209607114977,17.269104502600328,19.32312393188477,2.3199653239935287,early_lightgbm_02_2025,svi,SN Ibc,0.6303517456498908,9906627905201381,0.080758,,False,-21.815845151106465,0.9865308294316588,decals,0.854,True,SN Ibc,0.721,-18.48536464536882,,0.080758,,1.0,575.A,<https://ziggy.ucolick.org/yse/transient_detail/2025wlc|*YSE-PZ*>,,
ANT2025ltx3wqsqmyng,2025uay,---,,,283.5324465346247,39.62656748156999,19.20848274230957,0.3389468240566202,early_lightgbm_02_2025,svi,SN Ibc,9.234418587719045,9907734847817957,0.055361,,False,-19.9343597817784,0.9999999999999472,decals,0.562,True,SN Ia,0.529,-17.767580310418445,,0.055361,,0.999,719.A,<https://ziggy.ucolick.org/yse/transient_detail/2025uay|*YSE-PZ*>,,
ANT2025zrz3ygtlvgji,---,---,,,2.017203195418544,44.00484057238416,20.25894546508789,5.19960663159145,full_lightgbm_02_2025,svi,SLSN-I,,,,,False,,,,1.0,False,,,,,,,1.0,749.C,,,
ANT20252c0ntzz4nig6,---,---,,,339.59253465466406,-25.14082357170573,19.36513328552246,2.2049770315061323,early_lightgbm_02_2025,svi,SN Ibc,3.260362723259372,782236,0.0772152274630933,,False,-19.629998963146186,0.9999999999999888,glade,0.988,False,,,,,,,0.996,,<https://ziggy.ucolick.org/yse/transient_detail/2025uwd|*YSE-PZ*>,,
ANT2025ejb4p80rygbe,2025sgt,---,,,350.3918192538027,22.43481552514613,19.126352310180664,27.136192331730854,full_lightgbm_02_2025,svi,SN Ibc,1.5929311312155727,9906629791714147,0.045356,,False,-19.2776499112294,0.9846342357643798,decals,0.718,True,SN Ia,0.774,-17.411712224338874,,0.045356,,1.0,577.D,<https://ziggy.ucolick.org/yse/transient_detail/2025sgt|*YSE-PZ*>,,
ANT20257jc1761h9x9y,---,---,,,359.79888114354384,35.09980759572384,20.07053565979004,5.197095131676178,early_lightgbm_02_2025,svi,SN Ibc,,,,,False,,,,0.707,False,,,,,,,0.876,674.D,,,
ANT2025pestidra1nka,---,---,,,349.2892755099726,-12.769822737710696,18.04834747314453,42.19111133151455,full_lightgbm_02_2025,svi,SN IIn,0.8882480098940825,164541,0.0799610906536026,,False,-21.55999966847408,0.9999999999999944,glade,0.562,False,,,,,,,1.0,365.E,,,
ANT2025pij81xlhbq0x,2025shi,SN Ibn,0.031952,,342.17617531881666,27.582795744437256,18.27939987182617,22.13046313187806,full_lightgbm_02_2025,svi,SN IIn,25.376047053926413,UGC12193,0.0324790884171751,,False,-21.72000366022584,0.9915502360831036,glade,0.533,False,SLSN-I,1.0,-17.49087556581243,,0.031952,,1.0,674.C,<https://ziggy.ucolick.org/yse/transient_detail/2025shi|*YSE-PZ*>,,
ANT2025vr6if9b0zz8y,2025rua,---,,,333.95922895,7.783984884825713,18.87800025939941,24.104281671905483,full_lightgbm_02_2025,svi,SLSN-I,1.507112893340473,9906624423137738,0.12456,,False,-18.928314158227927,0.9999999999999596,decals,1.0,True,SLSN-I,0.997,-19.89124091105003,,0.12456,,1.0,Virgo.B,<https://ziggy.ucolick.org/yse/transient_detail/2025rua|*YSE-PZ*>,,
ANT202592rdmp7aysh3,2025txu,---,,,329.8792833,-8.1835088563125,18.275257110595703,10.23998777158704,full_lightgbm_02_2025,svi,SLSN-I,0.6135235864241216,9906618397495156,0.13291,,False,-18.61320737077757,0.9999999999999892,decals,1.0,True,SN Ia,0.816,-20.63840529332542,,0.13291,,1.0,365.F,<https://ziggy.ucolick.org/yse/transient_detail/2025txu|*YSE-PZ*>,,
ANT20250ul2hasesut5,2025vcz,---,,,336.83496880652683,-18.81233835094355,19.6985092163086,2.183795571887458,early_lightgbm_02_2025,svi,SN Ibc,,,,,False,,,,0.912,False,,,,,,,0.945,,<https://ziggy.ucolick.org/yse/transient_detail/2025vcz|*YSE-PZ*>,,
ANT2025719h6joux94w,2025mvz,---,,,17.145221179968566,11.05271225215121,17.479951858520508,82.07967527173605,full_lightgbm_02_2025,svi,SN Ibc,0.9556146217458336,9906625552648050,0.13928,,False,-18.913472720446265,0.9999999999999776,decals,0.83,True,SN Ibc,0.914,-21.538004867668928,,0.13928,,0.838,527.C,<https://ziggy.ucolick.org/yse/transient_detail/2025mvz|*YSE-PZ*>,,
ANT2025m7hwyvtsevtw,2025son,---,,,22.27888747335892,-17.32482347335339,19.63005256652832,10.1072793715648,full_lightgbm_02_2025,svi,SN Ibc,0.4501150829707903,9906615005153897,0.320686,,False,-19.14938182295057,0.9993066250840086,decals,0.779,True,SN Ibc,1.0,-21.257611886939426,,0.320686,,1.0,,<https://ziggy.ucolick.org/yse/transient_detail/2025son|*YSE-PZ*>,,
ANT2025ltcca1fv3blb,2025wfl,---,,,263.7211870699618,32.187558285545904,17.79560089111328,11.294320548906398,full_lightgbm_02_2025,svi,SN Ibc,,,,,False,,,,0.577,False,,,,,,,1.0,674.A,<https://ziggy.ucolick.org/yse/transient_detail/2025wfl|*YSE-PZ*>,,
ANT20254inowi0x9m8r,2025tbe,---,,,243.1542155,32.73277624618994,19.516748428344727,17.28949414894305,full_lightgbm_02_2025,svi,SN Ibc,5.786564009271739,SDSSJ161237.10+32435,0.0617186836496437,,False,-19.0299987084232,0.9999999999999692,glade,0.536,False,,,,,,,0.859,674.A,<https://ziggy.ucolick.org/yse/transient_detail/2025tbe|*YSE-PZ*>,,
ANT20259m7b6jbnm2we,---,---,,,3.162627619561116,10.070250951473326,19.76463890075684,11.333277602236194,early_lightgbm_02_2025,svi,SLSN-I,0.506973226775395,9906625177324011,0.308968,,False,-19.43202911546785,0.9999999999999606,decals,1.0,True,SN II,0.657,-21.03925239372848,,0.308968,,1.0,527.C,<https://ziggy.ucolick.org/yse/transient_detail/2025unb|*YSE-PZ*>,,
ANT2025cj8ngws625hq,2025cxf,SN II,0.0561,,267.1620365587912,29.761259115145087,17.788799285888672,157.308833202369,full_lightgbm_02_2025,svi,SN IIn,1.2826231107510035,9906632230110196.0,0.053804,,False,-18.41672172839824,0.9995816843038808,decals,1.0,True,SN IIn,1.0,-19.21643398604673,,0.0561,,1.0,674.C,<https://ziggy.ucolick.org/yse/transient_detail/2025cxf|*YSE-PZ*>,,
ANT2025lcnob04pkhsf,2025tir,SN IIb,0.042236,,350.7574244538548,14.451691234141222,18.92064094543457,18.43643730229087,full_lightgbm_02_2025,svi,SN Ibc,8.67790514243747,1458461,0.0425021534375444,,False,-19.09000368675593,0.999999999999949,glade,1.0,True,SN Ibc,0.996,-17.461030698973303,,0.042236,,1.0,527.F,<https://ziggy.ucolick.org/yse/transient_detail/2025tir|*YSE-PZ*>,,
ANT2025ctzidbc9cvva,2025tlw,---,,,249.00002323301325,41.3743549351748,19.43730735778809,17.571043802447093,full_lightgbm_02_2025,svi,SLSN-I,0.2559338184003263,9907735272293013,0.244865,,False,-19.06917202223395,0.9999999999999928,decals,1.0,True,SN Ia,0.625,-20.84361736108671,,0.244865,,1.0,719.D,<https://ziggy.ucolick.org/yse/transient_detail/2025tlw|*YSE-PZ*>,,
ANT2025fkyewl09siid,2025oom,SN IIn,0.0266,,279.1300194777824,43.64829632043664,17.92639923095703,54.43178450225241,full_lightgbm_02_2025,svi,SN IIn,2.6120102158945846,9907735975365708,0.040443,,False,-19.261085026767024,0.4951525154978984,decals,1.0,False,SN IIn,0.607,-17.442891004179245,,0.0266,,1.0,719.D,<https://ziggy.ucolick.org/yse/transient_detail/2025oom|*YSE-PZ*>,,
ANT2025c4xesghxko8m,2025udc,---,,,359.2172434,9.57377609999999,19.054431915283203,11.365511402509584,full_lightgbm_02_2025,dynesty,SLSN-I,4.395612455778773,9906625083215969,0.487945,,False,-22.18361658263728,0.8309901221241571,decals,1.0,True,SN Ia,0.739,-22.776394692028457,,0.487945,,1.0,527.C,<https://ziggy.ucolick.org/yse/transient_detail/2025udc|*YSE-PZ*>,,
ANT2025v4mcomvt981l,2025uaa,---,,,7.791845483733966,-8.78514442951952,19.309829711914062,18.419307702242804,full_lightgbm_02_2025,svi,SN Ibc,2.072537058366505,9906618127093755,0.050952,,False,-18.635133558699327,0.999999999999979,decals,0.969,True,SN Ibc,0.974,-17.483764960108445,,0.050952,,1.0,365.F,<https://ziggy.ucolick.org/yse/transient_detail/2025uaa|*YSE-PZ*>,,
ANT2025wosgckjd7qyu,2025whc,---,,,18.8363097841164,15.473360073072952,19.8940486907959,0.0780024180639884,early_lightgbm_02_2025,svi,SN IIn,0.9525524237688742,9906627208809654,0.221771,,False,-18.62753320098357,0.9999999999999698,decals,0.953,True,SN Ibc,0.653,-20.16441035031142,,0.221771,,1.0,,<https://ziggy.ucolick.org/yse/transient_detail/2025whc|*YSE-PZ*>,,
ANT20250vtxlwfe8hs0,---,---,,,20.387672582166967,-6.321335241659213,20.25662612915039,0.0794260181937716,early_lightgbm_02_2025,svi,SN IIn,0.4434439865578848,9906619066680108,0.452573,,False,-19.672015789506325,0.9999999999999613,decals,0.953,True,SN Ibc,0.984,-21.40554028519043,,0.452573,,0.996,401.F,,,
ANT20259z3he2m78vke,2025nzh,---,,,51.9161588,-4.258391916595514,17.84732437133789,22.14102331795584,full_lightgbm_02_2025,svi,SN Ibc,0.3812608783786689,9906619827161560,0.022518,,False,-19.115988839119787,0.9999693776687232,decals,0.908,True,SN Ibc,0.933,-17.157966811465045,,0.022518,,0.914,423.E,<https://ziggy.ucolick.org/yse/transient_detail/2025nzh|*YSE-PZ*>,,
ANT2025ewwz2j3mhw4p,2025wkj,---,,,350.45527604019344,39.98969920643823,19.53531074523925,3.256486218095233,early_lightgbm_02_2025,dynesty,SLSN-I,,,,,False,,,,0.889,False,,,,,,,1.0,719.A,<https://ziggy.ucolick.org/yse/transient_detail/2025wkj|*YSE-PZ*>,,
ANT2025noskwdzd8mmg,2025tgx,---,,,20.72431609725917,10.493205003444729,19.76806640625,12.212051571958,early_lightgbm_02_2025,svi,SLSN-I,12.57394311107853,9906625367837189,0.223049,,False,-21.14998931962413,0.9999999999533608,decals,1.0,True,SLSN-I,1.0,-20.30328989932568,,0.223049,,1.0,527.C,<https://ziggy.ucolick.org/yse/transient_detail/2025tgx|*YSE-PZ*>,,
ANT2025y9xr8pw5ej8n,2025urp,---,,,56.6611429,-18.16060500396037,19.30950736999512,11.139910371653968,full_lightgbm_02_2025,svi,SLSN-I,1.7362920285320478,9906614653751349,0.347864,,False,-19.28181595927315,0.99999999999972,decals,0.997,True,SN Ia,0.406,-21.76122909528932,,0.347864,,1.0,,<https://ziggy.ucolick.org/yse/transient_detail/2025urp|*YSE-PZ*>,,
ANT2025w78shj39qgit,---,---,,,232.41052479949315,30.099039972700663,19.185766220092773,0.4531163719075266,early_lightgbm_02_2025,svi,SLSN-I,0.3799841259994853,9906632304103762,0.250285,,False,-18.99584776967818,0.9999999999999754,decals,0.995,True,SN Ia,0.514,-21.14435696203505,,0.250285,,1.0,674.C,<https://ziggy.ucolick.org/yse/transient_detail/2025und|*YSE-PZ*>,,
ANT2025g6rsd67ncipc,---,---,,,24.9401209,-2.288867611484136,19.805160522460938,0.2370515718648675,early_lightgbm_02_2025,dynesty,SN IIn,0.3304911639825225,9906620574406540,0.235438,,False,-20.677236119100808,0.999999999999986,decals,0.989,True,SN Ibc,0.643,-20.387568363950173,,0.235438,,1.0,423.B,,,
ANT20255r1meo84ijty,2025vgr,---,,,29.785374954074207,42.10079824089943,19.601503372192383,6.207306171912933,early_lightgbm_02_2025,svi,SN Ibc,,,,,False,,,,0.958,False,,,,,,,0.973,719.D,<https://ziggy.ucolick.org/yse/transient_detail/2025vgr|*YSE-PZ*>,,
ANT2025vqkkpfw72s5y,2025vpe,---,,,44.32139237344087,12.956816296280678,19.51053237915039,4.216600171901519,early_lightgbm_02_2025,svi,SN Ibc,3.754456110328208,94495,0.0739094387450784,,False,-21.13999974171005,0.9999999999999758,glade,0.775,True,SN Ibc,0.57,-18.1022304769482,,0.0739094387450784,,0.8220000000000001,527.F,<https://ziggy.ucolick.org/yse/transient_detail/2025vpe|*YSE-PZ*>,,
ANT2025j4g5hdnca2jc,---,---,,,284.07513778299,-8.837298068476343,17.820087432861328,0.34353297171765,early_lightgbm_02_2025,svi,SN Ibc,,,,,False,,,,0.703,False,,,,,,,0.8180000000000001,365.F,<https://ziggy.ucolick.org/yse/transient_detail/2025wvv|*YSE-PZ*>,,
ANT2025r8pc2z4r3ube,2025vrs,---,,,34.871971256534934,78.78076717615382,17.805089950561523,9.146773771994049,full_lightgbm_02_2025,dynesty,SN IIn,,,,,False,,,,0.632,False,,,,,,,1.0,401.F,<https://ziggy.ucolick.org/yse/transient_detail/2025vrs|*YSE-PZ*>,,
ANT2025ohteh5g9qe8v,2025whu,---,,,48.652956912915,20.14982174510226,19.61642074584961,0.0912215202115476,early_lightgbm_02_2025,svi,SN Ibc,,,,,False,,,,0.918,False,,,,,,,0.944,577.B,<https://ziggy.ucolick.org/yse/transient_detail/2025whu|*YSE-PZ*>,,
ANT2025rgcjs6fx1ns1,---,---,,,72.5576992,49.1411495,19.574352264404297,5.149439120199531,early_lightgbm_02_2025,svi,SLSN-I,,,,,False,,,,0.911,False,,,,,,,0.966,749.D,,,
ANT2025ezoec3u53f40,2025tbk,SN IIn,0.1309,,342.1530882291089,13.932034638140491,19.56779861450196,23.137841919902712,early_lightgbm_02_2025,svi,SN IIn,1.0464919807886908,9906626742587123,0.112028,,False,-17.937986316862297,0.999999999999908,decals,0.843,True,SLSN-I,0.931,-19.311931945057644,,0.1309,,0.844,527.F,<https://ziggy.ucolick.org/yse/transient_detail/2025tbk|*YSE-PZ*>,,
ANT20259xgpkbs0ialv,---,---,,,297.3741644,9.16267960507136,18.184450149536133,11.221267820335925,full_lightgbm_02_2025,svi,SLSN-I,,,,,False,,,,0.578,False,,,,,,,0.994,527.C,,,
ANT2025so7uz24l69qg,2025vqc,---,,,45.45231929999744,24.927837043498783,19.336200714111328,0.087807219941169,early_lightgbm_02_2025,svi,SLSN-I,,,,,False,,,,0.537,False,,,,,,,0.859,618.A,<https://ziggy.ucolick.org/yse/transient_detail/2025vqc|*YSE-PZ*>,,
ANT2025jnqbfrpmquze,2025vob,---,,,329.88548249393256,51.30989020983459,15.49276065826416,14.27961263589532,full_lightgbm_02_2025,dynesty,SN Ibc,,,,,False,,,,0.893,False,,,,,,,1.0,749.F,<https://ziggy.ucolick.org/yse/transient_detail/2025vob|*YSE-PZ*>,,
ANT20257a5qa4w7vxuy,2025vfa,---,,,246.2516414684093,45.05373029893403,18.08397674560547,0.2990570358742843,early_lightgbm_02_2025,svi,SLSN-I,1.455318229043706,9907736307237244,0.126386,,False,-18.108421408955323,0.9999999999998744,decals,0.781,True,SN Ia,0.977,-20.71764387132353,,0.126386,,1.0,749.E,<https://ziggy.ucolick.org/yse/transient_detail/2025vfa|*YSE-PZ*>,,
ANT20251994otf7kgpj,2025wfz,SN Ic-BL,0.3,,350.0194697402404,16.284149956145143,18.32048225402832,2.196036236062355,early_lightgbm_02_2025,svi,SLSN-I,17.572635281209536,9906627565128941,0.277878,,False,-20.87611615771036,0.5102755554975893,decals,0.614,False,SN II,0.96,-22.41712562522723,,0.3,,0.999,575.A,<https://ziggy.ucolick.org/yse/transient_detail/2025wfz|*YSE-PZ*>,,
ANT2025jsue9jtjrnbu,2025waw,---,,,270.067866254846,16.359123791389152,18.59341049194336,4.46917667757225,early_lightgbm_02_2025,svi,SN IIn,0.8020190654556784,9906627545008769,0.089867,,False,-22.023022164747005,0.9862293734389836,decals,0.867,True,SN Ibc,0.713,-19.45145010980838,,0.089867,,0.867,575.A,<https://ziggy.ucolick.org/yse/transient_detail/2025waw|*YSE-PZ*>,,
ANT2025y9je4rihj991,2025wmq,---,,,297.9022005976322,9.244503071091671,18.420597076416016,10.45923457765457,full_lightgbm_02_2025,svi,SLSN-I,,,,,False,,,,0.847,False,,,,,,,1.0,527.C,<https://ziggy.ucolick.org/yse/transient_detail/2025wmq|*YSE-PZ*>,,
ANT2025yi4hkd7pcju0,2025mlx,SN IIb,0.0544,,326.8859742085041,-6.759076709381148,17.72959327697754,8.40637577749294,full_lightgbm_02_2025,svi,SN IIn,20.067623645523483,1029081,0.0891542015982927,,False,-20.60999852581789,0.9999999999801376,glade,0.843,True,SN II,0.997,-19.207955250848705,,0.0544,,1.0,365.F,<https://ziggy.ucolick.org/yse/transient_detail/2025mlx|*YSE-PZ*>,,
ANT2025omlpf0xiuqps,2025utp,---,,,11.598459066808116,49.2680063365055,18.704235076904297,2.2589104776780005,early_lightgbm_02_2025,svi,SN Ibc,,,,,False,,,,0.822,False,,,,,,,0.836,749.D,<https://ziggy.ucolick.org/yse/transient_detail/2025utp|*YSE-PZ*>,,
ANT2025qxvwqzzq934t,2025soi,---,,,247.8213025,4.390491601865008,18.663095474243164,24.372081777597487,full_lightgbm_02_2025,svi,SN Ibc,4.980332692818334,9906623180049356,0.054693,,False,-19.68140261742976,0.8052278602397679,decals,0.548,True,SN Ibc,0.502,-18.28626661881517,,0.054693,,0.995,477.C,<https://ziggy.ucolick.org/yse/transient_detail/2025soi|*YSE-PZ*>,,
ANT20255svy1up8l3si,2025sss,CV,,,324.621140543916,41.7719185551836,14.11910629272461,39.35157257789251,full_lightgbm_02_2025,svi,SLSN-I,,,,,False,,,,0.539,False,,,,,,,1.0,719.D,<https://ziggy.ucolick.org/yse/transient_detail/2025sss|*YSE-PZ*>,,
ANT2025kn8fx1361r21,2025wft,---,,,292.0958993,-4.9121395699381765,17.744831085205078,10.353111877622723,full_lightgbm_02_2025,svi,SLSN-I,,,,,False,,,,0.507,False,,,,,,,1.0,423.E,<https://ziggy.ucolick.org/yse/transient_detail/2025wft|*YSE-PZ*>,,
ANT202596gwkhhr8ww2,2025tye,SN Ia,,,268.4683789494945,68.01190369066441,18.621091842651367,19.21969623157929,full_lightgbm_02_2025,svi,SLSN-I,0.2125798730101244,9907741085469666,0.36883,,False,-20.70168441229596,0.9999999999999928,decals,1.0,True,SN Ia,0.834,-22.581320915397765,,0.36883,,1.0,,<https://ziggy.ucolick.org/yse/transient_detail/2025tye|*YSE-PZ*>,,
ANT2025d1kycvvsdkbf,2025wdz,SN Ia,,,335.3035596,23.716787548622108,18.294246673583984,0.1963050318154273,early_lightgbm_02_2025,svi,SLSN-I,0.552957511072591,9906630222350793,1.135614,,False,-20.83714574029742,0.999999999999929,decals,1.0,True,SN II,0.906,-25.382496063654177,,1.135614,,1.0,618.A,<https://ziggy.ucolick.org/yse/transient_detail/2025wdz|*YSE-PZ*>,,
ANT2025l2kvkod2b5sl,2025sei,SLSN-I,0.0949,,267.2476224,25.4958182,17.69678497314453,41.26307583173912,full_lightgbm_02_2025,dynesty,SLSN-I,0.4416547899487388,9906630807262080,0.092354,,False,-21.65978086562517,0.99998626911336,decals,0.92,True,SN Ia,0.997,-20.468738416653967,,0.0949,,0.92,618.A,<https://ziggy.ucolick.org/yse/transient_detail/2025sei|*YSE-PZ*>,,
ANT2025ah24fys414c9,---,---,,,254.95079168474803,41.85383760024726,20.13665199279785,0.4420475960796466,early_lightgbm_02_2025,svi,SLSN-I,0.9377864038175406,9907735415162809,0.444137,,False,-19.68438478078344,0.9999999999998744,decals,1.0,True,SLSN-I,0.894,-21.48329789397604,,0.444137,,1.0,719.D,,,
ANT2025m7q8n3mfwkam,2025vbb,---,,,263.036991925561,39.92507386829469,19.136951446533203,10.377128596053808,early_lightgbm_02_2025,svi,SLSN-I,6.228864760650038,9907734916235836,0.703985,,False,-20.2833162934634,0.9999999999510912,decals,0.959,True,SN II,0.925,-23.5086482513924,,0.703985,,1.0,719.A,<https://ziggy.ucolick.org/yse/transient_detail/2025vbb|*YSE-PZ*>,,
ANT2025w09imv354hzu,---,---,,,341.8055183,4.694363643536136,19.713642120361328,0.2839688957756152,early_lightgbm_02_2025,svi,SLSN-I,0.3405675650201534,9906623298734542,0.583445,,False,-20.103321749222022,0.999825030232221,decals,0.914,True,SN II,0.475,-22.516216871291466,,0.583445,,1.0,477.C,<https://ziggy.ucolick.org/yse/transient_detail/2025xfo|*YSE-PZ*>,,
ANT2025u6677i40wb2x,2025tbb,SN II,0.045,,265.2611508360183,39.235791789279006,18.68789291381836,29.36845959593484,full_lightgbm_02_2025,svi,SN Ibc,1.3145838797618907,9907734698201117,0.061204,,False,-19.30016665015149,0.9996846877945132,decals,0.885,True,SN II,0.41,-17.832874754760702,,0.045,,1.0,719.A,<https://ziggy.ucolick.org/yse/transient_detail/2025tbb|*YSE-PZ*>,,
ANT2025smhh2c5ax7yt,2025ume,---,,,317.359444,-2.130409272223688,19.53226661682129,19.33206494811748,full_lightgbm_02_2025,svi,SLSN-I,1.3134601305376683,9906620651081624,0.215491,,False,-18.499566748530714,0.9555151373449358,decals,1.0,True,SN Ia,0.935,-20.46173046924744,,0.215491,,1.0,423.B,<https://ziggy.ucolick.org/yse/transient_detail/2025ume|*YSE-PZ*>,,
ANT2025cle05kz93eui,2025tzq,---,,,275.8068864100704,40.06818363436911,18.86707878112793,29.38383574837644,full_lightgbm_02_2025,svi,SLSN-I,1.541887958160677,9907734918793286,0.582062,,False,-20.13509921992497,0.9672388236453116,decals,1.0,True,SN Ia,0.996,-23.35750058576469,,0.582062,,1.0,719.A,<https://ziggy.ucolick.org/yse/transient_detail/2025tzq|*YSE-PZ*>,,
ANT2025akwaptofrc6a,---,---,,,318.2697607500008,13.863073610477954,19.480499267578125,10.306937648056191,early_lightgbm_02_2025,svi,SLSN-I,0.1482918482732969,9906626644875335,0.734933,,False,-20.67448523000749,0.9999452512919792,decals,1.0,True,SN Ia,0.907,-23.259667201483555,,0.734933,,1.0,527.F,<https://ziggy.ucolick.org/yse/transient_detail/2025wrr|*YSE-PZ*>,,
ANT2025k9piupfg86h2,2025trj,SN Ia,0.02927,,247.59923481871084,40.660112590982365,17.76044273376465,24.386196948195,full_lightgbm_02_2025,svi,SN Ibc,20.22666423458988,58378,0.0300866080105645,,False,-20.280005363383506,0.7399563898058731,glade,0.997,False,SN Ibc,0.999,-17.81800600704169,,0.02927,,0.997,719.A,<https://ziggy.ucolick.org/yse/transient_detail/2025trj|*YSE-PZ*>,,
ANT2025dvwszxxfbthe,2025wgx,---,,,311.7353432701019,-11.989804681299532,19.22599983215332,7.39510894806881,early_lightgbm_02_2025,svi,SN Ibc,,,,,False,,,,0.994,False,,,,,,,0.995,365.E,<https://ziggy.ucolick.org/yse/transient_detail/2025wgx|*YSE-PZ*>,,
ANT202538gbhqz5trc7,---,---,,,246.5700365568721,57.67559428218917,19.840499877929688,3.3669376481120707,early_lightgbm_02_2025,svi,SN IIn,0.1483139583864614,9907739314097613,0.289232,,False,-20.6017765378701,0.9796523701396188,decals,0.892,True,SN II,0.554,-20.81486140800998,,0.289232,,1.0,,,,
ANT2025njqct2xb6zd3,2025vmx,---,,,331.10572954007495,44.38735042369355,19.47781562805176,9.586754259151348,full_lightgbm_02_2025,svi,SN Ibc,,,,,False,,,,0.974,False,,,,,,,0.975,749.C,<https://ziggy.ucolick.org/yse/transient_detail/2025vmx|*YSE-PZ*>,,
ANT2025munczq21ydjq,2025wxm,---,,,281.445596043965,59.62226754249481,18.2705020904541,0.2457099922248744,early_lightgbm_02_2025,svi,SLSN-I,0.6566254708131785,9907739663863954,0.935781,,False,-20.864308351985592,0.9999999999998505,decals,1.0,True,SN Ia,0.957,-24.994705673505887,,0.935781,,1.0,,<https://ziggy.ucolick.org/yse/transient_detail/2025wxm|*YSE-PZ*>,,
ANT2025vj448pvxk3fr,2025vmz,---,,,326.5073850671414,-7.762056108494406,19.30120849609375,13.265466892371478,full_lightgbm_02_2025,svi,SLSN-I,0.8581179450949172,9906618583810977,0.348214,,False,-19.401078328123923,0.9999999999994262,decals,0.999,True,SN Ia,0.931,-21.771790896047666,,0.348214,,0.999,365.F,<https://ziggy.ucolick.org/yse/transient_detail/2025vmz|*YSE-PZ*>,,
ANT2025bl51jws3pbk8,2025wvw,---,,,276.25659247175884,56.27420629005108,19.853599548339844,7.350721592294576,full_lightgbm_02_2025,svi,SLSN-I,0.5772674684113103,9907739008964117,0.362206,,False,-19.54897884899809,0.9999999999999796,decals,0.999,True,SN Ibc,0.567,-21.308042561222344,,0.362206,,1.0,,<https://ziggy.ucolick.org/yse/transient_detail/2025wvw|*YSE-PZ*>,,
ANT2025qxghyg9w59r9,2025whr,---,,,323.19819116999673,27.87126944038445,19.464275360107425,6.33111509236187,full_lightgbm_02_2025,svi,SN Ibc,,,,,False,,,,0.989,False,,,,,,,0.989,674.C,<https://ziggy.ucolick.org/yse/transient_detail/2025whr|*YSE-PZ*>,,
ANT2025l124pn33ghnm,2025wpb,---,,,344.7120638,0.4835675019374861,17.23731803894043,80.12792059241474,full_lightgbm_02_2025,svi,SN IIn,0.3543199438428357,9906621696320013,0.090427,,False,-22.523949474496405,0.932555494379335,decals,0.537,True,SN Ibc,0.517,-20.82129300833141,,0.090427,,1.0,423.B,<https://ziggy.ucolick.org/yse/transient_detail/2025wpb|*YSE-PZ*>,,
ANT2025jug2gie9h5ew,2025vic,---,,,62.07580711220567,-6.497024023747613,19.201339721679688,17.045133508850995,full_lightgbm_02_2025,svi,SLSN-I,0.9210872403141654,9906618983650770,0.656399,,False,-20.207571738359512,0.99999999999974,decals,1.0,True,SN Ia,0.788,-23.28984730842781,,0.656399,,1.0,401.F,<https://ziggy.ucolick.org/yse/transient_detail/2025vic|*YSE-PZ*>,,
ANT20253zghrn41dndu,---,---,,,351.4139979602838,14.919430619036303,19.94770050048828,7.295446009018633,early_lightgbm_02_2025,svi,SLSN-I,1.330048316930431,9906627110637201,0.53315,,False,-20.962075773915856,0.997835823282321,decals,1.0,True,SN Ia,0.61,-22.08123869219826,,0.53315,,1.0,527.F,,,
ANT2025nlwzs8xny7nt,2025vjc,---,,,16.57246010000002,-0.9192000994081156,19.107580184936523,17.187112709150824,full_lightgbm_02_2025,svi,SN Ibc,3.148884056324663,1131408,0.0452423264563405,,False,-19.8899978115203,0.9999999999999892,glade,1.0,True,SN Ibc,0.999,-17.424975984078202,,0.0452423264563405,,1.0,423.B,<https://ziggy.ucolick.org/yse/transient_detail/2025vjc|*YSE-PZ*>,,
ANT2025mxme1mhg6yzx,2025xkn,---,,,11.660601292677304,29.897602439526253,18.68047142028809,0.2524252092625829,early_lightgbm_02_2025,svi,SLSN-I,0.6510862227860114,9906632253900835,0.207241,,False,-20.75681175142259,0.999999999999952,decals,1.0,True,SN Ia,0.493,-21.22596519093311,,0.207241,,1.0,674.C,<https://ziggy.ucolick.org/yse/transient_detail/2025xkn|*YSE-PZ*>,,
ANT20251aneqy7s23e0,---,---,,,351.38199528178217,13.836138787072358,20.115800857543945,13.217795609140012,early_lightgbm_02_2025,svi,SLSN-I,11.102539458399198,9906626653326071,0.398132,,False,-21.415238340576288,0.9999999998844528,decals,0.995,True,SLSN-I,0.853,-21.258530014284982,,0.398132,,1.0,527.F,,,
ANT2025x2p5jfbb98jv,---,---,,,12.858071150000583,3.671900797245472,19.67048072814941,2.1814414091568324,early_lightgbm_02_2025,svi,SN IIn,2.300088491683198,9906622835920028,0.150093,,False,-20.289050921584064,0.975740973404093,decals,0.836,True,SN Ibc,0.962,-19.514214300541973,,0.150093,,0.836,477.C,<https://ziggy.ucolick.org/yse/transient_detail/2025wsu|*YSE-PZ*>,,
ANT20253nktpll19xu0,2025wwk,SN Ia,0.020514,,5.342307908131635,22.43362477064916,15.922611236572266,1.0567771090354654,early_lightgbm_02_2025,svi,SN Ibc,3.405747938412106,NGC0083,0.0193197332968149,,False,-21.390672490427672,0.9999999999999936,glade,0.795,True,SN Ibc,0.919,-18.879174760895715,,0.020514,,0.876,577.D,<https://ziggy.ucolick.org/yse/transient_detail/2025wwk|*YSE-PZ*>,,
ANT2025o3drlegf131m,---,---,,,13.374184828856029,20.655355295843265,20.20940017700196,33.14479790918267,early_lightgbm_02_2025,svi,SN Ibc,0.1708049826331648,9906629094539722,0.543099,,False,-21.31382333047243,0.9999999999999892,decals,0.696,True,SN Ibc,0.753,-21.860805526140112,,0.543099,,1.0,577.B,,,
ANT2025vkfzmhlufbib,2025wyt,---,,,353.4445113993007,21.94923109519404,19.4862003326416,14.235335858815231,full_lightgbm_02_2025,svi,SLSN-I,1.888044711174623,9906629617716564,0.611448,,False,-19.98021143321463,0.9999999999998048,decals,1.0,True,SN Ia,0.743,-22.84782997491675,,0.611448,,1.0,577.D,<https://ziggy.ucolick.org/yse/transient_detail/2025wyt|*YSE-PZ*>,,
ANT2025bit71ql7wfgf,2025vqs,---,,,41.4952017,6.220584839894613,19.586292266845703,22.15731505844451,full_lightgbm_02_2025,svi,SLSN-I,,,,,False,,,,0.984,False,,,,,,,0.984,Virgo.B,<https://ziggy.ucolick.org/yse/transient_detail/2025vqs|*YSE-PZ*>,,
ANT2025idzs7thhp4op,2025rgm,SN Ia-91T-like,0.05,,16.2687452550306,-26.79899294470769,18.236064910888672,39.10008125872992,full_lightgbm_02_2025,svi,SN Ibc,5.22329475848215,763697,0.0514744393968899,,False,-19.00000222586124,0.6323412092099352,glade,0.952,False,SN Ibc,1.0,-18.51608347154089,,0.05,,0.952,,<https://ziggy.ucolick.org/yse/transient_detail/2025rgm|*YSE-PZ*>,,
ANT2025lwga3f8r7xqc,2025wsj,SN II,0.0296,,320.0330565999992,-3.907783913613088,19.280807495117188,14.325683863571612,full_lightgbm_02_2025,svi,SN Ibc,3.684012316589349,66574,0.0295492627032683,,False,-19.11000698113732,0.7795518328856936,glade,1.0,False,SN Ibc,1.0,-16.322165123857783,,0.0296,,1.0,423.E,<https://ziggy.ucolick.org/yse/transient_detail/2025wsj|*YSE-PZ*>,,
ANT2025wkhrztusp3af,2025uwo,---,,,57.89954302715078,14.144769927010516,19.07259559631348,21.09601946335169,full_lightgbm_02_2025,svi,SN Ibc,,,,,False,,,,1.0,False,,,,,,,1.0,527.F,<https://ziggy.ucolick.org/yse/transient_detail/2025uwo|*YSE-PZ*>,,
ANT2025yf671cbcrd0v,---,---,,,31.29824768391745,21.252384561112564,20.174320220947266,0.1028944633144419,early_lightgbm_02_2025,svi,SLSN-I,0.1537565392748213,9906629275422558,0.44264,,False,-19.72444256681259,0.99999999999999,decals,0.98,True,SN Ia,0.53,-21.43805277703575,,0.44264,,1.0,577.D,,,
ANT2025q6xkls5tllfm,2025wnb,---,,,324.1807759922586,36.86699311691459,19.67084312438965,0.3429523633967619,early_lightgbm_02_2025,svi,SLSN-I,,,,,False,,,,0.968,False,,,,,,,0.975,707.A,<https://ziggy.ucolick.org/yse/transient_detail/2025wnb|*YSE-PZ*>,,
ANT20252n962qnwpllq,2025ndr,SN Ia-CSM,,,306.3306088846542,-2.499980797488746,19.037960052490234,73.22490836327779,full_lightgbm_02_2025,svi,SN IIn,,,,,False,,,,0.906,False,,,,,,,1.0,423.A,<https://ziggy.ucolick.org/yse/transient_detail/2025ndr|*YSE-PZ*>,,
ANT2025yrd1t77lp0r0,2025tai,---,,,330.2586774,-10.978752,18.7734603881836,39.2020032631408,full_lightgbm_02_2025,svi,SN Ibc,2.5358774595813505,9906617372967082,0.079165,,False,-20.7014508195804,0.9999999999999788,decals,0.756,True,SN Ibc,0.879,-18.99100455209033,,0.079165,,0.8089999999999999,365.E,<https://ziggy.ucolick.org/yse/transient_detail/2025tai|*YSE-PZ*>,,
ANT2025czyk9p3wa1f5,2025wng,---,,,351.18308720587487,8.55058060205026,19.32929992675781,13.238803108906724,full_lightgbm_02_2025,svi,SLSN-I,1.6724613555629937,9906624708149759,0.273103,,False,-19.120851889509364,0.9999999999999628,decals,1.0,True,SN Ia,0.954,-21.19698514033315,,0.273103,,1.0,527.C,<https://ziggy.ucolick.org/yse/transient_detail/2025wng|*YSE-PZ*>,,
ANT20251vcvvgk9obz6,2025wwb,---,,,348.54496045,-1.502622348831025,19.127235412597656,14.223641008822597,full_lightgbm_02_2025,svi,SLSN-I,3.354816056881139,9906620942386711,0.536626,,False,-23.05719810656071,0.6588721318833768,decals,1.0,True,SLSN-I,0.892,-22.91621164307536,,0.536626,,1.0,423.B,<https://ziggy.ucolick.org/yse/transient_detail/2025wwb|*YSE-PZ*>,,
ANT20258dtqktcfsd1z,2025uib,---,,,28.356656,-0.5894147001693142,19.08739280700684,30.07662710895238,full_lightgbm_02_2025,svi,SLSN-I,0.1692387889311377,9906621235925248,0.886649,,False,-19.6282299481738,0.9998857925759348,decals,1.0,True,SN Ia,0.403,-24.06159771693288,,0.886649,,1.0,423.B,<https://ziggy.ucolick.org/yse/transient_detail/2025uib|*YSE-PZ*>,,
ANT20258skozp98a44z,2025sfo,SLSN-I,0.22,,320.07316210674384,-17.208896908040373,18.48853874206543,44.10784240880457,full_lightgbm_02_2025,svi,SLSN-I,,,,,False,,,,1.0,False,SN IIn,0.618,-21.551925941790333,,0.22,,1.0,,<https://ziggy.ucolick.org/yse/transient_detail/2025sfo|*YSE-PZ*>,,
ANT2025au5muud4atce,2025svu,SN Ia,0.027409,,302.13072657835096,-25.4538643601494,18.8234806060791,40.22418500877393,full_lightgbm_02_2025,svi,SN Ibc,16.966075015042435,ESO527-011,0.0276164359051736,,False,-21.89999310137719,0.9795674995324296,glade,0.998,False,SN Ibc,1.0,-16.611308680185616,,0.027409,,1.0,,<https://ziggy.ucolick.org/yse/transient_detail/2025svu|*YSE-PZ*>,,
ANT2025hdrhilq49tm5,2025wqh,---,,,344.54622439999963,15.094293086484797,19.513900756835938,7.284566908827401,early_lightgbm_02_2025,svi,SLSN-I,0.6609465554330319,9906627108930804,0.493981,,False,-20.04764125718255,0.9999999999999776,decals,0.97,True,SN Ia,0.658,-22.34444888002203,,0.493981,,1.0,,<https://ziggy.ucolick.org/yse/transient_detail/2025wqh|*YSE-PZ*>,,
ANT2025qkxqzvsh6vk8,2025uao,---,,,24.56936065369213,34.61364765051523,18.777393341064453,25.17478690877033,full_lightgbm_02_2025,svi,SN Ibc,,,,,False,,,,0.902,False,,,,,,,0.902,674.D,<https://ziggy.ucolick.org/yse/transient_detail/2025uao|*YSE-PZ*>,,
ANT2025i5r2uv24n93g,2025evp,---,,,91.4415813895878,48.49691724802665,18.24570083618164,147.344485908965,early_lightgbm_02_2025,svi,SN IIn,,,,,False,,,,0.855,False,,,,,,,1.0,749.D,<https://ziggy.ucolick.org/yse/transient_detail/2025evp|*YSE-PZ*>,,
ANT2025rb7dl64xklfr,---,---,,,24.7497847,4.962115118420073,19.981300354003903,0.2231086089595919,early_lightgbm_02_2025,svi,SN IIn,0.159073334268025,9906623309942435,0.080529,,False,-17.815772152186238,0.9999999999999925,decals,0.717,True,SN IIn,0.475,-17.820912634754986,,0.080529,,1.0,468.D,,,
ANT2025o6iv0eqbuzos,2025smd,SN Ia,0.121,,266.82561665962453,29.269052534596923,18.46582221984864,48.38372463762062,full_lightgbm_02_2025,svi,SLSN-I,1.2276989208688056,9906632065550980,0.340391,,False,-19.04489065142876,0.9999999999998016,decals,1.0,True,SN Ia,0.68,-20.23892618198461,,0.121,,1.0,674.C,<https://ziggy.ucolick.org/yse/transient_detail/2025smd|*YSE-PZ*>,,
ANT2025ous3ckmja4gg,2025ukr,SLSN-I,0.22,,320.73546532551103,-10.01330421246331,18.19029998779297,15.323169037525076,early_lightgbm_02_2025,svi,SLSN-I,0.5978609105819602,9906617742197420,0.571,,False,-20.09692885408266,0.9999999999999526,decals,1.0,True,SN IIn,0.973,-21.850164696062794,,0.22,,1.0,365.E,<https://ziggy.ucolick.org/yse/transient_detail/2025ukr|*YSE-PZ*>,,
ANT20253p2wqcrpe3cv,2025ngs,SN II,0.0063,,233.81951547727093,30.86548382826578,15.501531600952148,101.32541443762602,full_lightgbm_02_2025,svi,SN Ibc,11.850705243290376,NGC5961,0.0056284082992874,,False,-18.119973941924464,0.9064962928123422,glade,1.0,False,SN Ibc,1.0,-16.728690457787792,,0.0063,,1.0,674.A,<https://ziggy.ucolick.org/yse/transient_detail/2025ngs|*YSE-PZ*>,,
ANT20255uu11wwukgzc,2025yeh,---,,,42.52676120000001,1.353202800641384,17.77981948852539,9.229453737672884,full_lightgbm_02_2025,svi,SLSN-I,0.6628070086687763,9906621900260486,0.430865,,False,-20.77430460514772,0.9999999999999304,decals,0.998,True,SLSN-I,0.531,-23.772029127143284,,0.430865,,0.998,477.C,<https://ziggy.ucolick.org/yse/transient_detail/2025yeh|*YSE-PZ*>,,
ANT2025aiujgumdoutr,2025tzp,SN Ia,0.026512,,264.03501753699226,68.1516098127817,17.31381607055664,34.37879403756233,full_lightgbm_02_2025,svi,SN Ibc,21.60375305987596,NGC6419,0.0274920801500683,,False,-20.99999200232262,0.8388860834791219,glade,0.997,False,SN Ibc,0.855,-18.048230383326807,,0.026512,,0.997,,<https://ziggy.ucolick.org/yse/transient_detail/2025tzp|*YSE-PZ*>,,
ANT2025g6rt3p8wqe8b,2025vqf,---,,,285.52510791342286,61.38829493755131,18.6632137298584,21.268782537721563,full_lightgbm_02_2025,svi,SLSN-I,0.2586964345239985,9907740037285215,0.155837,,False,-17.891320144961846,0.9999999999999782,decals,0.966,True,SN Ia,0.944,-20.6053084936943,,0.155837,,0.98,,<https://ziggy.ucolick.org/yse/transient_detail/2025vqf|*YSE-PZ*>,,
ANT2025ritks4ygrqgz,2025wwv,---,,,244.05562544179,60.79435207641433,18.615985870361328,16.445796337735374,full_lightgbm_02_2025,svi,SN Ibc,0.4520485835653822,9907739894812239,0.172714,,False,-18.92325825657499,0.9999999999999832,decals,0.894,True,SN Ibc,0.81,-20.882312835346102,,0.172714,,0.897,,<https://ziggy.ucolick.org/yse/transient_detail/2025wwv|*YSE-PZ*>,,
ANT2025woqtaky3du9n,2025uuw,SN Ia,0.030088,,249.2317487050854,44.38002448201187,17.911441802978516,22.408551037602592,full_lightgbm_02_2025,svi,SN Ibc,6.578388787199526,2242967,0.0309105814656819,,False,-19.78000093343492,0.8788600517873875,glade,0.886,False,SN Ibc,0.984,-17.72730320474871,,0.030088,,0.886,749.C,<https://ziggy.ucolick.org/yse/transient_detail/2025uuw|*YSE-PZ*>,,
ANT2025ypcqpgg6qert,---,---,,,28.54616642070718,-3.525478556771162,19.869617462158203,15.192775537550917,early_lightgbm_02_2025,svi,SN IIn,0.9150838411594332,9906620103786833,0.926478,,False,-18.969938348913555,0.9053944605223808,decals,0.78,True,SN Ibc,0.927,-23.374107696637587,,0.926478,,1.0,423.E,,,
ANT202501tfxr0w73tg,2025xrr,---,,,351.71027196985744,21.86317404172881,19.23876953125,14.222911406213823,full_lightgbm_02_2025,svi,SLSN-I,0.5342583988262072,9906629529633469,0.409488,,False,-19.508549106587807,0.9343284909411262,decals,1.0,True,SN Ia,0.688,-22.198771764127503,,0.409488,,1.0,577.D,<https://ziggy.ucolick.org/yse/transient_detail/2025xrr|*YSE-PZ*>,,
ANT20259c2hiagz72wk,2025osq,SN Ic,0.01,,351.5070333466245,47.108903810579335,18.017534255981445,90.24168450608704,full_lightgbm_02_2025,svi,SN Ibc,,,,,False,,,,1.0,False,SN Ibc,0.999,-15.21809811283355,,0.01,,1.0,749.E,<https://ziggy.ucolick.org/yse/transient_detail/2025osq|*YSE-PZ*>,,
ANT2025tf9pinlxo5p5,---,---,,,351.53653982755816,-20.0733574099302,19.28919982910156,26.25409190626669,full_lightgbm_02_2025,svi,SN Ibc,,,,,False,,,,1.0,False,,,,,,,1.0,,,,
ANT2025lkgntrtra7bm,2025xfs,---,,,6.2833435,-4.194332068472335,19.278966903686523,20.211360406035965,full_lightgbm_02_2025,svi,SLSN-I,2.620269754039134,9906619815232488,0.347716,,False,-21.89951723065609,0.5919526203309833,decals,1.0,True,SN Ia,0.773,-21.790811979336745,,0.347716,,1.0,423.E,<https://ziggy.ucolick.org/yse/transient_detail/2025xfs|*YSE-PZ*>,,
ANT20255jrj47aym8gi,2025xkm,---,,,1.130845409446521,-4.0903135340480645,19.27182006835937,16.188490106163954,full_lightgbm_02_2025,svi,SLSN-I,0.3696863083529013,9906619908099700,0.35846,,False,-19.823907795776726,0.9996973663644948,decals,0.999,True,SN Ia,0.76,-21.866432104058177,,0.35846,,1.0,423.E,<https://ziggy.ucolick.org/yse/transient_detail/2025xkm|*YSE-PZ*>,,
ANT2025aed0phnch9gl,2025rod,---,,,72.99483185827178,-13.958043208392525,18.676816940307617,27.05213590608764,full_lightgbm_02_2025,svi,SN Ibc,,,,,False,,,,0.947,False,,,,,,,0.993,,<https://ziggy.ucolick.org/yse/transient_detail/2025rod|*YSE-PZ*>,,
ANT2025wl203qn04gl8,2025xdt,---,,,246.8044375815861,33.472179634351605,18.37388610839844,18.39562967162783,full_lightgbm_02_2025,dynesty,SLSN-I,1.023667124017314,9907732944193738,0.173433,,False,-20.40362100714196,0.9999999999999702,decals,1.0,True,SN Ia,0.47,-21.133703693244776,,0.173433,,1.0,674.D,<https://ziggy.ucolick.org/yse/transient_detail/2025xdt|*YSE-PZ*>,,
ANT2025ivrq2fzh3p86,2025yod,---,,,259.21801005287745,32.29276063452305,19.295595169067383,0.4375046717395889,early_lightgbm_02_2025,svi,SLSN-I,1.4904157680201686,9906633038367376,0.177134,,False,-19.614653620818004,0.9830418224267272,decals,0.853,True,SN Ia,0.973,-20.25922784482328,,0.177134,,0.89,674.A,<https://ziggy.ucolick.org/yse/transient_detail/2025yod|*YSE-PZ*>,,
ANT2025qop5g4u54hiu,---,---,,,131.50788148099448,53.25944807196702,19.94782066345215,0.1503981717323768,early_lightgbm_02_2025,svi,SN IIn,1.864536342749666,9907738330924531,0.339323,,False,-19.750295369871743,0.9999999999961856,decals,0.551,True,SN Ibc,0.44,-21.066974298233024,,0.339323,,0.999,749.D,,,
ANT202560lo4gxp3am2,2025ytn,---,,,105.35493765000008,56.5348514,17.925048828125,2.1084205838124035,early_lightgbm_02_2025,svi,SLSN-I,4.610563849988501,9907739036551821,0.191812,,False,-19.20849073148133,0.7419557268706107,decals,1.0,True,SN II,0.81,-21.80799163950121,,0.191812,,1.0,,<https://ziggy.ucolick.org/yse/transient_detail/2025ytn|*YSE-PZ*>,,
ANT2025qy0cspuqa2nv,2025seu,---,0.2544,,268.3772966,61.77749839999999,19.34233665466309,46.16379098400648,full_lightgbm_02_2025,svi,SLSN-I,1.1838423732993235,9907740080146081,0.219603,,False,-22.129831033390783,0.9999999999999902,decals,1.0,True,SLSN-I,0.987,-21.02443966553711,,0.2544,,1.0,,<https://ziggy.ucolick.org/yse/transient_detail/2025seu|*YSE-PZ*>,,
ANT2025e1f4eefxr5kj,2025yqs,---,,,23.52860175000008,-23.178258176017792,19.686500549316406,7.204253883959609,early_lightgbm_02_2025,svi,SLSN-I,0.3986431183098735,9906612879365955,0.465511,,False,-19.546859416198533,0.999999999999984,decals,1.0,True,SLSN-I,0.668,-22.038874612398555,,0.465511,,1.0,,<https://ziggy.ucolick.org/yse/transient_detail/2025yqs|*YSE-PZ*>,,
ANT2025b68t0svbfyvz,2025yki,---,,,22.38485123792947,-16.199241161508866,19.75484085083008,0.1636288840527413,early_lightgbm_02_2025,svi,SLSN-I,0.3905533726944347,9906615366844951,0.735869,,False,-19.159652211170823,0.9981373367741112,decals,0.998,True,SN Ia,0.722,-22.98811893566563,,0.735869,,1.0,,<https://ziggy.ucolick.org/yse/transient_detail/2025yki|*YSE-PZ*>,,
ANT2025tfq70fgngiec,2025xqu,SN Ic,0.0388,,2.7971247,1.804064390782841,17.5389461517334,2.2286635836790083,early_lightgbm_02_2025,svi,SN Ibc,2.974669299205889,9906622078584372,0.035404,,False,-18.74785798966668,0.9916584807280509,decals,0.997,True,SN Ibc,0.997,-18.65665715645892,,0.0388,,0.997,477.C,<https://ziggy.ucolick.org/yse/transient_detail/2025xqu|*YSE-PZ*>,,
ANT202540hsf3fkgmwi,2025uod,SN Ia,,,78.85741884999999,-3.472320449999998,18.31993293762207,31.09036498369824,full_lightgbm_02_2025,svi,SN Ibc,,,,,False,,,,0.996,False,,,,,,,0.996,423.E,<https://ziggy.ucolick.org/yse/transient_detail/2025uod|*YSE-PZ*>,,
ANT2025lssndct09jxi,2025nmv,---,,,14.54705025166194,23.305456149914235,19.18109893798828,24.266302484014886,full_lightgbm_02_2025,svi,SN IIn,1.2897720624006543,9906629971741329,0.191896,,False,-21.494620175908924,0.9935454431327252,decals,0.993,True,SN II,0.964,-20.55292227168695,,0.191896,,1.0,618.A,<https://ziggy.ucolick.org/yse/transient_detail/2025nmv|*YSE-PZ*>,,
ANT2025gpi18rjqk67g,2025nch,SN II,0.06,,21.800692326271545,17.193114660329982,18.47285842895508,84.1554112838785,full_lightgbm_02_2025,svi,SN IIn,4.704211567483311,9906627844441816,0.056837,,False,-20.8362222553291,0.9923459368634168,decals,0.991,True,SN II,0.946,-18.680287302471545,,0.06,,1.0,575.A,<https://ziggy.ucolick.org/yse/transient_detail/2025nch|*YSE-PZ*>,,
ANT2025l7equzc5p4ow,2025vlz,---,,,43.0822806,0.5564498005753364,18.811988830566406,25.057783984040725,full_lightgbm_02_2025,svi,SN Ibc,2.5421611850434265,1169116,0.0430753526969028,,False,-19.83999918779819,0.9999999999999916,glade,0.984,True,SN Ia,0.584,-17.612853687137303,,0.0430753526969028,,0.984,423.B,<https://ziggy.ucolick.org/yse/transient_detail/2025vlz|*YSE-PZ*>,,
ANT2025jlulig455ip6,2025shf,SN Ic-BL,0.0353,,347.52794903697804,3.153367971833788,17.585357666015625,56.13854788376193,full_lightgbm_02_2025,svi,SN Ibc,0.1758883457273165,9906622735057745,0.089483,,False,-17.37326721577914,0.9999999999999902,decals,0.982,True,SN Ibc,0.997,-18.403097880749097,,0.0353,,0.982,477.C,<https://ziggy.ucolick.org/yse/transient_detail/2025shf|*YSE-PZ*>,,
ANT20253hdntmpj0s1h,2025xum,---,,,37.20475060000324,51.460313233227474,19.329952239990234,7.227367283703643,full_lightgbm_02_2025,svi,SN Ibc,2.9955802956544364,02284886+5127386,0.0535719184669327,,False,-21.9199988336478,0.999999999999985,glade,0.978,True,SN Ibc,0.992,-17.573865145308208,,0.0535719184669327,,0.978,401.F,<https://ziggy.ucolick.org/yse/transient_detail/2025xum|*YSE-PZ*>,,
ANT2025yizly54ab4bc,2025xfh,---,,,353.448886048544,30.215194710801107,19.2724609375,16.28180018386047,full_lightgbm_02_2025,svi,SLSN-I,15.493859312744146,9906632413349958,0.184177,,False,-19.54806595463786,0.9952879826544088,decals,0.978,True,SN Ia,0.863,-20.36962212816985,,0.184177,,0.988,674.C,<https://ziggy.ucolick.org/yse/transient_detail/2025xfh|*YSE-PZ*>,,
ANT2025dkbt6zdqawgg,2025xrm,---,,,9.257491635077011,16.604045399476774,19.646299362182617,16.271719183700043,full_lightgbm_02_2025,svi,SN Ibc,1.3504678854688936,9906627569978036,0.05564,,False,-20.06323768855015,0.9996834081710416,decals,0.974,True,SN Ia,0.701,-17.340821528652928,,0.05564,,1.0,575.A,<https://ziggy.ucolick.org/yse/transient_detail/2025xrm|*YSE-PZ*>,,
ANT2025c5ybj00yeazg,2025wbt,---,,,9.631697337869262,39.63826977302492,19.449752807617188,27.194751583898324,early_lightgbm_02_2025,svi,SN IIn,,,,,False,,,,0.912,False,,,,,,,1.0,719.A,<https://ziggy.ucolick.org/yse/transient_detail/2025wbt|*YSE-PZ*>,,
ANT2025dy1tu1qk47a1,2025xgz,---,,,138.51702346415647,25.16640195423858,18.24869155883789,11.003213308154956,full_lightgbm_02_2025,dynesty,SLSN-I,0.5754031122028057,9906630691327661,0.185427,,False,-18.430357991231613,0.9999999999999668,decals,0.993,True,SN Ia,0.438,-21.40853443143583,,0.185427,,1.0,618.A,<https://ziggy.ucolick.org/yse/transient_detail/2025xgz|*YSE-PZ*>,,
ANT20252obis9p8vyuh,---,---,,,117.33845346530563,23.127486483109465,19.38967704772949,0.0926346079068025,early_lightgbm_02_2025,svi,SN IIn,0.5275536633256449,9906629996577806,0.349375,,False,-20.425269105670434,0.9999999999999764,decals,0.647,True,SN II,0.529,-21.69081248359941,,0.349375,,1.0,618.A,,,
ANT2025yefku6diuioa,---,---,,,132.6507516,28.767005268604898,19.93769836425781,0.0371253079356392,early_lightgbm_02_2025,svi,SLSN-I,11.423919903924986,9906631869402002,0.339311,,False,-20.859652898979387,0.6055116004406917,decals,0.64,False,,,,,,,0.9,674.C,,,
ANT2025hyqqx5vjgpt1,2025sny,SN IIb,0.04,,356.0038995521348,51.08849290236935,17.952421188354492,59.17235790634732,full_lightgbm_02_2025,svi,SN Ibc,,,,,False,,,,0.962,False,SN Ibc,0.994,-18.30995839145342,,0.04,,1.0,749.F,<https://ziggy.ucolick.org/yse/transient_detail/2025sny|*YSE-PZ*>,,
ANT2025w8tjyoo0qxbr,2025yyr,---,,,16.989265591399114,32.702993612484015,19.48603820800781,0.1395570060631143,early_lightgbm_02_2025,svi,SN IIn,3.880437920354058,9906633144337806,0.087563,,False,-20.42266401118812,0.9999999999999404,decals,0.954,True,SN IIn,0.441,-18.501346396737585,,0.087563,,0.959,674.A,<https://ziggy.ucolick.org/yse/transient_detail/2025yyr|*YSE-PZ*>,,
ANT2025l25ofvhoko72,2025yay,---,,,27.586348300000008,0.9156625016091198,19.39075088500977,1.2014667063413071,early_lightgbm_02_2025,svi,SN Ibc,5.146352675572793,J015020.86+005501,0.1068958443785492,,False,-20.49000137583848,0.9999999999999434,glade,0.912,False,,,,,,,0.974,468.A,<https://ziggy.ucolick.org/yse/transient_detail/2025yay|*YSE-PZ*>,,
ANT2025wgipw7ot54mi,2025wxd,---,,,332.20387246017185,31.935820741947843,19.84516143798828,0.3312584061568486,early_lightgbm_02_2025,svi,SLSN-I,,,,,False,,,,0.904,False,,,,,,,1.0,674.A,<https://ziggy.ucolick.org/yse/transient_detail/2025wxd|*YSE-PZ*>,,
ANT2025k2dj14efel5b,2025xjm,---,,,297.42879716297074,-23.659530556360167,18.229135513305664,9.411177406313072,full_lightgbm_02_2025,svi,SN Ibc,1.3224714489660716,798517,0.0438515357757754,,False,-20.560004604843165,0.9999999999999948,glade,0.832,False,,,,,,,0.832,,<https://ziggy.ucolick.org/yse/transient_detail/2025xjm|*YSE-PZ*>,,
ANT202524ezakp0ncl1,2025yjr,---,,,20.516746217742604,7.27180714278289,19.30755043029785,0.1691172064674901,early_lightgbm_02_2025,svi,SN IIn,0.3331207790822162,9906624154240923,0.165766,,False,-19.715397200067137,0.9999999999999886,decals,0.795,True,SN Ibc,0.981,-20.09895059469948,,0.165766,,0.962,Virgo.B,<https://ziggy.ucolick.org/yse/transient_detail/2025yjr|*YSE-PZ*>,,
ANT2025ra5qaxv4dj5j,2025zkd,---,,,357.60580925668467,54.05513398176755,19.49883270263672,0.33521670637856,early_lightgbm_02_2025,svi,SLSN-I,,,,,False,,,,0.748,False,,,,,,,0.8180000000000001,,<https://ziggy.ucolick.org/yse/transient_detail/2025zkd|*YSE-PZ*>,,
ANT2025ylito3goeiby,2025nni,SN II,0.09,,247.2081919466956,20.54738567861267,18.20952606201172,32.387716706136416,early_lightgbm_02_2025,svi,SN IIn,4.9422272950069726,9906629063540899,0.175564,,False,-18.431391342069222,0.5577840671125573,decals,0.735,False,SN IIn,0.815,-19.83860789991836,,0.09,,1.0,577.B,<https://ziggy.ucolick.org/yse/transient_detail/2025nni|*YSE-PZ*>,,
ANT20258215ymfezuax,2025wud,---,,,262.4133637142977,1.9507902012148577,16.552913665771484,53.33067970605771,full_lightgbm_02_2025,svi,SLSN-I,,,,,False,,,,0.652,False,,,,,,,0.997,477.C,<https://ziggy.ucolick.org/yse/transient_detail/2025wud|*YSE-PZ*>,,
ANT2025gh44as1fpova,2025yyf,---,,,107.93355237231192,42.958538501617376,18.5993595123291,0.0805974167233216,early_lightgbm_02_2025,svi,SLSN-I,0.678863207930493,9907735736224838,0.143826,,False,-19.632791307388764,0.999999999999992,decals,0.993,True,SN Ia,0.973,-20.49019697752752,,0.143826,,1.0,719.D,<https://ziggy.ucolick.org/yse/transient_detail/2025yyf|*YSE-PZ*>,,
ANT20254ea77hud10t9,2025yde,---,,,316.3112956518643,12.664129077366283,18.80115127563477,13.223780316991906,full_lightgbm_02_2025,svi,SN Ibc,7.827437818798431,9906626276691446,0.023099,,False,-19.607521107205347,0.6244096184200648,decals,0.737,True,SN II,0.594,-16.259776908592183,,0.023099,,1.0,527.F,<https://ziggy.ucolick.org/yse/transient_detail/2025yde|*YSE-PZ*>,,
ANT2025ayk8ofcy0y3h,2025wny,---,,,109.14377075654996,38.35215516370232,19.12958526611328,4.164058116955857,full_lightgbm_02_2025,svi,SN Ibc,1.5378018613024356,9907734371045260,0.366618,,False,-23.12164878655442,0.9999999999999856,decals,0.593,True,SN Ibc,0.919,-22.05929519049562,,0.366618,,1.0,719.A,<https://ziggy.ucolick.org/yse/transient_detail/2025wny|*YSE-PZ*>,,
ANT20257fru79k2p1mv,2025xhs,---,,,237.42157644156595,53.26192337944445,18.80415344238281,12.368183400183623,full_lightgbm_02_2025,svi,SN Ibc,10.333939764296757,2436036,0.0503435973780116,,False,-19.899998890326373,0.9999999999999596,glade,1.0,True,SN Ibc,0.941,-17.963043178288956,,0.0503435973780116,,1.0,749.F,<https://ziggy.ucolick.org/yse/transient_detail/2025xhs|*YSE-PZ*>,,
ANT202563d1mf738p13,---,---,,,353.6024434317587,44.195311904883454,19.069225311279297,35.16028990007908,full_lightgbm_02_2025,svi,SN Ibc,,,,,False,,,,1.0,False,,,,,,,1.0,749.C,<https://ziggy.ucolick.org/yse/transient_detail/2025uwa|*YSE-PZ*>,,
ANT2025ghmulzs9c9cu,2025ymx,---,,,336.8961383000003,29.73111860000003,18.11616325378418,5.3148732000772725,early_lightgbm_02_2025,svi,SLSN-I,2.679476468437543,9906632245973540,0.524959,,False,-22.16664561141998,0.9999999999616502,decals,1.0,True,SN Ia,0.781,-23.878197814851426,,0.524959,,1.0,674.C,<https://ziggy.ucolick.org/yse/transient_detail/2025ymx|*YSE-PZ*>,,
ANT20252zdtt65prcws,2025zqz,---,,,346.1518784679002,27.804755454966973,19.317302703857425,0.3245144003813038,early_lightgbm_02_2025,svi,SLSN-I,0.2120237065048488,9906631585829358,0.680464,,False,-21.39976255866636,0.9999999999999823,decals,0.999,True,SN Ia,0.803,-23.25340791833546,,0.680464,,1.0,674.C,<https://ziggy.ucolick.org/yse/transient_detail/2025zqz|*YSE-PZ*>,,
ANT202568udf55ym1l1,2025rak,SN Ia,,,356.84052572202177,19.91821904635802,18.469526290893555,74.18548660043598,full_lightgbm_02_2025,svi,SN Ibc,4.277796850176937,9906628913267137,0.534704,,False,-19.88582950226751,0.5711978158953062,decals,0.991,False,,,,,,,1.0,577.B,<https://ziggy.ucolick.org/yse/transient_detail/2025rak|*YSE-PZ*>,,
ANT20258fjyg7rlub71,2025uso,SN IIb,0.0252,,244.2393878366795,35.05578897127894,18.073806762695312,33.3515746003759,full_lightgbm_02_2025,svi,SN Ibc,0.8337040043660918,9907733412515622,0.033129,,False,-17.6793213813912,0.9999999999999892,decals,0.983,True,SN Ibc,0.886,-17.177312278286735,,0.0252,,1.0,674.D,<https://ziggy.ucolick.org/yse/transient_detail/2025uso|*YSE-PZ*>,,
ANT20257v1l8din7knm,2025nlw,SN II,0.04,,16.0932443744244,-16.741125202783465,18.49271011352539,52.150868600401736,full_lightgbm_02_2025,dynesty,SN Ibc,6.317242209154752,9906615184202858,0.099497,,False,-18.797179797578497,0.9493493772310964,decals,0.816,True,SN II,0.983,-17.769669466282522,,0.04,,1.0,,<https://ziggy.ucolick.org/yse/transient_detail/2025nlw|*YSE-PZ*>,,
ANT2025jnr6aax5ieqz,2025qmf,Nova,,,9.88056611064322,41.19113932790267,18.447906494140625,38.062824600077874,full_lightgbm_02_2025,dynesty,SN Ibc,,,,,False,,,,0.746,False,,,,,,,1.0,719.D,<https://ziggy.ucolick.org/yse/transient_detail/2025qmf|*YSE-PZ*>,,
ANT2025e9cjqlixzond,---,---,,,352.7698943,-13.40817477513177,19.73314666748047,0.2323038002286921,early_lightgbm_02_2025,svi,SN Ibc,8.343874012431181,9906616455075318,0.468217,,False,-21.00804955736185,0.5666603241879316,decals,0.675,False,,,,,,,0.841,,,,
ANT202567anx07i5oc2,2025zha,---,,,42.94036470992842,14.022984252652876,19.57706642150879,12.201261198912109,full_lightgbm_02_2025,svi,SN Ibc,,,,,False,,,,1.0,False,,,,,,,1.0,527.F,<https://ziggy.ucolick.org/yse/transient_detail/2025zha|*YSE-PZ*>,,
ANT2025cnwlkir7421f,2025ydj,---,,,345.08734455266534,-20.79688988352791,19.27578353881836,19.218830599282228,full_lightgbm_02_2025,svi,SN Ibc,,,,,False,,,,0.997,False,,,,,,,0.999,,<https://ziggy.ucolick.org/yse/transient_detail/2025ydj|*YSE-PZ*>,,
ANT2025z31whgvve7ka,2025yvg,SN Ia,0.028673,,25.420399899999985,5.853766373546009,17.783187866210938,4.032082898840599,early_lightgbm_02_2025,svi,SN Ibc,2.9918107053032528,6246,0.0286312869593865,,False,-20.92999795110994,0.9999999999999905,glade,0.989,False,SN Ibc,0.978,-17.750188858479987,,0.028673,,0.999,468.D,<https://ziggy.ucolick.org/yse/transient_detail/2025yvg|*YSE-PZ*>,,
ANT2025kz3i6h79y0gk,2025znf,---,,,78.3930338,3.50613360014286,19.767452239990234,10.074559799228156,full_lightgbm_02_2025,svi,SN Ibc,,,,,False,,,,0.978,False,,,,,,,0.979,477.C,<https://ziggy.ucolick.org/yse/transient_detail/2025znf|*YSE-PZ*>,,
ANT20253sy8hh4xwram,2025xyu,---,,,340.4331807,-1.6181899807420024,18.880739212036133,10.29981439916446,full_lightgbm_02_2025,svi,SLSN-I,0.6786953153013353,9906620940229471,0.181087,,False,-20.55025744149373,0.9902946662895338,decals,0.976,True,SN Ia,0.958,-20.72347178692518,,0.181087,,0.977,423.B,<https://ziggy.ucolick.org/yse/transient_detail/2025xyu|*YSE-PZ*>,,
ANT2025pjv4qhbl0jtj,2025yqt,---,,,354.42591986571125,-7.716633039896848,18.933300018310547,10.291995025239885,early_lightgbm_02_2025,svi,SLSN-I,1.0630591098777538,9906618591023017,0.502967,,False,-19.60500936072694,0.9716241047839784,decals,1.0,True,SN Ia,0.826,-22.96538945103685,,0.502967,,1.0,365.F,<https://ziggy.ucolick.org/yse/transient_detail/2025yqt|*YSE-PZ*>,,
ANT2025hiqjrv1xuvug,2025xap,---,,,1.960336584117153,5.647448508879322,18.787857055664062,32.16175192501396,full_lightgbm_02_2025,svi,SN Ibc,0.4390292623056118,9906623586176942,0.049673,,False,-18.4676777383062,0.9999679876979102,decals,1.0,True,SN Ibc,0.997,-17.949874634182237,,0.049673,,1.0,468.D,<https://ziggy.ucolick.org/yse/transient_detail/2025xap|*YSE-PZ*>,,
ANT2025cdemkslpk95v,2025xjg,---,,,29.41142401200485,5.254488370020113,19.3018798828125,23.151126925367866,full_lightgbm_02_2025,svi,SLSN-I,1.225601504418394,9906623405295314,0.245472,,False,-19.60756782834705,0.9995074107778232,decals,1.0,True,SN Ia,0.967,-20.984608023914586,,0.245472,,1.0,468.D,<https://ziggy.ucolick.org/yse/transient_detail/2025xjg|*YSE-PZ*>,,
ANT2025xh9n0k84fgya,2025yac,---,,,269.5661230918482,35.612789592133375,19.261444091796875,24.386080625467,full_lightgbm_02_2025,svi,SLSN-I,0.5134656057318648,9907733572357788,0.805719,,False,-20.30875602703521,0.9999999999999762,decals,0.999,True,SN IIn,0.398,-23.679842143359306,,0.805719,,0.999,674.D,<https://ziggy.ucolick.org/yse/transient_detail/2025yac|*YSE-PZ*>,,
ANT2025uzhezb6ojh1l,2025xha,---,,,12.158729404407588,-18.810813242398908,19.208572387695312,23.229691725224257,full_lightgbm_02_2025,svi,SN Ibc,0.3834823937340747,9906614463497716,0.407692,,False,-19.829756436037577,0.7182239598322087,decals,0.962,False,,,,,,,0.98,,<https://ziggy.ucolick.org/yse/transient_detail/2025xha|*YSE-PZ*>,,
ANT2025jfazmqah6mv8,2025pjx,SN II,0.015,,13.355885217313702,29.278460479169127,16.985567092895508,65.23164782533422,full_lightgbm_02_2025,svi,SN IIn,33.2392631545886,UGC00542,0.0149433757891842,,False,-20.96572931509681,0.9583367973884076,glade,0.776,False,SN II,0.514,-17.13334707184955,,0.015,,1.0,674.C,<https://ziggy.ucolick.org/yse/transient_detail/2025pjx|*YSE-PZ*>,,
ANT2025u1o5yadhyhot,2025zwm,---,,,57.681710200000005,-2.452358986451572,17.817628860473633,0.1771561306086368,early_lightgbm_02_2025,svi,SLSN-I,0.9385916618689976,9906620488617937,1.014485,,False,-22.30721402747945,0.8007838895648774,decals,0.987,True,SN II,0.688,-25.620387648040904,,1.014485,,1.0,423.B,<https://ziggy.ucolick.org/yse/transient_detail/2025zwm|*YSE-PZ*>,,
ANT2025fawiuxaz8hq3,---,---,,,98.8593747766049,18.217413508512426,19.077369689941406,11.059413030568976,full_lightgbm_02_2025,svi,SN Ibc,,,,,False,,,,0.984,False,,,,,,,0.989,575.A,,,
ANT2025xufby7pajtqf,2025xrl,---,,,42.26175448428721,41.59935847405741,18.84654235839844,24.187873730261344,full_lightgbm_02_2025,svi,SN Ibc,,,,,False,,,,0.878,False,,,,,,,0.878,719.D,<https://ziggy.ucolick.org/yse/transient_detail/2025xrl|*YSE-PZ*>,,
ANT20254wi3g0m58pr0,2025zzw,---,,,117.4171170222624,34.08965231485458,18.596820831298828,0.0102463302318938,early_lightgbm_02_2025,svi,SN Ibc,0.4604095767789296,9907733073232337,0.154776,,False,-18.37667520346384,0.9999999999999728,decals,0.774,True,SN Ia,0.5,-20.65644868439017,,0.154776,,1.0,674.D,<https://ziggy.ucolick.org/yse/transient_detail/2025zzw|*YSE-PZ*>,,
ANT2025fcl9n6malwnz,2025yyp,SN II,0.031603,,122.52507179562956,46.1921422532239,19.36542320251465,12.031623730261344,early_lightgbm_02_2025,svi,SN Ibc,7.014851042658158,08100544+4611353,0.0320437692510037,,False,-20.530003819816407,0.9999999999999832,glade,0.75,False,SN Ia,0.775,-16.380815399296544,,0.031603,,0.996,749.E,<https://ziggy.ucolick.org/yse/transient_detail/2025yyp|*YSE-PZ*>,,
ANT2025p4d4a58osyl6,2025zrh,---,,,115.41078958125075,7.996562381270493,18.94402885437012,0.0645866303821094,early_lightgbm_02_2025,dynesty,SN IIn,,,,,False,,,,0.703,False,,,,,,,1.0,Virgo.B,<https://ziggy.ucolick.org/yse/transient_detail/2025zrh|*YSE-PZ*>,,
ANT2025cu57q2srd1zf,2025kjd,SN IIn,0.085,,270.486467683256,66.08674405108165,18.98959922790528,137.15448250940972,full_lightgbm_02_2025,svi,SN IIn,0.9927572634417364,9907740789507404.0,0.367623,,False,-19.108618259065945,0.9986481524830756,decals,0.998,True,SN IIn,0.997,-18.93207032690435,,0.085,,1.0,,<https://ziggy.ucolick.org/yse/transient_detail/2025kjd|*YSE-PZ*>,,
ANT2025rmy2gv6rq5h5,---,---,,,355.7990139027913,-15.379506783716876,19.39780044555664,40.2538691092559,early_lightgbm_02_2025,svi,SLSN-I,,,,,False,,,,0.997,False,,,,,,,1.0,,<https://ziggy.ucolick.org/yse/transient_detail/2025uwq|*YSE-PZ*>,,
ANT2025xaspk314w467,2025zmq,---,,,19.336162676884182,11.573475825746272,19.406719207763672,0.2247603092619101,early_lightgbm_02_2025,svi,SN IIn,0.8893483800290973,9906625738641289,0.166373,,False,-20.038050305931,0.9987861326545416,decals,0.869,True,SN Ibc,0.888,-20.007951120101133,,0.166373,,0.869,527.C,<https://ziggy.ucolick.org/yse/transient_detail/2025zmq|*YSE-PZ*>,,
ANT202545z5ex7dz6xg,2025tsl,SN II,0.065502,,256.3893114019164,78.85376026583342,18.636924743652344,51.30243390931719,full_lightgbm_02_2025,svi,SN IIn,3.3224003052505267,17053342+7851168,0.0656466083557828,,False,-22.650000562905912,0.9832051763031846,glade,0.794,True,SN II,0.575,-18.70948514027138,,0.065502,,1.0,,<https://ziggy.ucolick.org/yse/transient_detail/2025tsl|*YSE-PZ*>,,
ANT2025ttnbu6p6j6jq,2025zoy,---,,,264.5846041930086,41.16974284295376,18.025041580200195,9.42576844872383,early_lightgbm_02_2025,svi,SN IIn,0.1155772391633134,9907735275373378,0.114071,,False,-20.893196345947324,0.9999999999999946,decals,1.0,True,SN Ibc,0.967,-20.54864436768227,,0.114071,,1.0,719.D,<https://ziggy.ucolick.org/yse/transient_detail/2025zoy|*YSE-PZ*>,,
ANT2025841zpleo304h,2025xjj,---,,,287.02670409320086,69.56604155133664,18.93522453308105,28.372736048637307,full_lightgbm_02_2025,svi,SLSN-I,0.1218110911164335,9907741293478094,0.204767,,False,-19.268602251320043,0.9999754083469848,decals,1.0,True,SN Ia,0.98,-20.94428345451328,,0.204767,,1.0,,<https://ziggy.ucolick.org/yse/transient_detail/2025xjj|*YSE-PZ*>,,
ANT2025b81h4ohp6cqa,2025zro,---,,,263.6678977874882,25.73401899657182,19.615100860595703,12.435039348652936,full_lightgbm_02_2025,svi,SLSN-I,0.5692099533172444,9906630891668368,0.244245,,False,-19.43268617818938,0.9992891487307674,decals,1.0,True,SN Ia,0.694,-20.660127415558936,,0.244245,,1.0,618.A,<https://ziggy.ucolick.org/yse/transient_detail/2025zro|*YSE-PZ*>,,
ANT2025nsm0cjy2na0r,2025qhc,---,,,269.4942814758575,17.962666520209154,19.492950439453125,41.37553694866074,full_lightgbm_02_2025,svi,SLSN-I,0.1870349460931813,9906628176839521,0.661345,,False,-21.65517486732352,0.9992909759548014,decals,1.0,True,SN IIn,0.961,-23.01483046178386,,0.661345,,1.0,575.A,<https://ziggy.ucolick.org/yse/transient_detail/2025qhc|*YSE-PZ*>,,
ANT2025rqi7i67okvrf,2025zqv,SN Ia,,,341.0624470173658,17.15649825620497,18.42659378051757,2.3238124486379093,early_lightgbm_02_2025,svi,SLSN-I,1.1937984697966275,9906627924528298,0.812681,,False,-20.768616077991503,0.828799905617325,decals,1.0,True,SN Ia,0.885,-24.53343419789284,,0.812681,,1.0,575.A,<https://ziggy.ucolick.org/yse/transient_detail/2025zqv|*YSE-PZ*>,,
ANT2025bapwkldm1h1h,2025xjq,---,,,248.2475646999993,36.22834045025317,18.80476188659668,21.42437954874185,full_lightgbm_02_2025,svi,SLSN-I,3.231534558757888,9907733797670004,0.231347,,False,-18.8071942814854,0.9999999999999206,decals,1.0,True,SN Ia,0.814,-21.348600923912336,,0.231347,,1.0,674.D,<https://ziggy.ucolick.org/yse/transient_detail/2025xjq|*YSE-PZ*>,,
ANT2025qzpioz751wxu,---,---,,,19.07737176672956,-9.104687305459407,20.23249244689941,0.2365207488037413,early_lightgbm_02_2025,svi,SLSN-I,0.2410386590541691,9906618036718290,0.456541,,False,-21.53996776846509,0.9969871022407218,decals,1.0,True,SLSN-I,0.876,-21.449254054486072,,0.456541,,1.0,365.F,,,
ANT2025rfrmqad55jyi,---,---,,,341.3338318,23.4063065,20.624099731445312,4.300432848962373,early_lightgbm_02_2025,dynesty,SN IIn,,,,,False,,,,0.838,False,,,,,,,1.0,618.A,,,
ANT20256gq7n1f46aez,2025vli,---,,,28.350865016407173,27.57602314710181,19.88001823425293,56.12906849023421,full_lightgbm_02_2025,svi,SN IIn,0.7295493408340112,9906631428149830,0.146189,,False,-18.28342357867377,0.9999999999999905,decals,0.898,True,SN II,0.986,-19.24588104683882,,0.146189,,1.0,674.C,<https://ziggy.ucolick.org/yse/transient_detail/2025vli|*YSE-PZ*>,,
ANT2025h2f8qkvth9af,2025zhg,---,,,75.8933609,4.680939397793551,18.47677993774414,21.09067729033996,full_lightgbm_02_2025,svi,SN Ibc,3.5527143616870926,16649,0.0294163139470988,,False,-20.860000753210905,0.999999999999979,glade,0.787,False,,,,,,,0.991,477.C,<https://ziggy.ucolick.org/yse/transient_detail/2025zhg|*YSE-PZ*>,,
ANT2025ra630e010pka,2025ytq,SN II,0.035,,337.4787523256254,-8.276624036081373,19.32131576538086,10.184762990684249,full_lightgbm_02_2025,svi,SN Ibc,12.030956438508488,68994,0.035057201654762,,False,-21.86999937643938,0.9750565522390532,glade,0.524,True,SN II,0.389,-16.648446072639132,,0.035,,0.976,365.F,<https://ziggy.ucolick.org/yse/transient_detail/2025ytq|*YSE-PZ*>,,
ANT20257rdelb2hdhhu,2025aaex,---,,,74.81017479978425,-19.19333845843059,19.63800048828125,12.130005970997445,full_lightgbm_02_2025,dynesty,SLSN-I,1.1720445328282685,9906614300377491,0.275157,,False,-19.04663144067512,0.99999999999859,decals,0.938,True,SN Ibc,0.755,-20.9051370229608,,0.275157,,1.0,,<https://ziggy.ucolick.org/yse/transient_detail/2025aaex|*YSE-PZ*>,,
ANT2025uizaq177jq4a,---,---,,,27.74265219999916,-1.7780220490862462,19.919715881347656,0.1776910707631032,early_lightgbm_02_2025,svi,SN Ibc,0.5295235591801588,9906620763874088,0.037538,,False,-18.832176976195257,0.9800503479174708,decals,0.9,True,SN Ibc,0.993,-16.203414674167668,,0.037538,,1.0,423.B,,,
ANT20252g9fql2dt9dl,2025aagt,---,,,54.8632042,1.8950470999999995,19.558746337890625,0.1949133709349553,early_lightgbm_02_2025,svi,SLSN-I,,,,,False,,,,0.622,False,,,,,,,0.953,477.C,<https://ziggy.ucolick.org/yse/transient_detail/2025aagt|*YSE-PZ*>,,
ANT20250qouuii8r45j,2025nbh,SN II,0.0165,,21.32624515130532,7.357497055745199,17.704750061035156,132.0602952706904,full_lightgbm_02_2025,svi,SN Ibc,12.670153050343114,9906624154438743,0.03756,,False,-17.884349281993824,0.671488366186131,decals,0.52,False,SN Ibc,0.746,-16.62196850411021,,0.0165,,1.0,Virgo.B,<https://ziggy.ucolick.org/yse/transient_detail/2025nbh|*YSE-PZ*>,,
ANT20258qkjjl1e2jvq,2025zmy,---,,,33.02074367370441,52.738648900290094,18.60594367980957,10.299554570978216,full_lightgbm_02_2025,svi,SN Ibc,,,,,False,,,,0.504,False,,,,,,,0.973,749.F,<https://ziggy.ucolick.org/yse/transient_detail/2025zmy|*YSE-PZ*>,,
ANT2025xfak27bfxl6l,2025ymw,---,,,342.9037123787023,-1.4874640107518218,19.250606536865234,16.25363948883023,full_lightgbm_02_2025,svi,SN Ibc,14.348483733825717,1117416,0.068297290101496,,False,-21.400002239743493,0.9999999999999506,glade,0.958,False,,,,,,,0.96,423.B,<https://ziggy.ucolick.org/yse/transient_detail/2025ymw|*YSE-PZ*>,,
ANT2025ayg327wm1399,2025aawf,---,,,359.26778169999994,-8.229222795902544,19.13200759887696,0.2792181888362393,early_lightgbm_02_2025,svi,SN Ibc,3.9452707448284654,9906618405159346,0.0689,,False,-20.51000376992188,0.999999999999974,decals,0.856,True,SN Ibc,0.862,-18.325903741580813,,0.0689,,0.912,365.F,<https://ziggy.ucolick.org/yse/transient_detail/2025aawf|*YSE-PZ*>,,
ANT2025tm8str98kbrb,2025xjw,---,,,328.3928906573588,-18.40183607161501,19.06909942626953,17.339241288951598,full_lightgbm_02_2025,svi,SN IIn,,,,,False,,,,0.77,False,,,,,,,1.0,,<https://ziggy.ucolick.org/yse/transient_detail/2025xjw|*YSE-PZ*>,,
ANT2025h3ag5yukfsb4,2025ytt,---,,,55.88535334259882,-24.54538139859477,18.57906913757324,19.089443180731905,full_lightgbm_02_2025,svi,SLSN-I,0.321875886287594,9906612455282374,0.14184,,False,-18.8860473571218,0.8395739478064668,decals,1.0,True,SN Ia,0.779,-20.47948560751644,,0.14184,,1.0,,<https://ziggy.ucolick.org/yse/transient_detail/2025ytt|*YSE-PZ*>,,
ANT2025im4jilpg8de3,2025ypb,---,,,119.52214271387162,71.3857033850793,19.09092140197754,50.08225568060152,full_lightgbm_02_2025,svi,SLSN-I,0.2317696233820025,9907741532228191,0.984032,,False,-20.79189383250075,0.9986893554773106,decals,1.0,True,SN Ia,0.604,-24.282051517115608,,0.984032,,1.0,707.E,<https://ziggy.ucolick.org/yse/transient_detail/2025ypb|*YSE-PZ*>,,
ANT20258tm0qjhcqnfo,2025xca,---,,,144.61321117728457,39.76963648518223,18.090999603271484,44.04014918070607,full_lightgbm_02_2025,svi,SLSN-I,3.719971435974165,9907734819704492,0.406669,,False,-20.67233816148763,0.9643844324167848,decals,1.0,True,SN Ia,0.953,-23.331017642550265,,0.406669,,1.0,719.A,<https://ziggy.ucolick.org/yse/transient_detail/2025xca|*YSE-PZ*>,,
ANT2025kmevje141j0h,2025abdy,---,,,277.57848236308143,34.082573056656656,19.78765106201172,2.418970853519568,early_lightgbm_02_2025,svi,SLSN-I,1.9066525173721045,9907733108098501,0.293121,,False,-20.08440782690819,0.9787124751111344,decals,1.0,True,SN Ia,0.735,-20.897761107048208,,0.293121,,1.0,674.D,<https://ziggy.ucolick.org/yse/transient_detail/2025abdy|*YSE-PZ*>,,
ANT2025e9dnq1ve30pe,2025whv,SLSN-I,0.11,,350.1272289713556,12.241735550433305,18.292150497436523,47.19480415336875,full_lightgbm_02_2025,svi,SLSN-I,0.3000466294203366,9906626100922726,0.557042,,False,-20.20268475173081,0.999999999999976,decals,1.0,True,SLSN-I,0.993,-20.200827886377844,,0.11,,1.0,527.F,<https://ziggy.ucolick.org/yse/transient_detail/2025whv|*YSE-PZ*>,,
ANT20254el75izlmfg8,2025aacz,---,,,1.4316441675304368,-14.579800092727908,19.38610076904297,10.184480153453478,early_lightgbm_02_2025,svi,SLSN-I,0.806947734024197,9906615998941926,0.476656,,False,-20.60719002770183,0.9999999999999888,decals,0.999,True,SN Ia,0.666,-22.39229807209232,,0.476656,,1.0,,<https://ziggy.ucolick.org/yse/transient_detail/2025aacz|*YSE-PZ*>,,
ANT20251bow9veldt1x,2025abbv,---,,,1.4799321,13.160863300000004,19.639636993408203,0.2823041532756178,early_lightgbm_02_2025,svi,SN Ibc,5.314816205223905,9906626380238419,0.117289,,False,-23.163680046031576,0.9072061486450208,decals,0.939,True,SN Ibc,0.934,-18.99586459160661,,0.117289,,0.948,527.F,<https://ziggy.ucolick.org/yse/transient_detail/2025abbv|*YSE-PZ*>,,
ANT2025mzjcdoo4n4gl,2025wiu,SN Ib,0.047,,28.99370179012216,-0.4453453525073598,18.51468086242676,25.13514583527285,full_lightgbm_02_2025,svi,SN Ibc,7.701529556276491,86533,0.0462619541088522,,False,-20.129997682783006,0.9855546930230978,glade,1.0,True,SN Ibc,1.0,-18.101554679709302,,0.047,,1.0,423.B,<https://ziggy.ucolick.org/yse/transient_detail/2025wiu|*YSE-PZ*>,,
ANT2025v2x5befjo50q,2025yei,---,,,41.2616213,5.95314402673921,18.601587295532227,27.117240735024097,full_lightgbm_02_2025,svi,SLSN-I,1.964234413436676,9906623690442761,0.164535,,False,-18.53688443314937,0.9965368230584832,decals,1.0,True,SN Ia,0.987,-20.788255548655947,,0.164535,,1.0,468.D,<https://ziggy.ucolick.org/yse/transient_detail/2025yei|*YSE-PZ*>,,
ANT20255l0805zc9oyn,2025aapx,---,,,314.19975287179835,-3.0516728914412568,19.418922424316406,6.320435135319713,early_lightgbm_02_2025,svi,SLSN-I,0.2830655166407541,9906620367115546,0.490612,,False,-18.92788734923127,0.98774702432361,decals,1.0,True,SN Ia,0.822,-22.424108133748327,,0.490612,,1.0,423.E,<https://ziggy.ucolick.org/yse/transient_detail/2025aapx|*YSE-PZ*>,,
ANT2025d07a8tqsawo5,---,---,,,50.32507510000001,3.3577135999999967,20.1292781829834,0.1518471349700121,early_lightgbm_02_2025,svi,SLSN-I,9.740632279418254,9906622657265751,0.907164,,False,-21.319957253619915,0.9999999999836662,decals,1.0,True,SN Ia,0.604,-23.069078650165643,,0.907164,,1.0,477.C,,,
ANT2025ne3exp4g94x2,2025tgj,---,,,31.21658294017885,8.487663843657558,19.256223678588867,78.05008793498564,full_lightgbm_02_2025,svi,SN IIn,1.587748234027013,9906624625052802,0.197416,,False,-18.76637605861964,0.999448016150616,decals,0.955,True,SN II,1.0,-20.54133613010949,,0.197416,,1.0,Virgo.B,<https://ziggy.ucolick.org/yse/transient_detail/2025tgj|*YSE-PZ*>,,
ANT2025aa9sn1uzhais,2025yok,---,,,145.2814189631138,22.040155379631145,18.60546112060547,27.007472135286665,full_lightgbm_02_2025,svi,SLSN-I,0.3462190760276301,9906629566993644,0.11938,,False,-19.249997721141664,0.914100696389034,decals,0.929,True,SN Ibc,0.5,-20.069318942373496,,0.11938,,1.0,577.D,<https://ziggy.ucolick.org/yse/transient_detail/2025yok|*YSE-PZ*>,,
ANT20259ruk4536awzz,2025abma,---,,,280.6593021488643,74.45842112788803,19.75667762756348,2.3041346297613927,early_lightgbm_02_2025,svi,SLSN-I,0.3181728192715823,9907741878388831,0.262897,,False,-19.611413157402044,0.9999999999999836,decals,0.999,True,SN Ia,0.806,-20.68395936499875,,0.262897,,1.0,,<https://ziggy.ucolick.org/yse/transient_detail/2025abma|*YSE-PZ*>,,
ANT202597mlgbhw0b82,2025zml,---,,,325.92291023240006,23.66722813241374,19.307605743408203,23.335465629679675,full_lightgbm_02_2025,svi,SLSN-I,0.4021145946394798,9906630220120528,0.199613,,False,-19.06204804410932,0.9999999999999716,decals,0.999,True,SN Ia,0.993,-20.514756968465644,,0.199613,,0.999,618.A,<https://ziggy.ucolick.org/yse/transient_detail/2025zml|*YSE-PZ*>,,
ANT2025ewbu5bat0tf8,2025abed,---,,,19.606746599999944,24.55291554598763,19.089340209960938,0.2791925297133275,early_lightgbm_02_2025,svi,SLSN-I,0.5890846593386987,9906630405589121,0.194396,,False,-18.859129000024414,0.999999999999962,decals,0.996,True,SN Ia,0.899,-20.67367773649573,,0.194396,,1.0,618.A,<https://ziggy.ucolick.org/yse/transient_detail/2025abed|*YSE-PZ*>,,
ANT202592rx9vfnhghh,---,---,,,54.682112482600544,-16.892355944317842,19.843563079833984,0.2050142293810495,early_lightgbm_02_2025,svi,SN Ibc,3.955668337571056,9906615103588273,0.058521,,False,-19.89849012500852,0.935693710670068,decals,0.941,True,SN Ibc,0.883,-17.25464006223795,,0.058521,,1.0,,,,
ANT20257cbaioifurf9,2025aaqh,---,,,279.689091077266,57.158797125711786,19.39029884338379,7.394157829789037,early_lightgbm_02_2025,svi,SN IIn,1.8189151524295533,9907739217038329,0.246553,,False,-19.24793341138476,0.9980268932210776,decals,0.847,True,SN Ia,0.427,-20.90606285204878,,0.246553,,1.0,,<https://ziggy.ucolick.org/yse/transient_detail/2025aaqh|*YSE-PZ*>,,
ANT2025dgxi93ebe3aa,2025yjs,---,,,339.2416289454236,43.93738492671096,18.887939453125,19.21973652960878,full_lightgbm_02_2025,svi,SN IIn,,,,,False,,,,0.527,False,,,,,,,1.0,749.C,<https://ziggy.ucolick.org/yse/transient_detail/2025yjs|*YSE-PZ*>,,
ANT2025j8tew7uf2il0,2025zpy,---,,,58.21573293000018,-21.415974489306848,19.02109909057617,21.0703643337256,full_lightgbm_02_2025,svi,SLSN-I,4.2126316264580925,9906613499265195,0.446657,,False,-21.513225464320584,0.9999999999964632,decals,1.0,True,SN Ia,0.764,-22.611546837807616,,0.446657,,1.0,,<https://ziggy.ucolick.org/yse/transient_detail/2025zpy|*YSE-PZ*>,,
ANT2025vn8jw4qk7f9k,2025upm,SLSN-I,0.161,,301.83306111446615,55.47364414982484,18.60491180419922,50.347621333821735,full_lightgbm_02_2025,svi,SLSN-I,,,,,False,,,,1.0,False,SLSN-I,1.0,-20.736403836738795,,0.161,,1.0,,<https://ziggy.ucolick.org/yse/transient_detail/2025upm|*YSE-PZ*>,,
ANT2025dfynurwsqfdq,---,---,,,120.77549833501143,20.982736179326963,19.802797317504883,3.072007933667919,early_lightgbm_02_2025,svi,SLSN-I,1.4760663146280897,9906629209164316,0.543267,,False,-21.169021513602523,0.9999999999999604,decals,1.0,True,SN Ia,0.868,-22.2680984652153,,0.543267,,1.0,577.D,,,
ANT20255nzddbtwdenn,2025xki,---,,,14.709082769658895,12.954092924410702,17.835168838500977,36.23607043366792,full_lightgbm_02_2025,svi,SN Ibc,68.79069844618303,UGC00610,0.0402822295851338,,False,-22.7200007103018,0.9999999999950492,glade,0.999,False,,,,,,,0.999,527.F,<https://ziggy.ucolick.org/yse/transient_detail/2025xki|*YSE-PZ*>,,
ANT2025b2446kckn8m9,2025zjt,---,,,288.36127751863296,41.07216854613704,19.667200088500977,21.34406803365709,full_lightgbm_02_2025,svi,SN Ibc,,,,,False,,,,0.998,False,,,,,,,0.998,719.D,<https://ziggy.ucolick.org/yse/transient_detail/2025zjt|*YSE-PZ*>,,
ANT2025o7oudsc5thdh,2025mmb,---,,,272.5652878599336,52.16352094483119,19.244966506958008,116.20999403394671,full_lightgbm_02_2025,svi,SN IIn,7.215957044309978,9907738123964407,0.068782,,False,-20.470667036503173,0.9999999999998764,decals,0.92,True,SN IIn,1.0,-18.2091646856626,,0.068782,,1.0,749.F,<https://ziggy.ucolick.org/yse/transient_detail/2025mmb|*YSE-PZ*>,,
ANT2025w8og945n2zqe,2025aapt,---,,,123.04116539999995,-19.099530695181613,16.03162384033203,14.092031033746023,full_lightgbm_02_2025,svi,SN IIn,,,,,False,,,,0.703,False,,,,,,,0.8109999999999999,,<https://ziggy.ucolick.org/yse/transient_detail/2025aapt|*YSE-PZ*>,,
ANT2025sh2vlenl1s9q,2025zmx,SN Ic,0.020431,,28.22549019273169,36.05539049436793,17.944229125976562,14.230239566975795,full_lightgbm_02_2025,svi,SN Ibc,10.13701239604102,NGC0710,0.0164413056253434,,False,-20.69563037888821,0.9999999999999856,glade,1.0,True,SN Ibc,1.0,-16.84870723293416,,0.020431,,1.0,674.D,<https://ziggy.ucolick.org/yse/transient_detail/2025zmx|*YSE-PZ*>,,
ANT2025cssgqp1t8aqb,2025zoa,---,,,54.2115303,-4.695544890770222,19.65139961242676,79.06321406699863,full_lightgbm_02_2025,svi,SLSN-I,0.1791563307046158,9906619639530766,0.476009,,False,-21.3938412292912,0.9342579548034242,decals,1.0,True,SLSN-I,0.631,-22.1239559614426,,0.476009,,1.0,423.E,<https://ziggy.ucolick.org/yse/transient_detail/2025zoa|*YSE-PZ*>,,
ANT2025ftos68qda8db,2025tad,---,,,27.979508500725768,7.50856163702862,19.28720092773437,22.184163167235965,full_lightgbm_02_2025,svi,SN IIn,2.849119086637572,9906624249922229,0.057274,,False,-20.125369682643303,0.999999999999956,decals,1.0,True,SN IIn,0.931,-17.763600800375233,,0.057274,,1.0,Virgo.B,<https://ziggy.ucolick.org/yse/transient_detail/2025tad|*YSE-PZ*>,,
ANT20258ctpk5lma2ir,---,---,,,137.12357769479956,24.00355396686777,18.97260093688965,49.01096876720112,full_lightgbm_02_2025,svi,SN IIn,1.83052431863606,9906630261211310,0.136405,,False,-18.41341825508308,0.9999999999999688,decals,0.992,True,SN IIn,0.549,-19.99887788400332,,0.136405,,0.992,618.A,,,
ANT202511hkmdnctb43,2025zow,---,,,35.837080615975495,32.10233881979318,19.0506591796875,11.212427067199314,full_lightgbm_02_2025,dynesty,SN Ibc,0.3263357728030219,9906632908542422,0.042468,,False,-20.36856005143291,0.9974970897541156,decals,0.984,True,SN Ibc,0.953,-17.343029468082705,,0.042468,,1.0,674.A,<https://ziggy.ucolick.org/yse/transient_detail/2025zow|*YSE-PZ*>,,
ANT20256bw0k3b75095,2025aboj,---,,,126.1546096674982,43.24783383991856,19.47847557067871,2.0508876672029146,early_lightgbm_02_2025,svi,SN Ibc,4.227356791007208,2216315,0.0492368724605374,,False,-18.85999839244771,0.9999999999999736,glade,0.907,True,SN Ibc,0.763,-17.23988135623313,,0.0492368724605374,,1.0,719.D,<https://ziggy.ucolick.org/yse/transient_detail/2025aboj|*YSE-PZ*>,,
ANT2025goqid2xgobc6,---,---,,,31.38290554634181,14.735873170920158,19.648700714111328,0.2613159670509049,early_lightgbm_02_2025,svi,SN Ibc,10.007699880828554,02053219+1444001,0.0438515357757754,,False,-21.11000460484317,0.9999999999999744,glade,0.903,False,,,,,,,1.0,527.F,<https://ziggy.ucolick.org/yse/transient_detail/2025abyr|*YSE-PZ*>,,
ANT2025dvjyl57wyx00,2025aacx,---,,,38.7666647,-19.814319196722,19.565380096435547,8.188005766925926,full_lightgbm_02_2025,svi,SLSN-I,0.8467024647515957,9906614113273885,0.232531,,False,-20.811854616751383,0.9999999999998748,decals,0.825,True,SN Ibc,0.521,-20.59944619552329,,0.232531,,0.954,401.D,<https://ziggy.ucolick.org/yse/transient_detail/2025aacx|*YSE-PZ*>,,
ANT2025uu45efkngovq,2025pgy,---,,,167.85398119626294,23.05727265135478,19.07229995727539,17.996940967255796,early_lightgbm_02_2025,svi,SLSN-I,1.0132330051985066,9906629921801215,0.273925,,False,-18.94421713857359,0.9992087546529516,decals,0.731,True,SN II,0.432,-21.46074442755776,,0.273925,,0.999,618.A,<https://ziggy.ucolick.org/yse/transient_detail/2025pgy|*YSE-PZ*>,,
ANT20253032r3tyc880,2025ruk,SN Ic,0.09025,,289.7982395546624,33.7280220832542,18.71015930175781,54.34071634185239,full_lightgbm_02_2025,svi,SN IIn,,,,,False,,,,1.0,False,SN II,0.522,-19.344114712916834,,0.09025,,1.0,674.D,<https://ziggy.ucolick.org/yse/transient_detail/2025ruk|*YSE-PZ*>,,
ANT2025909m4q5tf5vs,2025vaw,SN Ic-BL,0.019,,259.9869678919084,24.931628724688608,16.8769588470459,59.35689684177487,full_lightgbm_02_2025,svi,SN Ibc,3.993753754025075,9906630634639603,0.023272,,False,-19.442381117505377,0.9841073972489948,decals,1.0,True,SN Ibc,0.994,-17.757502819446678,,0.019,,1.0,618.A,<https://ziggy.ucolick.org/yse/transient_detail/2025vaw|*YSE-PZ*>,,
ANT2025j4jmtns0xg3n,2025knr,---,,,307.64577751183845,31.00010729018876,18.236242294311523,117.20880654209031,full_lightgbm_02_2025,svi,SN IIn,,,,,False,,,,1.0,False,,,,,,,1.0,674.A,<https://ziggy.ucolick.org/yse/transient_detail/2025knr|*YSE-PZ*>,,
ANT20257jdwck75dfu7,2025yrj,---,,,12.56764907797456,33.89158062952585,19.43310546875,19.322950141846377,full_lightgbm_02_2025,svi,SN Ibc,,,,,False,,,,1.0,False,,,,,,,1.0,674.D,<https://ziggy.ucolick.org/yse/transient_detail/2025yrj|*YSE-PZ*>,,
ANT202574o0m2s55jbh,2025tae,SLSN-II,0.1493,,333.40779700923287,16.520776200261565,18.86765480041504,56.13413064216002,full_lightgbm_02_2025,svi,SLSN-I,1.0686575770427988,9906627651507543,0.161285,,False,-20.408167744477755,0.997506494430526,decals,0.999,True,SN IIn,0.999,-20.30522007331306,,0.1493,,1.0,575.A,<https://ziggy.ucolick.org/yse/transient_detail/2025tae|*YSE-PZ*>,,
ANT2025e9fyay6jguxw,2025xmy,---,,,0.8123502107816502,28.449719942400257,19.40466690063477,37.19785754183977,full_lightgbm_02_2025,svi,SN IIn,0.6258461080047414,9906631755960913,0.104856,,False,-18.592478905476565,0.9999999999999868,decals,0.996,True,SN IIn,0.721,-18.9820197526594,,0.104856,,1.0,674.C,<https://ziggy.ucolick.org/yse/transient_detail/2025xmy|*YSE-PZ*>,,
ANT20259gpykml6glg8,2025owk,SN II,0.05,,309.3267287407399,16.523439994357034,17.583547592163086,112.15870244183316,full_lightgbm_02_2025,svi,SN IIn,,,,,False,,,,0.984,False,SN II,0.638,-19.16860079026648,,0.05,,1.0,575.A,<https://ziggy.ucolick.org/yse/transient_detail/2025owk|*YSE-PZ*>,,
ANT2025tpjii7lnqwkj,2025zrd,---,,,134.15445902908033,56.70302027058459,19.40625762939453,20.07814219997089,full_lightgbm_02_2025,svi,SLSN-I,0.5165760395218114,9907739092913751,0.604064,,False,-19.948783101644512,0.999999999999974,decals,1.0,True,SN Ia,0.727,-22.90079737705585,,0.604064,,1.0,618.A,<https://ziggy.ucolick.org/yse/transient_detail/2025zrd|*YSE-PZ*>,,
ANT2025u9lxn4l670ud,2025acbi,---,,,143.70472436759783,31.664309013013337,19.796804428100582,2.0724825000652345,early_lightgbm_02_2025,svi,SLSN-I,4.29076017434253,9906632852243458,0.242463,,False,-21.007157867925503,0.9999999999971664,decals,1.0,True,SN Ia,0.689,-20.461971139459664,,0.242463,,1.0,674.A,<https://ziggy.ucolick.org/yse/transient_detail/2025acbi|*YSE-PZ*>,,
ANT2025t72eatolb7ih,2025aadb,---,,,17.24594615000004,-13.810509100000004,19.05517196655273,16.21588519991201,full_lightgbm_02_2025,svi,SLSN-I,0.494774772569839,9906616277730004,0.27903,,False,-19.79970803495988,0.9813655620299946,decals,1.0,True,SN Ia,0.916,-21.51940509736053,,0.27903,,1.0,,<https://ziggy.ucolick.org/yse/transient_detail/2025aadb|*YSE-PZ*>,,
ANT2025wofgadvg5vg8,2025abrj,---,,,100.4678702,42.7236873380938,19.52927589416504,2.0779337997810217,early_lightgbm_02_2025,svi,SLSN-I,0.7565719679614381,9907735665381898,0.846602,,False,-21.91283513168625,0.9999999999999672,decals,1.0,True,SN Ia,0.92,-23.519640495780312,,0.846602,,1.0,719.D,<https://ziggy.ucolick.org/yse/transient_detail/2025abrj|*YSE-PZ*>,,
ANT2025zb01elhjwu8j,2025zne,---,,,99.351862784133,35.06200690659356,19.280851364135746,17.08257499973115,full_lightgbm_02_2025,svi,SLSN-I,21.71537921460077,9907733381383507,0.224301,,False,-22.9219638587414,0.9826605052707128,decals,1.0,True,SN Ia,0.924,-20.80306923979209,,0.224301,,1.0,674.D,<https://ziggy.ucolick.org/yse/transient_detail/2025zne|*YSE-PZ*>,,
ANT2025j5fuh2gqq6x1,2025rmx,SN IIn,0.032349,,328.0558583505492,-23.37805004068169,18.09596061706543,83.14006349987176,full_lightgbm_02_2025,svi,SN IIn,,,,,False,,,,1.0,False,SN IIn,1.0,-17.701342718716333,,0.032349,,1.0,,<https://ziggy.ucolick.org/yse/transient_detail/2025rmx|*YSE-PZ*>,,
ANT2025pmyzhzjuodx4,2025aalu,---,,,33.957215219975765,16.422671371822872,19.65997695922852,11.181417599626002,full_lightgbm_02_2025,svi,SLSN-I,0.4267246326445297,9906627576203153,0.173275,,False,-19.704985107254423,0.99999999999996,decals,0.967,True,SN II,1.0,-19.8455743822025,,0.173275,,1.0,575.A,<https://ziggy.ucolick.org/yse/transient_detail/2025aalu|*YSE-PZ*>,,
ANT2025gdzcktai92le,---,---,,,39.62862765604215,39.05304541072958,20.095373153686523,15.182493999906,early_lightgbm_02_2025,svi,SN Ibc,,,,,False,,,,0.966,False,,,,,,,1.0,719.A,,,
ANT202583fesvw7c2vs,2025zws,---,,,31.73456859285032,-20.369402868086908,19.45030975341797,14.259693099957076,full_lightgbm_02_2025,svi,SN Ibc,2.2235743244065045,9906613933903172,0.065756,,False,-18.44381230251276,0.9999999999999772,decals,0.965,True,SN Ibc,0.966,-17.904630195783263,,0.065756,,1.0,,<https://ziggy.ucolick.org/yse/transient_detail/2025zws|*YSE-PZ*>,,
ANT2025u3gwchstlezx,2025zgn,---,,,127.3459558466491,8.142292791446849,18.821069717407227,25.052806499719736,full_lightgbm_02_2025,svi,SLSN-I,0.4574724760436803,9906624556567058,0.197773,,False,-18.71704451189181,0.9999999999999768,decals,0.915,True,SN Ia,0.833,-20.98053887994504,,0.197773,,1.0,Virgo.B,<https://ziggy.ucolick.org/yse/transient_detail/2025zgn|*YSE-PZ*>,,
ANT2025b1x9dcix8k2p,2025abdk,---,,,173.30988421210566,42.0754585508946,19.150285720825195,12.04745929998171,full_lightgbm_02_2025,dynesty,SN Ibc,0.4210990876184249,9907735469686965,0.063845,,False,-18.14477992277839,0.999785438262386,decals,0.9,True,SN Ibc,0.96,-18.13966230290135,,0.063845,,0.943,719.D,<https://ziggy.ucolick.org/yse/transient_detail/2025abdk|*YSE-PZ*>,,
ANT20256u315d9wk2pl,2025zky,---,,,131.41493039314136,25.004944084988125,18.045026779174805,26.33525997674588,full_lightgbm_02_2025,svi,SN Ibc,2.22026028010163,1722601,0.043461686532307,,False,-18.84999804410375,0.9999999999999865,glade,0.997,True,SN Ibc,0.997,-18.39940688057208,,0.043461686532307,,0.997,618.A,<https://ziggy.ucolick.org/yse/transient_detail/2025zky|*YSE-PZ*>,,
ANT2025514e92ed45zu,2025aavn,---,,,60.6682663,-3.098281,19.01177978515625,2.2318788529155427,early_lightgbm_02_2025,svi,SN IIn,0.7076890096650859,9906620300660549,0.108985,,False,-19.018514143796462,0.9996487197347618,decals,0.965,True,SN Ibc,0.996,-19.460618414588897,,0.108985,,0.965,423.E,<https://ziggy.ucolick.org/yse/transient_detail/2025aavn|*YSE-PZ*>,,
ANT2025azunxsvm7dao,2025abxr,---,,,59.80290948266417,-15.87261424915225,19.345718383789062,0.2521450528656714,early_lightgbm_02_2025,svi,SN Ibc,1.1623375058440688,9906615557822882,0.053758,,False,-15.54449086626429,0.8097388172481617,decals,0.576,True,SN IIn,0.364,-17.56572356910427,,0.053758,,1.0,,<https://ziggy.ucolick.org/yse/transient_detail/2025abxr|*YSE-PZ*>,,
ANT2025ohilw2n55nvp,2025sqe,---,,,288.71512727502835,8.001782289086805,16.32209014892578,4.454093216692854,early_lightgbm_02_2025,svi,SN Ibc,,,,,False,,,,0.911,False,,,,,,,0.988,Virgo.B,<https://ziggy.ucolick.org/yse/transient_detail/2025sqe|*YSE-PZ*>,,
ANT2025mj2qtvsl1785,2025zqi,SN Ia,0.02,,359.84359886338314,51.94659175757021,17.652681350708008,16.428109416512598,full_lightgbm_02_2025,svi,SN IIn,,,,,False,,,,0.858,False,SN Ia,0.96,-17.09371784180497,,0.02,,0.998,749.F,<https://ziggy.ucolick.org/yse/transient_detail/2025zqi|*YSE-PZ*>,,
ANT20253if69qw63bnf,2025zqm,SN Ia,0.026537,,149.497926608282,15.463086780794043,17.443805694580078,16.061975216733117,full_lightgbm_02_2025,svi,SN Ibc,21.278302153432595,28793,0.0266371161416024,,False,-19.750007395135626,0.7283797584082512,glade,0.846,False,SN Ia,0.87,-17.92030107873748,,0.026537,,0.846,468.A,<https://ziggy.ucolick.org/yse/transient_detail/2025zqm|*YSE-PZ*>,,
ANT2025ksqpc3ihjiyg,2025abmg,---,,,151.07194292578458,46.13683150911831,18.790132522583008,0.1547182167487335,early_lightgbm_02_2025,svi,SLSN-I,2.893914922718717,9907736620763503,0.154291,,False,-18.25275064233316,0.9999999999967042,decals,0.754,True,SN Ia,0.867,-20.456130447044305,,0.154291,,1.0,468.A,<https://ziggy.ucolick.org/yse/transient_detail/2025abmg|*YSE-PZ*>,,
ANT202537y9xkwk5rno,2025abul,---,,,322.92257322291573,41.198345207370416,16.55875587463379,4.4207483164573205,early_lightgbm_02_2025,dynesty,SN IIn,,,,,False,,,,0.599,False,,,,,,,0.985,719.D,<https://ziggy.ucolick.org/yse/transient_detail/2025abul|*YSE-PZ*>,,
ANT20252k245dx84rc6,2025abwi,---,,,120.09039595,4.668587200000005,18.5600700378418,1.1001580094962264,early_lightgbm_02_2025,svi,SLSN-I,0.1712813990943512,9906623240798493,0.200483,,False,-18.857464871425087,0.9997843089505238,decals,1.0,True,SN Ia,0.926,-21.272040178791983,,0.200483,,1.0,477.C,<https://ziggy.ucolick.org/yse/transient_detail/2025abwi|*YSE-PZ*>,,
ANT2025ue7t5euv5sjd,2025yor,---,,,9.827979949999962,-0.4558882478286818,18.90497589111328,36.2352578945065,full_lightgbm_02_2025,svi,SN Ibc,3.7682261842785327,1142889,0.0452423264563405,,False,-20.1599978115203,0.999999999999983,glade,1.0,False,,,,,,,1.0,423.B,<https://ziggy.ucolick.org/yse/transient_detail/2025yor|*YSE-PZ*>,,
ANT20259h4lt8cmnxr3,2025aasu,---,,,355.49540247958527,16.498137715574714,19.37159538269043,15.271889894509512,full_lightgbm_02_2025,svi,SLSN-I,0.6041812753957747,9908826680332254,0.447081,,False,-19.346756770151497,0.9998460884377748,decals,1.0,True,SN Ia,0.63,-22.263179520580305,,0.447081,,1.0,575.A,<https://ziggy.ucolick.org/yse/transient_detail/2025aasu|*YSE-PZ*>,,
ANT2025tojyqcfnjd9x,2025txm,---,,,267.39950474074186,37.02640478427346,19.320375442504883,85.35847549443861,full_lightgbm_02_2025,svi,SLSN-I,0.256370866481095,9907734029208956,0.752919,,False,-20.014066980553608,0.9999654008482626,decals,0.977,True,SN II,1.0,-23.472810002103177,,0.752919,,1.0,707.A,<https://ziggy.ucolick.org/yse/transient_detail/2025txm|*YSE-PZ*>,,
ANT202558vjsof0oqbt,2025aaqf,---,,,167.18871351927933,11.2633344273476,18.15327835083008,22.007804194705383,full_lightgbm_02_2025,svi,SLSN-I,0.2664399333285188,9906625684049113,0.16959,,False,-18.74779657371879,0.999999999999982,decals,0.961,True,SN Ia,0.843,-21.3042041164531,,0.16959,,0.993,527.C,<https://ziggy.ucolick.org/yse/transient_detail/2025aaqf|*YSE-PZ*>,,
ANT2025lp806ch3tcig,---,---,,,19.469235035175203,-26.814040339201554,18.783918380737305,6.236646794488479,full_lightgbm_02_2025,dynesty,SN Ibc,18.042979220564607,9906611680123173,0.649526,,False,-22.215180893405314,0.9999999997274384,decals,0.908,True,SN Ibc,0.677,-23.683988626224384,,0.649526,,1.0,,,,
ANT20255mogm0mvtirn,2025abod,---,,,39.25477470403152,42.2079497998466,19.366600036621094,4.284007894581009,full_lightgbm_02_2025,svi,SN Ibc,,,,,False,,,,0.846,False,,,,,,,0.848,719.D,<https://ziggy.ucolick.org/yse/transient_detail/2025abod|*YSE-PZ*>,,
ANT202511lxabcqs5r0,---,---,,,287.4668296244424,-2.9408093860815256,17.024465560913086,4.456820394618262,early_lightgbm_02_2025,dynesty,SN IIn,,,,,False,,,,0.545,False,,,,,,,1.0,423.E,,,
ANT2025uo8uyosz0cj0,2025vef,SN Ic-BL,0.03,,21.304399550000007,1.9845856931641488,17.789127349853516,65.21634717552661,full_lightgbm_02_2025,svi,SN Ibc,30.44875371980037,94068,0.0323333446199059,,False,-19.410003797722204,0.9999999999996618,glade,1.0,True,SN Ibc,1.0,-17.84320968453162,,0.03,,1.0,477.C,<https://ziggy.ucolick.org/yse/transient_detail/2025vef|*YSE-PZ*>,,
ANT202523do91d4ptb6,2025aati,---,,,55.79908470341103,-16.665493560024288,18.99120330810547,12.254055475226778,full_lightgbm_02_2025,svi,SN Ibc,8.812712246430587,9906615194163767,0.035333,,False,-17.952077460512687,0.7072453466358063,decals,1.0,False,,,,,,,1.0,,<https://ziggy.ucolick.org/yse/transient_detail/2025aati|*YSE-PZ*>,,
ANT2025650c688qu7oe,2025abax,---,,,58.80023205351409,-19.35777686922848,19.25516128540039,3.1592753756485763,early_lightgbm_02_2025,svi,SLSN-I,0.837974687898281,9906614296383753,0.96483,,False,-20.5254093925836,0.9999999999999276,decals,1.0,True,SN II,0.688,-24.075640363135115,,0.96483,,1.0,,<https://ziggy.ucolick.org/yse/transient_detail/2025abax|*YSE-PZ*>,,
ANT20250kh63fzl20cv,2025aagz,---,,,337.30597731269535,14.859121091357409,19.064979553222656,14.38241197528987,full_lightgbm_02_2025,svi,SLSN-I,0.4140561919952142,9906627015869084,0.324001,,False,-20.92679809449974,0.999999999999992,decals,1.0,True,SN Ia,0.601,-21.845829611167822,,0.324001,,1.0,527.F,<https://ziggy.ucolick.org/yse/transient_detail/2025aagz|*YSE-PZ*>,,
ANT2025yrk2azb08wii,2025aayk,---,,,16.687692607249218,28.290121605391207,18.84129905700684,4.179391175384808,early_lightgbm_02_2025,svi,SLSN-I,0.4493932475213467,9906631676399679,0.363678,,False,-18.92797401961037,0.9999999999999744,decals,1.0,True,SN Ia,0.915,-22.32946766832165,,0.363678,,1.0,674.C,<https://ziggy.ucolick.org/yse/transient_detail/2025aayk|*YSE-PZ*>,,
ANT2025asa0qn3x871d,2025aadu,---,,,9.41441559336096,27.77225651979517,19.016616821289062,14.31806017539202,full_lightgbm_02_2025,svi,SLSN-I,0.6218060091352283,9906631507642215,0.851107,,False,-20.102225121376723,0.9999999999999726,decals,0.999,True,SN Ia,0.886,-24.0438124546902,,0.851107,,0.999,674.C,<https://ziggy.ucolick.org/yse/transient_detail/2025aadu|*YSE-PZ*>,,
ANT20253rlgftq2o24d,2025usz,Nova,,,333.4737498,30.26168152778408,14.227083206176758,80.26691427535116,full_lightgbm_02_2025,svi,SLSN-I,0.2475213834209124,9906632408827133,0.249772,,False,-17.66557498162601,0.9999999999999782,decals,0.969,True,SN II,0.892,-26.098428794968203,,0.249772,,0.969,674.C,<https://ziggy.ucolick.org/yse/transient_detail/2025usz|*YSE-PZ*>,,
ANT20259d1q1pww7prz,2025zth,SN Ic-BL,0.037,,63.136063925561714,-8.979892689424986,16.831607818603516,10.13007407529949,early_lightgbm_02_2025,svi,SN IIn,0.2511667589073505,9906618048123656,0.080118,,False,-17.188972675312307,0.9985978246878467,decals,0.864,True,SN II,0.933,-19.259889544694182,,0.037,,0.888,365.F,<https://ziggy.ucolick.org/yse/transient_detail/2025zth|*YSE-PZ*>,,
ANT2025ufgl7u4arwfw,2025abbu,SN Ia,0.032,,12.21782310043429,-14.302920362520254,17.77265739440918,8.333353174217336,full_lightgbm_02_2025,svi,SN Ibc,0.5163535752460039,9906616093182427,0.0327,,False,-19.94633564632072,0.9999999999999918,decals,1.0,True,SN Ibc,1.0,-18.00090356250614,,0.032,,1.0,,<https://ziggy.ucolick.org/yse/transient_detail/2025abbu|*YSE-PZ*>,,
ANT2025lc2uy2jrgz9j,2025acao,---,,,2.9578549684124327,-2.223765999392924,18.700159072875977,4.467554574199312,early_lightgbm_02_2025,svi,SLSN-I,0.781178880324033,9906620568640653,0.530769,,False,-19.64063977319843,0.9999999999997796,decals,1.0,True,SN Ia,0.868,-23.31878580788458,,0.530769,,1.0,423.B,<https://ziggy.ucolick.org/yse/transient_detail/2025acao|*YSE-PZ*>,,
ANT2025e59aviejrf0j,2025aarp,---,,,2.0917458949558845,17.85443645756429,19.260257720947266,11.316744374409607,full_lightgbm_02_2025,svi,SN Ibc,13.219912373942304,9906628019950171,0.721503,,False,-22.517630786831933,0.4490552550980021,decals,0.913,False,,,,,,,0.918,575.A,<https://ziggy.ucolick.org/yse/transient_detail/2025aarp|*YSE-PZ*>,,
ANT2025keu4nm85x6qq,2025abyz,---,,,145.20609991896413,-6.808325193762045,18.76849937438965,9.107091574296646,early_lightgbm_02_2025,svi,SLSN-I,2.411029937853182,9906618911493301,0.164601,,False,-21.971776137714805,0.9999999999990492,decals,0.866,True,SN Ia,0.536,-20.62223970419077,,0.164601,,1.0,365.F,<https://ziggy.ucolick.org/yse/transient_detail/2025abyz|*YSE-PZ*>,,
ANT2025o4wx25elgsod,2025abuy,---,,,110.3948617889443,46.697983746681686,19.27556228637696,10.178224569077427,full_lightgbm_02_2025,svi,SN Ibc,6.15209459603052,9907736743840286,0.04693,,False,-19.587667645737834,0.6470783868210055,decals,1.0,False,,,,,,,1.0,749.E,<https://ziggy.ucolick.org/yse/transient_detail/2025abuy|*YSE-PZ*>,,
ANT2025km4a1qe3d967,2025zkc,---,,,136.76254729436465,14.902533763613944,18.970245361328125,31.125585669076827,full_lightgbm_02_2025,svi,SN Ibc,2.100507744480399,9906627056242674,0.050401,,False,-18.45301316502689,0.9793831522201786,decals,1.0,True,SN Ibc,1.0,-17.799455359462087,,0.050401,,1.0,527.F,<https://ziggy.ucolick.org/yse/transient_detail/2025zkc|*YSE-PZ*>,,
ANT2025qn8ci038ojod,2025xac,SN Ia,0.05,,132.6432283277738,28.44552654702724,17.79355239868164,60.072252368911,full_lightgbm_02_2025,svi,SN Ibc,0.8186059343731795,1835952,0.0494563526269514,,False,-19.53000013619991,0.9999999999999932,glade,0.958,False,SN Ibc,0.997,-18.958595983747923,,0.05,,0.967,674.C,<https://ziggy.ucolick.org/yse/transient_detail/2025xac|*YSE-PZ*>,,
ANT2025ce2q64jhte0g,2025abuu,---,,,20.07955910007289,29.55135486042024,18.72792053222656,10.365666669218626,early_lightgbm_02_2025,svi,SLSN-I,0.6390695196077723,9906632091500796,0.537639,,False,-20.500164815502544,0.9997541797268756,decals,0.92,True,SN II,0.707,-23.319736177534445,,0.537639,,1.0,674.C,<https://ziggy.ucolick.org/yse/transient_detail/2025abuu|*YSE-PZ*>,,
ANT2025ayjiqmqw8wwy,2025weh,---,,,345.4325466836197,5.369912216552876,19.38910865783692,35.37478706881666,full_lightgbm_02_2025,svi,SLSN-I,1.1284999908580675,9906623487873339,0.272958,,False,-19.28735582514997,0.9999999999999653,decals,0.894,True,SN II,1.0,-21.13598197632604,,0.272958,,1.0,468.D,<https://ziggy.ucolick.org/yse/transient_detail/2025weh|*YSE-PZ*>,,
ANT20252xov3zp4b772,2025vny,SN II,0.03,,110.1025117832038,30.345289424883862,17.88619041442871,69.09264586901554,full_lightgbm_02_2025,svi,SN Ibc,1.0690018779018846,9906632358167098,0.10759,,False,-18.41737932007083,0.9999999999999782,decals,0.847,True,SN Ibc,0.693,-17.746146619956424,,0.03,,1.0,674.C,<https://ziggy.ucolick.org/yse/transient_detail/2025vny|*YSE-PZ*>,,
ANT20250b9n0rjb8t0h,---,---,,,111.1064687127745,31.54233837539888,19.948299407958984,9.179821769132104,early_lightgbm_02_2025,svi,SN IIn,0.441054076502716,9906632764361955,0.194815,,False,-20.602357570155483,0.9998587221018604,decals,0.704,True,SN Ibc,0.636,-19.81954240741019,,0.194815,,0.869,674.A,,,
ANT2025cvnuzd8cpl1n,---,---,,,101.85006663359393,-22.43956198372669,19.73782730102539,0.1016620689842966,early_lightgbm_02_2025,svi,SLSN-I,,,,,False,,,,0.7,False,,,,,,,0.99,,,,
ANT20254q4b2gmfr6l2,2025acsx,---,,,82.81159886103302,-21.949148498623984,17.425031661987305,5.172831069103268,early_lightgbm_02_2025,dynesty,SN IIn,,,,,False,,,,0.507,False,,,,,,,1.0,,<https://ziggy.ucolick.org/yse/transient_detail/2025acsx|*YSE-PZ*>,,
ANT2025amvv3xu2kd3n,2025acwa,---,,,18.11022428266216,5.0726766692128535,19.73365592956543,14.404959176143166,early_lightgbm_02_2025,svi,SLSN-I,0.1638714946578635,9906623308236117,0.474694,,False,-19.931062411550027,0.9830492523115884,decals,1.0,True,SN II,0.707,-22.03550123731692,,0.474694,,1.0,468.D,<https://ziggy.ucolick.org/yse/transient_detail/2025acwa|*YSE-PZ*>,,
ANT2025kyvogk6cgtmj,2025acdy,---,,,47.71480770234599,39.93450238471072,20.224817276000977,29.21154477627715,full_lightgbm_02_2025,svi,SN IIn,,,,,False,,,,0.956,False,,,,,,,1.0,719.A,<https://ziggy.ucolick.org/yse/transient_detail/2025acdy|*YSE-PZ*>,,
ANT202521ke12e4co2b,2025acct,---,,,31.734567,-9.613668737572482,18.113500595092773,34.285479976271745,full_lightgbm_02_2025,dynesty,SN IIn,0.2063561934169276,3101144,0.1189879005751543,,False,-20.15000111424308,0.9999999999999954,glade,0.717,True,SN Ibc,0.439,-20.55396589399038,,0.1189879005751543,,0.995,365.F,<https://ziggy.ucolick.org/yse/transient_detail/2025acct|*YSE-PZ*>,,
ANT20253ry4unkfmhke,2025acva,---,,,174.9842462,1.1798345037309588,18.442100524902344,2.0721697760163806,early_lightgbm_02_2025,svi,SLSN-I,4.003000466993548,3290697,0.0752151685724189,,False,-19.019998783053666,0.9999999999999668,glade,0.511,False,,,,,,,0.831,468.A,<https://ziggy.ucolick.org/yse/transient_detail/2025acva|*YSE-PZ*>,,
ANT2025tp9tsov6is8w,2025lhp,SN II,0.11,,5.723407324335425,46.144049277109225,18.205331802368164,153.19452128477133,full_lightgbm_02_2025,svi,SN IIn,,,,,False,,,,1.0,False,SLSN-I,0.656,-20.287646581446204,,0.11,,1.0,749.E,<https://ziggy.ucolick.org/yse/transient_detail/2025lhp|*YSE-PZ*>,,
ANT2025o0zm84xmves7,2025acrr,---,,,78.6882285,-14.449696100000011,17.258930206298828,7.179139384643349,early_lightgbm_02_2025,svi,SN Ibc,,,,,False,,,,1.0,False,,,,,,,1.0,,<https://ziggy.ucolick.org/yse/transient_detail/2025acrr|*YSE-PZ*>,,
ANT2025zumgwmx3cf49,2025abrs,---,,,10.448431916940354,41.272622654376136,18.691484451293945,26.1584796846073,full_lightgbm_02_2025,dynesty,SN Ibc,,,,,False,,,,0.917,False,,,,,,,1.0,719.D,<https://ziggy.ucolick.org/yse/transient_detail/2025abrs|*YSE-PZ*>,,
ANT2025j1zhm9h31thp,2025yol,---,,,154.3883752016509,33.759225024536114,18.119047164916992,65.03928693680791,full_lightgbm_02_2025,svi,SN Ibc,5.222383981914538,2038276,0.0373294605947568,,False,-17.899997718279785,0.9999999999999792,glade,0.999,True,SN Ibc,0.999,-17.99187543575914,,0.0373294605947568,,0.999,674.D,<https://ziggy.ucolick.org/yse/transient_detail/2025yol|*YSE-PZ*>,,
ANT20250vk9pogbybyw,---,---,,,163.16469626309717,49.151770540865385,20.1881160736084,0.0907453370164148,early_lightgbm_02_2025,svi,SLSN-I,0.3948281041508857,9907737387010898,0.38959,,False,-21.142830548043666,0.9999999999999732,decals,0.998,True,SLSN-I,0.651,-21.13745350800045,,0.38959,,1.0,418.F,,,
ANT2025kgoj46xuuemf,2025acta,---,,,332.53733041736734,-24.875373981479072,19.126577377319336,0.4800740370410494,early_lightgbm_02_2025,svi,SLSN-I,5.546889254160066,785188,0.263264005490232,,False,-22.16000728058703,0.9999999999999618,glade,0.974,True,SN Ia,0.393,-21.317196265080263,,0.263264005490232,,1.0,,<https://ziggy.ucolick.org/yse/transient_detail/2025acta|*YSE-PZ*>,,
ANT2025n2gdnmat8r5n,2025zmb,---,,,92.4446139907495,35.572201459772764,18.645864486694336,4.1325392366270535,early_lightgbm_02_2025,svi,SN Ibc,,,,,False,,,,0.89,False,,,,,,,1.0,674.D,<https://ziggy.ucolick.org/yse/transient_detail/2025zmb|*YSE-PZ*>,,
ANT2025nl7itzwjkgnu,2025acua,SN Ia,,,9.302473117028905,9.50350972607167,18.558971405029297,2.393858737021219,early_lightgbm_02_2025,svi,SLSN-I,1.1627248423405512,9906624992644984,1.14529,,False,-20.719235568772564,0.9986990021574916,decals,0.842,True,SN II,0.997,-25.1355963277388,,1.14529,,1.0,527.C,<https://ziggy.ucolick.org/yse/transient_detail/2025acua|*YSE-PZ*>,,
ANT2025x8ge05axp1pv,2025acnw,---,,,322.7533736950715,-20.417393846927894,15.09217643737793,26.366775436967146,full_lightgbm_02_2025,svi,SLSN-I,,,,,False,,,,0.841,False,,,,,,,1.0,,<https://ziggy.ucolick.org/yse/transient_detail/2025acnw|*YSE-PZ*>,,
ANT20254uxturk2vokk,2025adlp,---,,,127.50611694227464,18.436502096606475,18.91537094116211,9.174877236771865,full_lightgbm_02_2025,svi,SLSN-I,18.35248949807332,SDSSJ083002.30+18255,0.182880139778759,,False,-20.49999998140045,0.9999999999260804,glade,0.838,True,SN Ibc,0.375,-20.710894153927764,,0.182880139778759,,0.998,575.A,<https://ziggy.ucolick.org/yse/transient_detail/2025adlp|*YSE-PZ*>,,
ANT20259zuscb25pvlq,---,---,,,22.26029980579922,21.030597995117475,19.098438262939453,0.3304675367544405,early_lightgbm_02_2025,svi,SN IIn,1.657166378209576,9906629185045440,0.065893,,False,-18.68842422225836,0.9999999999999648,decals,0.511,True,SN II,0.43,-18.261089048173066,,0.065893,,0.977,577.D,<https://ziggy.ucolick.org/yse/transient_detail/2025afef|*YSE-PZ*>,,
ANT2025d8h6m4byt5aa,2025aadf,SN Ib/c,0.03,,324.9082481,32.30554329999999,18.788612365722656,31.420848510417272,full_lightgbm_02_2025,svi,SN Ibc,,,,,False,,,,1.0,False,SN Ibc,1.0,-16.843724668662478,,0.03,,1.0,674.A,<https://ziggy.ucolick.org/yse/transient_detail/2025aadf|*YSE-PZ*>,,
ANT20253rsd39idl4mx,2025aaqn,---,,,326.21269222942755,12.780837401438204,19.008411407470703,29.45263091028028,full_lightgbm_02_2025,svi,SLSN-I,7.363885800757789,9906626279244426,0.359241,,False,-19.78871865926084,0.3926400302190672,decals,0.999,True,SN Ia,0.988,-22.134737525514524,,0.359241,,0.999,527.F,<https://ziggy.ucolick.org/yse/transient_detail/2025aaqn|*YSE-PZ*>,,
ANT20256e58tfd9k913,2025acxl,---,,,168.45679342600164,10.85927126213852,18.89976692199707,32.044355510457535,full_lightgbm_02_2025,svi,SN Ibc,53.58688875466565,1385334,0.0842550214766738,,False,-20.93999861622592,0.9999999998951928,glade,0.992,True,SN Ibc,1.0,-19.002434810977643,,0.0842550214766738,,0.992,527.C,<https://ziggy.ucolick.org/yse/transient_detail/2025acxl|*YSE-PZ*>,,
ANT20258ywqb4o5x4jt,2025yao,SN II,0.014343,,96.51637504168282,64.73055253658107,16.72007179260254,59.15978371044912,full_lightgbm_02_2025,svi,SN Ibc,65.57620316107338,9907740572453498,0.062471,,False,-24.691188073550173,0.9973957976816564,decals,0.958,True,SN Ia,0.883,-17.3012167545217,,0.014343,,0.958,,<https://ziggy.ucolick.org/yse/transient_detail/2025yao|*YSE-PZ*>,,
ANT20256os16zb2ilw0,2025acrz,---,,,327.9918670665078,17.880142607940257,18.972551345825195,6.419529110382428,full_lightgbm_02_2025,svi,SLSN-I,0.2696454665284686,9906628191453312,0.177944,,False,-19.713795713121364,0.9999999999999892,decals,0.925,True,SN Ibc,0.488,-20.592479453800863,,0.177944,,0.998,575.A,<https://ziggy.ucolick.org/yse/transient_detail/2025acrz|*YSE-PZ*>,,
ANT2025ob6zak1w8qgf,2025afaq,---,,,316.0552039,21.00502039492207,16.810815811157227,4.495802210367401,full_lightgbm_02_2025,svi,SN IIn,,,,,False,,,,0.916,False,,,,,,,0.939,577.D,<https://ziggy.ucolick.org/yse/transient_detail/2025afaq|*YSE-PZ*>,,
ANT2025u9ckrqzatisy,2025aevs,---,,,359.4087430856933,-21.718990691307297,18.59644889831543,0.4148879104322986,early_lightgbm_02_2025,dynesty,SLSN-I,,,,,False,,,,0.88,False,,,,,,,0.96,,<https://ziggy.ucolick.org/yse/transient_detail/2025aevs|*YSE-PZ*>,,
ANT2025e9rphm07qs01,2025aeqy,---,,,167.7793602,2.48033989999999,17.489103317260742,4.105813810325344,full_lightgbm_02_2025,svi,SN Ibc,2.180615716102823,1228304,0.035057201654762,,False,-19.719999376439382,0.9999999999999912,glade,0.849,True,SN Ibc,0.941,-18.484235126486745,,0.035057201654762,,0.876,477.C,<https://ziggy.ucolick.org/yse/transient_detail/2025aeqy|*YSE-PZ*>,,
ANT2025ili4bbjm6k03,---,---,,,52.3933027,8.520442306585608,19.998414993286133,0.2253971106401877,early_lightgbm_02_2025,svi,SN Ibc,,,,,False,,,,0.633,False,,,,,,,1.0,527.C,,,
ANT2025hv0vyohh12cn,2025acsr,---,,,357.3494185443705,-23.77773298150444,19.04910087585449,0.4789735103986459,early_lightgbm_02_2025,svi,SLSN-I,,,,,False,,,,0.573,False,,,,,,,1.0,,<https://ziggy.ucolick.org/yse/transient_detail/2025acsr|*YSE-PZ*>,,
ANT2025ihxrb3pdug4a,---,---,,,75.46456678904674,12.491406037969767,19.788448333740234,0.2275969475595047,early_lightgbm_02_2025,svi,SLSN-I,,,,,False,,,,0.987,False,,,,,,,1.0,527.F,<https://ziggy.ucolick.org/yse/transient_detail/2025afiy|*YSE-PZ*>,,
ANT20257u70jpt7pnxe,---,---,,,2.509982888169933,29.804069366878927,19.33359909057617,1.3618562478659442,early_lightgbm_02_2025,svi,SLSN-I,0.3436064120742371,9906632169753905,0.56299,,False,-20.20361832162922,0.999722833880768,decals,0.858,True,SN Ia,0.443,-22.8168068746582,,0.56299,,1.0,674.C,<https://ziggy.ucolick.org/yse/transient_detail/2025afrn|*YSE-PZ*>,,
ANT2025ux4a8nbccy1o,2025acbh,---,,,134.7599709834919,-13.891754529211312,17.329700469970703,21.02768954784551,full_lightgbm_02_2025,svi,SN Ibc,1.4221494050849972,08590249-1353301,0.0299513059002074,,False,-19.520000174304045,0.9999999999999888,glade,0.833,False,,,,,,,0.972,618.A,<https://ziggy.ucolick.org/yse/transient_detail/2025acbh|*YSE-PZ*>,,
ANT2025m9q8k4eq7q6e,2025aczj,---,,,167.74985235347884,23.043483180587742,18.55698204040528,4.083198747699498,early_lightgbm_02_2025,svi,SN Ibc,2.285291375886575,9906629921738292,0.077573,,False,-18.11692510841381,0.991925864430216,decals,0.801,True,SN Ibc,0.845,-19.162605234221072,,0.077573,,0.8009999999999999,618.A,<https://ziggy.ucolick.org/yse/transient_detail/2025aczj|*YSE-PZ*>,,
ANT20256ed1plfnfbqq,2025aeuo,---,,,53.0104788,5.175329299999987,18.41790008544922,0.2828747477469733,early_lightgbm_02_2025,svi,SN IIn,,,,,False,,,,0.756,False,,,,,,,0.88,468.D,<https://ziggy.ucolick.org/yse/transient_detail/2025aeuo|*YSE-PZ*>,,
ANT2025da1e6ytiecdi,2025acek,---,,,89.60122312304064,50.70899273524027,19.365602493286133,2.193904847939848,early_lightgbm_02_2025,svi,SN Ibc,,,,,False,,,,0.709,False,,,,,,,1.0,749.D,<https://ziggy.ucolick.org/yse/transient_detail/2025acek|*YSE-PZ*>,,
ANT2025a9wnoek87cee,---,---,,,340.264358,38.96720820000001,15.676522254943848,8.271393247516244,full_lightgbm_02_2025,svi,SN IIn,,,,,False,,,,0.635,False,,,,,,,0.922,719.A,,,
ANT2025iyci4mkg70se,2025acru,SN I,0.0115,,179.69030940110983,27.452336786025377,17.297100067138672,21.0446188942733,full_lightgbm_02_2025,svi,SN Ibc,0.6488673155874053,11584562+2727084,0.010981792607096,,False,-20.730311403259087,0.99641530647888,glade,1.0,True,SN Ibc,1.0,-16.242872759917894,,0.0115,,1.0,575.A,<https://ziggy.ucolick.org/yse/transient_detail/2025acru|*YSE-PZ*>,,
ANT2025ul962yy8giso,2025acuq,SN Ia,0.040288,,146.35850845000016,34.618170600000006,18.138486862182617,21.058044794408488,full_lightgbm_02_2025,svi,SN Ibc,10.005605559612915,2051993,0.0406441173292987,,False,-20.05999560399168,0.9996668993573596,glade,0.963,True,SN Ibc,1.0,-18.13962341045503,,0.040288,,0.963,674.D,<https://ziggy.ucolick.org/yse/transient_detail/2025acuq|*YSE-PZ*>,,
ANT2025hqu6m0yhuvs8,2025aesw,Nova,,,10.167661067552384,41.37887632094217,17.48664665222168,9.369549394512433,full_lightgbm_02_2025,svi,SN Ibc,,,,,False,,,,0.642,False,,,,,,,0.888,719.D,<https://ziggy.ucolick.org/yse/transient_detail/2025aesw|*YSE-PZ*>,,
ANT20256atp0y9topte,2025aesj,---,,,191.03188699999583,4.887031015274744,18.595848083496094,13.049951228684222,full_lightgbm_02_2025,svi,SLSN-I,0.7633148006364426,9906623353454663,0.206997,,False,-17.88303615555281,0.9932107565958244,decals,1.0,True,SN Ibc,0.561,-21.30794680643759,,0.206997,,1.0,423.B,<https://ziggy.ucolick.org/yse/transient_detail/2025aesj|*YSE-PZ*>,,
ANT2025uqgsb2cuicp8,2025adce,---,,,30.21225085242188,39.493215410029286,18.90992546081543,14.268481328523194,full_lightgbm_02_2025,svi,SN Ibc,,,,,False,,,,1.0,False,,,,,,,1.0,719.A,<https://ziggy.ucolick.org/yse/transient_detail/2025adce|*YSE-PZ*>,,
ANT20253i43r8wkpj4g,2025abvv,SLSN-I,0.19,,2.1977042,-9.594491000000003,18.60788917541504,12.391131828444486,full_lightgbm_02_2025,svi,SLSN-I,0.261721398619486,9906617845944314,0.901889,,False,-20.672519332304912,0.9959910981085948,decals,1.0,True,SLSN-I,0.703,-21.10389161937383,,0.19,,1.0,365.F,<https://ziggy.ucolick.org/yse/transient_detail/2025abvv|*YSE-PZ*>,,
ANT202584kffxjzlw4x,2025yvz,---,,,41.0549605,17.724957000000003,19.01055145263672,58.25132852876413,full_lightgbm_02_2025,svi,SLSN-I,0.3672048463227935,9906628029713660,0.355188,,False,-19.44719503481341,0.9999999999999808,decals,0.998,True,SN Ibc,0.673,-22.10706849227619,,0.355188,,1.0,575.A,<https://ziggy.ucolick.org/yse/transient_detail/2025yvz|*YSE-PZ*>,,
ANT20254jgdembf0b14,2025aeve,---,,,9.150667975917717,23.43418049239305,19.67410087585449,6.409117928611522,early_lightgbm_02_2025,svi,SLSN-I,0.906103231103821,9906630057331795,0.287484,,False,-19.82840368170953,0.9998533343340746,decals,0.979,True,SN Ia,0.269,-20.967622135669647,,0.287484,,1.0,618.A,<https://ziggy.ucolick.org/yse/transient_detail/2025aeve|*YSE-PZ*>,,
ANT2025hfwj5adx2juz,2025wyu,SN Ic,0.055,,12.5074753253539,25.577378793761525,18.89938163757324,66.32436092840362,full_lightgbm_02_2025,svi,SN Ibc,0.5883676604923117,9906630746899406,0.115624,,False,-18.36218663618008,0.9997097529220808,decals,0.962,True,SN Ibc,0.558,-18.06229152779824,,0.055,,1.0,618.A,<https://ziggy.ucolick.org/yse/transient_detail/2025wyu|*YSE-PZ*>,,
ANT2025t4zwhjgbonk9,2025aauj,SN Ia,0.020654,,151.02755435000077,31.18237283185411,16.640317916870117,40.11578452857066,full_lightgbm_02_2025,svi,SN Ibc,20.310297940976053,NGC3106,0.0196976593472644,,False,-21.53335794218539,0.9999999999999548,glade,0.958,True,SN Ibc,0.996,-18.17631476014565,,0.020654,,0.958,674.A,<https://ziggy.ucolick.org/yse/transient_detail/2025aauj|*YSE-PZ*>,,
ANT2025k4y9ddlzmako,2025abef,---,,,349.4688433382922,22.40687245903604,18.61392593383789,37.29143272843066,full_lightgbm_02_2025,svi,SN Ibc,9.791594637131857,9906629791514836,0.058744,,False,-20.873988483151084,0.9999999999992504,decals,0.947,True,SN Ibc,1.0,-18.49264860030662,,0.058744,,0.947,577.D,<https://ziggy.ucolick.org/yse/transient_detail/2025abef|*YSE-PZ*>,,
ANT2025x782o18bz5ax,2025abbt,---,,,30.623259967131084,17.28865850023584,18.29278945922852,28.42513642869744,full_lightgbm_02_2025,svi,SLSN-I,1.716443247643514,9906627846669266,0.143403,,False,-20.012796017178133,0.9999999999997836,decals,0.887,True,SN Ibc,0.894,-20.79019938561376,,0.143403,,1.0,575.A,<https://ziggy.ucolick.org/yse/transient_detail/2025abbt|*YSE-PZ*>,,
ANT2025nlvu3ht9xpq5,---,---,,,335.5010718,-24.971904877971,18.88260078430176,29.53426832835976,full_lightgbm_02_2025,svi,SN IIn,,,,,False,,,,0.814,False,,,,,,,1.0,,,,
ANT2025xrwkr298wyvg,2025afbg,---,,,167.39217508994716,38.00226636479454,18.548734664916992,0.1783193283699802,early_lightgbm_02_2025,svi,SN IIn,3.1253825509173803,9907734308651696,0.047064,,False,-17.839511555354,0.9999999999999252,decals,0.761,True,SN Ia,0.734,-18.070488996439423,,0.047064,,1.0,719.A,<https://ziggy.ucolick.org/yse/transient_detail/2025afbg|*YSE-PZ*>,,
ANT20254kaphzdtk9zs,---,---,,,105.45515222622596,36.33897796078167,18.749248504638672,0.28433782877255,early_lightgbm_02_2025,svi,SN IIn,0.5013508651919457,9907733767395146,0.115149,,False,-20.25146170179103,0.999999999999988,decals,0.568,True,SLSN-I,0.517,-19.845334166741697,,0.115149,,0.837,674.D,<https://ziggy.ucolick.org/yse/transient_detail/2025aezh|*YSE-PZ*>,,
ANT20255vguub9t56o4,2025afew,---,,,160.58838560000004,-19.237206900000004,18.72450256347656,12.416757905477423,early_lightgbm_02_2025,svi,SN Ibc,45.28038390432578,155689,0.0406441173292987,,False,-20.18999560399168,0.9999999999860032,glade,1.0,False,,,,,,,1.0,418.D,<https://ziggy.ucolick.org/yse/transient_detail/2025afew|*YSE-PZ*>,,
ANT2025i91pobxqvqf6,2025acxr,---,,,156.0230467842942,14.427797952497144,18.75969696044922,24.39027640511631,full_lightgbm_02_2025,dynesty,SLSN-I,7.609429745269296,9906626878439557,0.547256,,False,-20.16685692667888,0.7307998754449203,decals,1.0,True,SN Ia,0.507,-23.327519336860178,,0.547256,,1.0,527.F,<https://ziggy.ucolick.org/yse/transient_detail/2025acxr|*YSE-PZ*>,,
ANT2025slvvtga1cq0l,2025snb,SN Ia,0.011,,337.9814077750166,32.67869397524838,16.655244827270508,124.68315840521244,full_lightgbm_02_2025,svi,SN Ibc,0.9368549769770176,9906633215250169,0.116127,,False,-17.883021967047643,0.999590961249726,decals,0.987,True,SN Ia,1.0,-16.787918816002836,,0.011,,1.0,674.A,<https://ziggy.ucolick.org/yse/transient_detail/2025snb|*YSE-PZ*>,,
ANT2025it6j7aturwtd,2025agkg,---,,,17.486660918517437,32.7889275259074,18.4130973815918,0.795125905511668,early_lightgbm_02_2025,dynesty,SLSN-I,1.0524187712582027,9906633144406821,0.13985,,False,-17.68844452122206,0.6419575937024571,decals,0.973,True,SN Ia,0.887,-20.61396190282648,,0.13985,,1.0,674.A,<https://ziggy.ucolick.org/yse/transient_detail/2025agkg|*YSE-PZ*>,,
ANT2025se43j2yc8t91,2025afzc,---,,,5.871085732765108,-8.231730439239541,19.22880172729492,5.820380605378887,early_lightgbm_02_2025,svi,SLSN-I,0.3112659984746542,9906618313409748,0.336944,,False,-20.508434630108063,0.9999999999999948,decals,0.968,True,SN IIn,0.418,-21.77015985117387,,0.336944,,1.0,365.F,<https://ziggy.ucolick.org/yse/transient_detail/2025afzc|*YSE-PZ*>,,
ANT2025zuknc0xuuupg,2025acel,---,,,98.3147520599166,51.38282164137832,19.417680740356445,27.52337830522447,early_lightgbm_02_2025,svi,SN Ibc,33.3876890103891,UGC03483,0.035373457898935,,False,-21.25000611367189,0.9999999999999232,glade,0.968,False,,,,,,,1.0,749.F,<https://ziggy.ucolick.org/yse/transient_detail/2025acel|*YSE-PZ*>,,
ANT2025o9r3obgxj6af,---,---,,,111.33687913222448,14.633946267002386,18.3567008972168,20.527903705457,full_lightgbm_02_2025,svi,SN IIn,,,,,False,,,,0.915,False,,,,,,,1.0,527.F,,,
ANT20253770n7xvyaok,2025afan,---,,,7.412187655470088,-11.864004153803949,17.94782829284668,11.842325005301973,full_lightgbm_02_2025,dynesty,SLSN-I,0.2863250832279452,9906617011995055,0.10207,,False,-18.510421989453008,0.997774390590748,decals,0.9,True,SN Ia,0.728,-20.37912701169288,,0.10207,,0.936,365.E,<https://ziggy.ucolick.org/yse/transient_detail/2025afan|*YSE-PZ*>,,
ANT2025bowd9yep10jm,2025rwm,SN IIn,0.129,,334.74147030390884,13.40195573518922,18.336631774902344,130.5157857053855,full_lightgbm_02_2025,svi,SN IIn,0.5566658210873784,9906626557316462,0.138618,,False,-20.05845931362211,0.9999999999999908,decals,0.725,True,SN IIn,0.998,-20.51054933116868,,0.129,,1.0,527.F,<https://ziggy.ucolick.org/yse/transient_detail/2025rwm|*YSE-PZ*>,,
ANT20256x9myqjelxpw,2025afvq,---,,,358.82511270781816,15.935994281280273,17.916353225708008,0.4552946662442991,early_lightgbm_02_2025,svi,SLSN-I,1.34210251677685,9906627476654959,0.099993,,False,-18.746177372845647,0.999999999999984,decals,1.0,True,SLSN-I,0.841,-20.36501768794218,,0.099993,,1.0,575.A,<https://ziggy.ucolick.org/yse/transient_detail/2025afvq|*YSE-PZ*>,,
ANT2025ninwhhmc0dun,2025abyy,SN II,0.020039,,175.21213755158288,4.8081667471310965,17.97190284729004,36.0003872661764,full_lightgbm_02_2025,svi,SN Ibc,9.057806834743197,PGC036237,0.0190836209556062,,False,-19.143584507845947,0.9999999999999856,glade,1.0,True,SN Ibc,0.998,-16.77874823238652,,0.020039,,1.0,468.D,<https://ziggy.ucolick.org/yse/transient_detail/2025abyy|*YSE-PZ*>,,
ANT20258xwan23yey60,2025agoq,SN Ia,,,53.9053602,-4.19496347217482,19.20149612426757,0.3331649660976836,early_lightgbm_02_2025,svi,SLSN-I,0.9532371621704584,9906619827684845,0.206528,,False,-19.66997126385501,0.9999999999999488,decals,1.0,True,SN Ia,0.735,-20.697212393756164,,0.206528,,1.0,423.E,<https://ziggy.ucolick.org/yse/transient_detail/2025agoq|*YSE-PZ*>,,
ANT2025xy0hydc2gslx,2025agdd,---,,,193.31071635551447,11.89643775989444,18.589439392089844,0.069171965951682,early_lightgbm_02_2025,svi,SLSN-I,8.045222301076423,9906625968407227,0.363754,,False,-21.415836603931115,0.7674347710226683,decals,0.999,True,SN Ia,0.737,-22.581797431905223,,0.363754,,1.0,527.F,<https://ziggy.ucolick.org/yse/transient_detail/2025agdd|*YSE-PZ*>,,
ANT2025a2i75t6r9vhl,2025agny,---,,,171.9628415537686,20.2043679672191,19.49349594116211,3.0836163660424063,early_lightgbm_02_2025,svi,SLSN-I,0.1513390585579305,9906628956393203,0.387677,,False,-20.62242334536082,0.9999999999999896,decals,0.997,True,SLSN-I,0.762,-21.821005379002887,,0.387677,,0.997,523.A,<https://ziggy.ucolick.org/yse/transient_detail/2025agny|*YSE-PZ*>,,
ANT20254tz5oiy1zbt0,2025tll,SLSN-II,0.12,,38.24233190505006,42.98198585163962,18.927051544189453,88.16056086625031,full_lightgbm_02_2025,svi,SN IIn,,,,,False,,,,0.99,False,SN IIn,1.0,-19.75924487795373,,0.12,,1.0,719.D,<https://ziggy.ucolick.org/yse/transient_detail/2025tll|*YSE-PZ*>,,
ANT2025blwp36gapues,2025vms,---,,,37.98252383075848,41.77756733466124,19.63017463684082,100.11701916613674,full_lightgbm_02_2025,svi,SN IIn,,,,,False,,,,0.932,False,,,,,,,1.0,719.D,<https://ziggy.ucolick.org/yse/transient_detail/2025vms|*YSE-PZ*>,,
ANT202585f0q8y0vm9u,---,---,,,36.7685167,55.37084449999999,16.20142936706543,24.23208866630739,full_lightgbm_02_2025,svi,SN IIn,,,,,False,,,,0.873,False,,,,,,,0.939,401.F,,,
ANT20253vm7bnsv0wv5,2025aawk,SN II,0.0778,,6.390355944462884,2.271647461966623,19.18201446533203,23.40416036629176,early_lightgbm_02_2025,svi,SN IIn,2.3075580406602088,9906622268248794,0.087318,,False,-19.022473577526505,0.9999999999997168,decals,0.681,True,SN IIn,0.966,-18.544027056295725,,0.0778,,1.0,477.C,<https://ziggy.ucolick.org/yse/transient_detail/2025aawk|*YSE-PZ*>,,
ANT202531h7xxds2s7b,---,---,,,42.93185001882574,14.401230304347123,19.73335266113281,0.3942413659679005,early_lightgbm_02_2025,svi,SN IIn,,,,,False,,,,0.638,False,,,,,,,1.0,527.F,<https://ziggy.ucolick.org/yse/transient_detail/2025ahjh|*YSE-PZ*>,,
ANT2025nlk51xouyncw,2025xtq,---,,,298.9270862222595,52.80674493401117,18.18327522277832,0.4506287755139055,full_lightgbm_02_2025,dynesty,SN IIn,,,,,False,,,,1.0,False,,,,,,,1.0,749.F,<https://ziggy.ucolick.org/yse/transient_detail/2025xtq|*YSE-PZ*>,,
ANT2025keqowunqi6ut,---,---,,,341.8083551,29.487717769608068,19.40317344665528,13.391531575347472,full_lightgbm_02_2025,svi,SN Ibc,2.16302335524437,9906632165035163,0.039998,,False,-20.22259962079832,0.9999999999999868,decals,1.0,True,SN Ibc,0.994,-16.85909650013955,,0.039998,,1.0,674.C,<https://ziggy.ucolick.org/yse/transient_detail/2025aeza|*YSE-PZ*>,,
ANT2025gwxwgq4hhfrq,---,---,,,234.33094246952345,61.88355309962515,19.13321876525879,0.9945176754772548,early_lightgbm_02_2025,svi,SLSN-I,0.2645534014449036,9907740120582191,0.30221,,False,-20.52183069962296,0.8275327609836307,decals,0.999,True,SN Ia,0.537,-21.620905090194043,,0.30221,,1.0,,<https://ziggy.ucolick.org/yse/transient_detail/2025ahnq|*YSE-PZ*>,,
ANT202571wc44ogyaic,2025afzd,---,,,6.735787480315045,49.275054826486674,19.381799697875977,13.24396217508911,full_lightgbm_02_2025,svi,SN Ibc,,,,,False,,,,0.994,False,,,,,,,0.994,749.D,<https://ziggy.ucolick.org/yse/transient_detail/2025afzd|*YSE-PZ*>,,
ANT202533yr580u9wwq,2025afhk,SN Ia,0.017,,198.19190015,-5.415071562913326,17.569150924682617,12.028649675536144,full_lightgbm_02_2025,svi,SN Ibc,3.0583868528300573,9906619394885890,0.028229,,False,-17.077825802321133,0.9419768080916504,decals,0.993,True,SN Ibc,0.98,-16.822672169597876,,0.017,,1.0,423.E,<https://ziggy.ucolick.org/yse/transient_detail/2025afhk|*YSE-PZ*>,,
ANT20252kqbi2pl1tkz,2025xam,---,,,45.43283513469432,43.53661933563119,19.057666778564453,74.17823297518044,full_lightgbm_02_2025,svi,SN IIn,,,,,False,,,,0.991,False,,,,,,,1.0,719.D,<https://ziggy.ucolick.org/yse/transient_detail/2025xam|*YSE-PZ*>,,
ANT2025mlygf2rmf6kb,---,---,,,39.9073765,25.58155132726096,20.02237892150879,2.309378775178629,early_lightgbm_02_2025,svi,SLSN-I,0.3047307346502795,9906630753387666,0.846979,,False,-21.64401809807212,0.9640937916689676,decals,0.979,True,SN IIn,0.344,-23.02750347917296,,0.846979,,1.0,618.A,,,
ANT20255zbgq5ojaupq,---,---,,,168.2157534728094,29.921771110306626,19.93919944763184,11.093765375080691,full_lightgbm_02_2025,svi,SLSN-I,0.2736753123608459,9906632289550819,0.329568,,False,-21.24563402919097,0.9999463443345744,decals,0.96,True,SLSN-I,0.96,-21.009949829833644,,0.329568,,1.0,674.C,,,
ANT2025dci788ooc0vo,2025afap,---,,,1.708138891283391,-8.362050199623226,18.545867919921875,13.397341775118548,full_lightgbm_02_2025,dynesty,SN Ibc,,,,,False,,,,0.958,False,,,,,,,1.0,365.F,<https://ziggy.ucolick.org/yse/transient_detail/2025afap|*YSE-PZ*>,,
ANT2025bjr6pqrac0e9,2025afip,---,,,302.3496398350013,61.068541125523154,19.381481170654297,6.449529275174427,full_lightgbm_02_2025,svi,SN Ibc,,,,,False,,,,0.952,False,,,,,,,1.0,,<https://ziggy.ucolick.org/yse/transient_detail/2025afip|*YSE-PZ*>,,
ANT2025kcyhfw6n42na,2025agnm,---,,,153.1772780132023,15.069031684716563,18.92568588256836,0.0207329754412057,early_lightgbm_02_2025,svi,SLSN-I,0.4696919451957694,9906627060434372,0.883983,,False,-21.079256800158067,0.9996995297026045,decals,0.937,True,SN Ia,0.365,-24.21679748721065,,0.883983,,1.0,468.D,<https://ziggy.ucolick.org/yse/transient_detail/2025agnm|*YSE-PZ*>,,
ANT2025cflyt5den2al,2025ahis,---,,,334.4635687750136,27.353856613955053,19.72249412536621,0.4573996754988911,early_lightgbm_02_2025,svi,SN IIn,29.758743586015896,9906631415628461,0.235859,,False,-19.23308852084142,0.8378672486840546,decals,0.898,True,SN Ibc,0.626,-20.474247429873955,,0.235859,,1.0,674.C,<https://ziggy.ucolick.org/yse/transient_detail/2025ahis|*YSE-PZ*>,,
ANT2025d9rj9xq2q4ak,2025agwf,---,,,10.823437502386568,41.23882081285039,16.466506958007812,4.385524675126362,full_lightgbm_02_2025,svi,SN IIn,,,,,False,,,,0.79,False,,,,,,,0.8200000000000001,719.D,<https://ziggy.ucolick.org/yse/transient_detail/2025agwf|*YSE-PZ*>,,
ANT2025zs3x2p0ueck4,2025abfm,---,,,41.50052367757339,44.11309300415416,19.5713005065918,63.156049029501446,full_lightgbm_02_2025,svi,SN IIn,,,,,False,,,,1.0,False,,,,,,,1.0,401.E,<https://ziggy.ucolick.org/yse/transient_detail/2025abfm|*YSE-PZ*>,,
ANT202531y4gujb0kol,2025aepo,---,,,154.97289958594456,36.0630125297889,19.037900924682617,23.144451829670288,full_lightgbm_02_2025,svi,SLSN-I,0.7824013350536417,9907733701463063,0.195521,,False,-19.524147807749127,0.9999999999999776,decals,1.0,True,SLSN-I,0.526,-20.738045854806504,,0.195521,,1.0,674.D,<https://ziggy.ucolick.org/yse/transient_detail/2025aepo|*YSE-PZ*>,,
ANT2025tdbccqhzmres,2025yiu,SN Ia,0.023453,,151.02545720935473,45.035910773819374,17.798091888427734,75.07942862954951,full_lightgbm_02_2025,svi,SN Ibc,14.265837118524272,PGC029195,0.0224307403140639,,False,-19.879961737271,0.8141932050889108,glade,0.998,False,SN Ibc,1.0,-17.296057281252008,,0.023453,,1.0,468.A,<https://ziggy.ucolick.org/yse/transient_detail/2025yiu|*YSE-PZ*>,,
ANT202574w69hxec398,2025agll,SN Ia,0.05051,,118.7010331684135,53.19322045867904,18.642871856689453,0.1845675293079693,early_lightgbm_02_2025,svi,SN Ibc,5.975644070415225,2434293,0.0507931070760914,,False,-20.48000406682596,0.7592140097551379,glade,0.995,False,SN Ibc,0.981,-18.13157606097264,,0.05051,,0.995,707.C,<https://ziggy.ucolick.org/yse/transient_detail/2025agll|*YSE-PZ*>,,
ANT2025m47adlnul98z,2025afwg,SN Ic,0.016621,,42.81784147576763,50.87432139893672,17.699813842773438,6.34978742950625,early_lightgbm_02_2025,svi,SN Ibc,14.574167809209012,PGC010824,0.0163905173239543,,False,-21.01882874675337,0.9999999999999712,glade,0.994,False,SN Ibc,0.994,-16.642838453692956,,0.016621,,1.0,749.D,<https://ziggy.ucolick.org/yse/transient_detail/2025afwg|*YSE-PZ*>,,
ANT2025vwih8ed3omib,---,---,,,132.63659408882245,41.08184755188363,19.86997413635254,5.095678629419126,early_lightgbm_02_2025,svi,SN IIn,0.3677679497116798,9907735177923551,0.233887,,False,-18.34143330706418,0.9999499858688417,decals,0.933,True,SN II,0.45,-20.30791026853269,,0.233887,,0.933,719.D,<https://ziggy.ucolick.org/yse/transient_detail/2025ahba|*YSE-PZ*>,,
ANT20259484rfksyku9,2025aglw,---,,,119.6520922,-15.5035769,16.13901710510254,12.12786612945638,full_lightgbm_02_2025,svi,SN IIn,,,,,False,,,,0.933,False,,,,,,,0.972,707.E,<https://ziggy.ucolick.org/yse/transient_detail/2025aglw|*YSE-PZ*>,,
ANT2025jm1z1rmihbvm,---,---,,,117.64387479730044,-19.163490467048007,18.609994888305664,53.04103908492834,full_lightgbm_02_2025,dynesty,SLSN-I,,,,,False,,,,1.0,False,,,,,,,1.0,707.C,,,
ANT20256q649o3dmu2m,2025agwl,---,,,43.65633579407108,-24.674873285122445,19.322900772094727,15.311768284911524,full_lightgbm_02_2025,svi,SLSN-I,0.1569534478565104,9906612366482850,0.577985,,False,-19.97442712484305,0.9998117208566044,decals,1.0,True,SN Ia,0.705,-22.8860379624904,,0.577985,,1.0,401.E,<https://ziggy.ucolick.org/yse/transient_detail/2025agwl|*YSE-PZ*>,,
ANT2025necu29colcke,---,---,,,26.588021349999988,-1.5460751961057753,19.452035903930664,2.3596617848670576,early_lightgbm_02_2025,svi,SLSN-I,1.8174796416511816,9906620857978421,0.199126,,False,-18.71163369379928,0.9999999999999736,decals,1.0,True,SN Ia,0.771,-20.36485214566539,,0.199126,,1.0,423.B,<https://ziggy.ucolick.org/yse/transient_detail/2025agyh|*YSE-PZ*>,,
ANT2025pgh4cr4aw8ve,2025abdi,SN Ia,0.025327,,182.83869921480863,19.084809143816383,17.395099639892578,60.999349284829805,full_lightgbm_02_2025,svi,SN Ibc,16.83198422304041,38818,0.025575741079967,,False,-20.56999367590803,0.935695714444476,glade,1.0,False,SN Ibc,0.998,-17.867005018449568,,0.025327,,1.0,575.A,<https://ziggy.ucolick.org/yse/transient_detail/2025abdi|*YSE-PZ*>,,
ANT2025g1q1uji6g25f,2025aeuh,---,,,8.406514116408246,-7.150583842080181,18.8072452545166,15.440333085047314,full_lightgbm_02_2025,svi,SLSN-I,0.3032007988925613,9906618688408026,0.622382,,False,-20.188922305182107,0.9638213779259172,decals,1.0,True,SN Ia,0.625,-23.566106982401465,,0.622382,,1.0,365.F,<https://ziggy.ucolick.org/yse/transient_detail/2025aeuh|*YSE-PZ*>,,
ANT2025l740v13llrce,2025ruw,SN IIn,0.072,,311.2888017871037,23.39811251987946,17.468914031982422,117.26291408520774,full_lightgbm_02_2025,svi,SN IIn,,,,,False,,,,1.0,False,SN IIn,1.0,-20.086082267267816,,0.072,,1.0,618.A,<https://ziggy.ucolick.org/yse/transient_detail/2025ruw|*YSE-PZ*>,,
ANT20257no7xzle80vp,2025aglz,---,,,352.3949142,-2.8179413613288347,19.106081008911133,0.4582034851482603,early_lightgbm_02_2025,svi,SLSN-I,0.592191256080688,9906620471511509,0.523066,,False,-20.3955895352056,0.9999999999999784,decals,1.0,True,SN Ia,0.813,-22.88020936397395,,0.523066,,1.0,423.E,<https://ziggy.ucolick.org/yse/transient_detail/2025aglz|*YSE-PZ*>,,
ANT20254tq2szukvrzc,2025adfa,---,,,21.80829609731504,-22.09356053093184,18.59552955627441,1.3884812848700676,early_lightgbm_02_2025,svi,SLSN-I,0.1632193204376493,9906613314847376,0.922757,,False,-19.77694247073225,0.9999035047946996,decals,1.0,True,SLSN-I,0.702,-24.63953641945421,,0.922757,,1.0,,<https://ziggy.ucolick.org/yse/transient_detail/2025adfa|*YSE-PZ*>,,
ANT2025gynvglee843u,2025abbc,---,,,345.085836065388,28.942321911799723,19.4403133392334,46.310182684945175,full_lightgbm_02_2025,svi,SLSN-I,0.123401299263077,9906632000999714,0.330535,,False,-20.22430374674884,0.9999999999999928,decals,1.0,True,SLSN-I,0.897,-21.51542958857646,,0.330535,,1.0,674.C,<https://ziggy.ucolick.org/yse/transient_detail/2025abbc|*YSE-PZ*>,,
ANT2025nr6nbmhhrqe5,2025vjw,TDE-H-He,0.21,,347.2532908515579,-7.518813589804978,17.71820640563965,38.31411778499023,full_lightgbm_02_2025,svi,SLSN-I,0.3757426875083459,9906618682902153,0.212612,,False,-22.25126557751216,0.999148195151355,decals,1.0,True,SLSN-I,0.981,-22.21788947678981,,0.21,,1.0,365.F,<https://ziggy.ucolick.org/yse/transient_detail/2025vjw|*YSE-PZ*>,,
ANT2025ssfd29fh3onk,2025aaui,SN IIn,0.035,,115.0505052,-5.6812528666597615,18.04877281188965,44.02760158517049,full_lightgbm_02_2025,svi,SN IIn,,,,,False,,,,1.0,False,SN IIn,1.0,-17.920989026130343,,0.035,,1.0,423.E,<https://ziggy.ucolick.org/yse/transient_detail/2025aaui|*YSE-PZ*>,,
ANT2025lg89h9mkekix,2025vzq,SN Ic,0.007452,,349.76998063658164,-8.477636769008384,15.844038963317873,101.18831918519572,full_lightgbm_02_2025,svi,SN Ibc,27.007507026179848,NGC7606,0.0075812842963868,,False,-21.54001441187029,0.9987945949906628,glade,1.0,True,SN Ibc,1.0,-16.751504515657153,,0.007452,,1.0,365.F,<https://ziggy.ucolick.org/yse/transient_detail/2025vzq|*YSE-PZ*>,,
ANT202512e1puhwn53l,2025agpp,---,,,167.71876339431387,42.12380474346705,19.972139358520508,6.142856284888694,early_lightgbm_02_2025,svi,SN IIn,0.4404108126205955,9907735468574160,0.262129,,False,-21.550823364919687,0.9993333933490698,decals,1.0,True,SN Ibc,0.421,-20.46191976760528,,0.262129,,1.0,719.D,<https://ziggy.ucolick.org/yse/transient_detail/2025agpp|*YSE-PZ*>,,
ANT2025sk7wegpchh49,2025ahdt,---,,,325.36359107371544,-4.339474615494225,18.56989097595215,2.442948885174701,early_lightgbm_02_2025,svi,SN IIn,1.751254024802947,9906619898728074,0.968022,,False,-19.716051382446054,0.9999999999854794,decals,1.0,True,SN Ibc,0.68,-24.767984972560114,,0.968022,,1.0,423.E,<https://ziggy.ucolick.org/yse/transient_detail/2025ahdt|*YSE-PZ*>,,
ANT2025mlj5wzn3dvde,2025aetb,---,,,119.64868683765374,64.13181766403812,19.16705322265625,8.180101585021475,full_lightgbm_02_2025,svi,SN Ibc,4.804272165092219,9907740493153903,0.073782,,False,-21.64337273216853,0.5525101718675658,decals,0.997,False,,,,,,,0.997,707.E,<https://ziggy.ucolick.org/yse/transient_detail/2025aetb|*YSE-PZ*>,,
ANT2025saxwbdvta3fv,2025afwa,---,,,5.41555078718071,-12.382164248721054,18.86221694946289,7.339036784978816,full_lightgbm_02_2025,dynesty,SN Ibc,1.3481481187896716,953642,0.0477269755572135,,False,-18.759998832188668,0.9999999999999882,glade,0.997,True,SN Ibc,0.964,-17.787726046602206,,0.0477269755572135,,1.0,365.E,<https://ziggy.ucolick.org/yse/transient_detail/2025afwa|*YSE-PZ*>,,
ANT20258ucf5u2io3xp,2025xal,---,,,42.984346931507,37.144680996548026,18.70450210571289,79.06679148497642,full_lightgbm_02_2025,svi,SN IIn,,,,,False,,,,0.996,False,,,,,,,1.0,401.E,<https://ziggy.ucolick.org/yse/transient_detail/2025xal|*YSE-PZ*>,,
ANT20257viehip3hw8t,2025aezg,---,,,54.5546916,-25.1542853,18.52623748779297,2.314002084924141,early_lightgbm_02_2025,svi,SN IIn,1.163439137709743,9906612197856813,0.123877,,False,-18.30043230465848,0.999999999999974,decals,0.985,True,SN Ibc,0.888,-20.23077228091406,,0.123877,,0.985,,<https://ziggy.ucolick.org/yse/transient_detail/2025aezg|*YSE-PZ*>,,
ANT2025r75a91fxc16k,2025agst,---,,,214.68392771004264,22.11926644662816,18.86046600341797,2.991085384885082,early_lightgbm_02_2025,svi,SN Ibc,2.6023263136414783,9906629583900965,0.057828,,False,-21.008968086033526,0.9984759559455132,decals,0.977,True,SN Ibc,0.975,-18.21151927121433,,0.057828,,0.988,719.A,<https://ziggy.ucolick.org/yse/transient_detail/2025agst|*YSE-PZ*>,,
ANT2025jv9gz7z1kwly,2025ahlt,---,,,94.84876220753462,-19.7968810296055,19.94617462158203,6.210506684990833,full_lightgbm_02_2025,svi,SN IIn,,,,,False,,,,0.933,False,,,,,,,1.0,,<https://ziggy.ucolick.org/yse/transient_detail/2025ahlt|*YSE-PZ*>,,
ANT20252s9f4sa609fo,2025afui,---,,,348.68440667744704,3.5517454785800453,18.50480842590332,10.320958085270831,early_lightgbm_02_2025,svi,SN IIn,1.5210186306891444,9906622829564344,0.146566,,False,-19.07684375409961,0.998958609189183,decals,0.905,True,SN II,0.568,-20.62683558306657,,0.146566,,1.0,477.C,<https://ziggy.ucolick.org/yse/transient_detail/2025afui|*YSE-PZ*>,,
ANT20251fi4s80xusqb,2025agjz,---,,,222.54103409382373,59.08344477320864,19.41633987426757,4.996571484865854,early_lightgbm_02_2025,svi,SN IIn,0.4253205934657439,9907739559133744,0.13314,,False,-18.42063159007043,0.9999999999999896,decals,0.886,True,SN II,0.608,-19.501173046275408,,0.13314,,0.886,,<https://ziggy.ucolick.org/yse/transient_detail/2025agjz|*YSE-PZ*>,,
ANT2025k5bfhohhphlj,2025ykn,---,,,95.08367015842884,-17.584589715480135,19.168607711791992,75.08466178496019,full_lightgbm_02_2025,svi,SN IIn,,,,,False,,,,0.876,False,,,,,,,1.0,,<https://ziggy.ucolick.org/yse/transient_detail/2025ykn|*YSE-PZ*>,,
ANT20253icv3wdsjv3f,2025aghq,---,,,112.2573537,30.19790769028635,19.76607322692871,11.28215922434174,full_lightgbm_02_2025,dynesty,SLSN-I,0.1460430492275576,9906632358628256,0.757967,,False,-20.55943536288716,0.9999999999999905,decals,1.0,True,SN Ibc,0.29,-23.04174836861427,,0.757967,,1.0,674.C,<https://ziggy.ucolick.org/yse/transient_detail/2025aghq|*YSE-PZ*>,,
ANT2025zqqvadiokx8g,2025afvr,TDE-featureless,,,16.9012596,24.377731052620888,18.3974838256836,0.4444740244216518,early_lightgbm_02_2025,svi,SLSN-I,0.135556207823791,9906630404934121,0.449701,,False,-21.95701253550125,0.999999999999992,decals,1.0,True,SLSN-I,0.876,-23.25040100131642,,0.449701,,1.0,618.A,<https://ziggy.ucolick.org/yse/transient_detail/2025afvr|*YSE-PZ*>,,
ANT2025loprn9pmf6o8,2025afdy,SN Ia,0.014744,,214.4975177213628,26.41464725509919,15.909964561462402,17.00484442403831,full_lightgbm_02_2025,svi,SN Ibc,12.059396274330943,IC4397,0.0143471501215683,,False,-20.21633201519623,0.9602434138314968,glade,1.0,True,SN Ibc,1.0,-18.17142608589116,,0.014744,,1.0,719.A,<https://ziggy.ucolick.org/yse/transient_detail/2025afdy|*YSE-PZ*>,,
ANT2025ehelbtgucfvz,2025abwh,---,,,83.70463855124167,-22.043257537692995,19.10199928283692,47.11948562432372,full_lightgbm_02_2025,svi,SLSN-I,5.450843045752063,9908812353176652,0.519968,,False,-20.866730602894016,0.5901374882119025,decals,1.0,True,SN II,0.864,-22.87101754966797,,0.519968,,1.0,,<https://ziggy.ucolick.org/yse/transient_detail/2025abwh|*YSE-PZ*>,,
ANT20258ick0de9k2nz,2025abcr,TDE-H-He,0.05,,26.7308216144203,-15.371049774112308,18.980899810791016,46.31118702441745,full_lightgbm_02_2025,svi,SN IIn,9.210827810570375,174145,0.0492368724605374,,False,-20.73999839244771,0.9999999999999816,glade,1.0,True,SLSN-I,0.904,-17.771248571638548,,0.05,,1.0,,<https://ziggy.ucolick.org/yse/transient_detail/2025abcr|*YSE-PZ*>,,
ANT2025kwdhh0qhuxjf,2025agul,---,,,72.9884245,-5.330182066699962,19.66106414794922,6.292089824288269,early_lightgbm_02_2025,svi,SLSN-I,2.3042097238251293,9906619456226097,0.302233,,False,-21.561074434855737,0.9999999999999628,decals,1.0,True,SN Ia,0.707,-21.093230959556536,,0.302233,,1.0,423.E,<https://ziggy.ucolick.org/yse/transient_detail/2025agul|*YSE-PZ*>,,
ANT202549sby985vm18,2025xmx,---,,,27.01985233907953,18.474855133429244,19.158924102783203,80.09685832420655,full_lightgbm_02_2025,svi,SN IIn,0.9881091864376734,9906628295920764,0.128571,,False,-18.862932856203937,0.9999999999999852,decals,1.0,True,SN IIn,0.986,-19.68084243388155,,0.128571,,1.0,575.A,<https://ziggy.ucolick.org/yse/transient_detail/2025xmx|*YSE-PZ*>,,
ANT2025u5pzqyayov4x,2025ztn,SN IIb,0.0123,,30.752067499999995,-9.663898900000008,16.071876525878906,54.21053892439522,full_lightgbm_02_2025,svi,SN Ibc,31.295408739587845,PGC007806,0.0124311120645722,,False,-20.331892352298773,0.9811489830677318,glade,1.0,True,SN Ibc,1.0,-17.614585393919203,,0.0123,,1.0,365.F,<https://ziggy.ucolick.org/yse/transient_detail/2025ztn|*YSE-PZ*>,,
ANT2025c5toaw137754,2025waa,---,,,40.82314424999985,5.058016810746821,19.45741271972656,79.20540002426424,full_lightgbm_02_2025,svi,SN IIn,1.386850508011561,9906623314139625,0.105748,,False,-20.487451488029528,0.9926251857389288,decals,1.0,True,SN IIn,0.808,-18.948068401886086,,0.105748,,1.0,468.D,<https://ziggy.ucolick.org/yse/transient_detail/2025waa|*YSE-PZ*>,,
ANT2025aiii9dz5qymb,2025uls,SN Ic,0.074,,45.12999575769045,-14.801207523248422,18.54987335205078,76.1437565243832,full_lightgbm_02_2025,svi,SN IIn,1.958191164078368,9906615918662520,0.057171,,False,-17.840194618947155,0.9999999999999714,decals,1.0,True,SN IIn,1.0,-19.06559255589497,,0.074,,1.0,403.F,<https://ziggy.ucolick.org/yse/transient_detail/2025uls|*YSE-PZ*>,,
ANT2025k41oko32hxsm,2025zwn,SN II,0.04,,65.25690918875381,-9.28955792868571,18.269346237182617,56.167795824076165,full_lightgbm_02_2025,svi,SN Ibc,6.57358208164864,9906617955455141,0.215051,,False,-19.45401280060925,0.555527859851667,decals,1.0,False,SN Ibc,0.949,-17.993033342625296,,0.04,,1.0,365.F,<https://ziggy.ucolick.org/yse/transient_detail/2025zwn|*YSE-PZ*>,,
ANT20254c4m26olqtsb,2025aceh,SN Ia,0.038824,,15.566730067519384,9.097274848777984,18.2246150970459,16.397379124260624,full_lightgbm_02_2025,svi,SN Ibc,8.096763254831831,UGC00640,0.0386917119184492,,False,-20.91999697057929,0.949980883826358,glade,1.0,False,SN Ibc,1.0,-17.972343691961374,,0.038824,,1.0,527.C,<https://ziggy.ucolick.org/yse/transient_detail/2025aceh|*YSE-PZ*>,,
ANT2025qtx4ebkar5v6,2025agid,---,,,130.88620883537683,62.21587034074789,19.64423561096192,11.046592124461313,full_lightgbm_02_2025,svi,SLSN-I,3.3644166204840222,9907740152234142,0.337869,,False,-21.38579124342376,0.9981169891916613,decals,1.0,True,SN Ia,0.444,-21.36089555540249,,0.337869,,1.0,749.D,<https://ziggy.ucolick.org/yse/transient_detail/2025agid|*YSE-PZ*>,,
ANT20255oxmdkxqv0er,2025abrr,SN Ic,0.032806,,150.7869322707525,-15.41419282574796,18.10610580444336,42.992170824392815,full_lightgbm_02_2025,svi,SN Ibc,10.516920925527709,911560,0.0323333446199059,,False,-20.360003797722207,0.9247967682952634,glade,1.0,False,SN Ibc,0.998,-17.72190553070366,,0.032806,,1.0,468.A,<https://ziggy.ucolick.org/yse/transient_detail/2025abrr|*YSE-PZ*>,,
ANT2025wfxpl5mrkrne,2025acsz,---,,,72.5391016,-5.270525297448586,19.45709228515625,21.20805042442225,early_lightgbm_02_2025,svi,SN IIn,0.2121415544041878,9906619456096560,0.109573,,False,-20.668433346041144,0.9999999999999932,decals,0.999,True,SN IIn,0.999,-19.0272510984334,,0.109573,,1.0,423.E,<https://ziggy.ucolick.org/yse/transient_detail/2025acsz|*YSE-PZ*>,,
ANT2025yzf4286v0cof,2025agqr,---,,,182.07965819408705,35.38798363106068,19.70743560791016,4.035712524040719,early_lightgbm_02_2025,svi,SN IIn,7.336589023868592,9907733553613571,0.149736,,False,-22.024643064400177,0.9999999999998856,decals,0.987,True,SN Ibc,0.654,-19.471945737269724,,0.149736,,0.987,674.D,<https://ziggy.ucolick.org/yse/transient_detail/2025agqr|*YSE-PZ*>,,
ANT2025fthe6fzl2vs7,---,---,,,142.1010256,33.14953537306176,19.832664489746094,0.1626338243513601,early_lightgbm_02_2025,svi,SN IIn,2.623668221960063,9907732842283160,0.179703,,False,-21.57255430062911,0.9999999999999064,decals,0.963,True,SN Ibc,0.992,-19.754376934172583,,0.179703,,0.963,674.A,,,
ANT2025m429tmegaryl,2025acnj,SN IIb,0.0116,,68.38071331587356,68.33322414744997,17.355533599853516,34.22137492107868,full_lightgbm_02_2025,svi,SN Ibc,,,,,False,,,,0.998,False,SN Ibc,0.997,-16.20329661185177,,0.0116,,1.0,,<https://ziggy.ucolick.org/yse/transient_detail/2025acnj|*YSE-PZ*>,,
ANT20251pvx12ulozfa,2025advl,---,,,43.21407205533693,15.240385540912255,19.34331321716309,20.28265972067311,full_lightgbm_02_2025,svi,SLSN-I,,,,,False,,,,0.997,False,,,,,,,1.0,401.E,<https://ziggy.ucolick.org/yse/transient_detail/2025advl|*YSE-PZ*>,,
ANT20258zjs07wuiv0i,2025abov,SN Ia,0.01346,,46.73173984131292,-11.98207391173787,15.945534706115724,22.24085412085697,full_lightgbm_02_2025,dynesty,SN Ibc,7.024408274769219,PGC011671,0.0126856039346205,,False,-19.236318595238764,0.9682759299686928,glade,0.977,True,SN Ibc,0.971,-17.937281864046636,,0.01346,,1.0,365.E,<https://ziggy.ucolick.org/yse/transient_detail/2025abov|*YSE-PZ*>,,
ANT2025k9uctkmqs0ij,2025hwu,SN II,0.056,,74.62991338777414,12.19304595392471,17.957658767700195,155.05239342110872,full_lightgbm_02_2025,svi,SN IIn,,,,,False,,,,0.928,False,SN II,0.576,-19.0436495553852,,0.056,,1.0,527.F,<https://ziggy.ucolick.org/yse/transient_detail/2025hwu|*YSE-PZ*>,,
ANT2025j10ofv4mtgoz,2025ahta,---,,,70.80250588076132,6.801051369210356,19.619525909423828,0.290738421070273,early_lightgbm_02_2025,svi,SLSN-I,,,,,False,,,,0.761,False,,,,,,,0.909,Virgo.B,<https://ziggy.ucolick.org/yse/transient_detail/2025ahta|*YSE-PZ*>,,
ANT2025zaiq3dhrn9xg,2025agtl,---,,,120.1258483016362,-10.548736674065625,15.67056655883789,16.207231421067263,full_lightgbm_02_2025,svi,SN IIn,,,,,False,,,,0.747,False,,,,,,,0.837,365.E,<https://ziggy.ucolick.org/yse/transient_detail/2025agtl|*YSE-PZ*>,,
ANT20254ln6jll9twa3,2025aedc,SN II,0.015,,71.05437216740036,11.948174724984751,18.62203788757324,31.18710412089422,full_lightgbm_02_2025,dynesty,SN Ibc,,,,,False,,,,0.519,False,SN Ibc,0.665,-15.496876277171816,,0.015,,1.0,527.F,<https://ziggy.ucolick.org/yse/transient_detail/2025aedc|*YSE-PZ*>,,
ANT2025sp5fpaqbe1bc,---,---,,,85.48889577485097,27.497298332109366,15.741100311279297,39.13867320914869,early_lightgbm_02_2025,dynesty,SN Ibc,,,,,False,,,,1.0,False,,,,,,,1.0,674.C,,,
ANT2025b3rjqgkgg2cj,2025abds,SN Ia,0.02,,143.30219775000052,27.59787716368864,16.953189849853516,52.00057130915229,full_lightgbm_02_2025,svi,SN Ibc,4.5208732144632,27127,0.033367138240179,,False,-20.75000319823952,0.9999999999999896,glade,1.0,False,SN Ia,0.874,-17.793209342659463,,0.02,,1.0,674.C,<https://ziggy.ucolick.org/yse/transient_detail/2025abds|*YSE-PZ*>,,
ANT2025m15bj1zc9lww,2025abdd,SN Ic,0.01298,,118.20410485877312,69.00411294743293,16.351816177368164,51.15507360923221,full_lightgbm_02_2025,svi,SN Ibc,8.12753903126078,9907741210315567,0.024347,,False,-19.761378614213985,0.4570705724353161,decals,1.0,False,SN Ibc,1.0,-17.45187778309181,,0.01298,,1.0,707.C,<https://ziggy.ucolick.org/yse/transient_detail/2025abdd|*YSE-PZ*>,,
ANT202530bnfb7h3t3n,2025afct,SN II,0.02352,,214.3243811090108,11.26180771603299,17.786985397338867,15.98264310930972,full_lightgbm_02_2025,svi,SN Ibc,7.62647663043899,9906625696173374,0.022922,,False,-18.842675811153303,0.999979915239978,decals,1.0,True,SN Ibc,1.0,-17.313395203260608,,0.02352,,1.0,719.A,<https://ziggy.ucolick.org/yse/transient_detail/2025afct|*YSE-PZ*>,,
ANT20250qciepdes2k5,2025absa,SN Ia,0.016,,142.3136227547396,-20.37630927131015,16.39697265625,23.02006210948457,full_lightgbm_02_2025,svi,SN Ibc,19.390210446494745,ESO565-011,0.0144835227538927,,False,-20.64709949983978,0.973254860098864,glade,1.0,False,SN Ibc,1.0,-17.86264611723602,,0.016,,1.0,618.E,<https://ziggy.ucolick.org/yse/transient_detail/2025absa|*YSE-PZ*>,,
ANT2025nrcje8ryaj0o,2025afad,SLSN-I,0.307,,134.29469933012595,-15.559742530095306,18.58864974975586,7.102747309516417,early_lightgbm_02_2025,svi,SLSN-I,,,,,False,,,,1.0,False,SLSN-I,0.987,-22.20086168541472,,0.307,,1.0,618.A,<https://ziggy.ucolick.org/yse/transient_detail/2025afad|*YSE-PZ*>,,
ANT2025j2vptmxzau8b,2025abmf,SLSN-I,0.124,,139.050383,49.064874,17.798036575317383,48.05837230946054,full_lightgbm_02_2025,svi,SLSN-I,,,,,False,,,,1.0,False,SN IIn,0.99,-20.961180810674733,,0.124,,1.0,618.C,<https://ziggy.ucolick.org/yse/transient_detail/2025abmf|*YSE-PZ*>,,
ANT2025pvx2wqwndfu2,2025ahki,---,,,166.63537037356932,6.920988392096831,19.416976928710938,0.1228051092766691,early_lightgbm_02_2025,svi,SLSN-I,0.8339881984869287,9906624098537891,0.498949,,False,-19.75434382729499,0.9999999999999336,decals,1.0,True,SN Ia,0.577,-22.46376749472965,,0.498949,,1.0,Virgo.B,<https://ziggy.ucolick.org/yse/transient_detail/2025ahki|*YSE-PZ*>,,
ANT2025ptf92crce7vb,2025aidk,---,,,165.7523914170513,46.388567448855525,19.45426177978516,0.1110343095206189,early_lightgbm_02_2025,svi,SLSN-I,,,,,False,,,,1.0,False,,,,,,,1.0,749.E,<https://ziggy.ucolick.org/yse/transient_detail/2025aidk|*YSE-PZ*>,,
ANT2025bqz2ko1verk3,2025aebt,SN Ib,0.017649,,107.32810035,20.638742357244297,17.790794372558594,32.151763509522425,full_lightgbm_02_2025,svi,SN Ibc,13.77824540057882,NGC2342,0.0163779904759772,,False,-21.497147934352316,0.987129064849126,glade,1.0,True,SN Ibc,1.0,-16.682747100025964,,0.017649,,1.0,577.B,<https://ziggy.ucolick.org/yse/transient_detail/2025aebt|*YSE-PZ*>,,
ANT2025st5xivqfnqnx,2025ahyr,---,,,171.5597971482411,13.244702516519697,19.3050537109375,0.0187195092730689,early_lightgbm_02_2025,svi,SLSN-I,1.0807431368534748,9906626423751165,0.223195,,False,-18.60058469547138,0.99999999999992,decals,1.0,True,SN Ia,0.744,-20.76777134341326,,0.223195,,1.0,527.F,<https://ziggy.ucolick.org/yse/transient_detail/2025ahyr|*YSE-PZ*>,,
ANT2025xbiwq6utzg1q,2025ahde,---,,,170.39483089999996,6.634235799999999,18.73876190185547,0.1521338094316888,early_lightgbm_02_2025,svi,SLSN-I,2.055375798745004,9906624005737867,0.833214,,False,-21.72117134567941,0.9999999999998872,decals,1.0,True,SN Ia,0.688,-24.27554250099538,,0.833214,,1.0,Virgo.B,<https://ziggy.ucolick.org/yse/transient_detail/2025ahde|*YSE-PZ*>,,
ANT2025os6ohggz7h44,2025aecw,---,,,172.46049433809745,67.67272085038584,19.21609878540039,33.12136990952422,full_lightgbm_02_2025,svi,SLSN-I,0.1563793529943037,9907741040117246,0.36729,,False,-20.01034991650216,0.999999999999991,decals,1.0,True,SN Ia,0.715,-21.976901423386916,,0.36729,,1.0,523.D,<https://ziggy.ucolick.org/yse/transient_detail/2025aecw|*YSE-PZ*>,,
ANT2025z62a3oa9qfrb,2025ahhq,---,,,178.78427200004185,34.5210186844696,19.62300109863281,9.056775009288684,early_lightgbm_02_2025,svi,SLSN-I,0.6863485298563656,9907733242974598,0.505273,,False,-20.780034219660752,0.9934086670492106,decals,1.0,True,SN Ia,0.917,-22.285920742706047,,0.505273,,1.0,575.A,<https://ziggy.ucolick.org/yse/transient_detail/2025ahhq|*YSE-PZ*>,,
ANT2025030r0bks8i6u,2025adtq,---,,,175.6141831,34.008487900000006,18.77801513671875,25.026786609581904,full_lightgbm_02_2025,svi,SN Ibc,10.48587228886007,9907733085882128,0.03327,,False,-16.92610573851331,0.8569430694926001,decals,1.0,True,SN Ibc,0.947,-17.080743180705703,,0.03327,,1.0,674.D,<https://ziggy.ucolick.org/yse/transient_detail/2025adtq|*YSE-PZ*>,,
ANT2025k9g7ru9zfclu,2025ahsp,---,,,119.87505983133376,28.81547269988904,19.82037925720215,0.1765320091799367,early_lightgbm_02_2025,svi,SLSN-I,0.7835289939570683,9906631866455556,0.29406,,False,-21.145782836861184,0.8229159611369092,decals,1.0,True,SN Ia,0.847,-20.872229216626035,,0.29406,,1.0,674.C,<https://ziggy.ucolick.org/yse/transient_detail/2025ahsp|*YSE-PZ*>,,
ANT2025mdohg315gnku,2025ahxn,---,,,124.71400328060378,50.18585373152031,19.404760360717773,0.1864047092676628,early_lightgbm_02_2025,svi,SLSN-I,0.4574500010233035,9907737625493998,0.3041,,False,-19.91094586522876,0.9999999999999754,decals,1.0,True,SN Ia,0.917,-21.363392792821088,,0.3041,,1.0,749.D,<https://ziggy.ucolick.org/yse/transient_detail/2025ahxn|*YSE-PZ*>,,
ANT2025xayecbc3mhyh,2025nnd,SLSN-II,0.097,,148.96403416951196,33.993967639830586,18.262563705444336,107.01610370914568,full_lightgbm_02_2025,svi,SN IIn,1.857919483250269,9907733080050830,0.09671,,False,-20.8462265644259,0.9999999999999823,decals,0.997,True,SN IIn,0.859,-19.95145192832918,,0.097,,1.0,674.D,<https://ziggy.ucolick.org/yse/transient_detail/2025nnd|*YSE-PZ*>,,
ANT2025u3kyvhgdhq09,2025yyn,SN IIb,0.01463,,148.56908139386113,68.33231411671946,17.32619285583496,90.0522380094335,full_lightgbm_02_2025,svi,SN Ibc,29.1743787263033,9907741109125351,0.010149,,False,-20.738552688526788,0.9750379752374128,decals,0.996,True,SN Ibc,1.0,-16.738278731556917,,0.01463,,0.997,468.A,<https://ziggy.ucolick.org/yse/transient_detail/2025yyn|*YSE-PZ*>,,
ANT2025po5ne08lswsn,2025wce,SN IIn,0.06,,238.0977437889172,51.57903070572059,16.455976486206055,78.40802500958671,full_lightgbm_02_2025,svi,SN IIn,6.020316206817801,9907737943147465,0.060022,,False,-18.72989125606145,0.6832386087704072,decals,0.993,True,SN IIn,0.817,-20.697169245220568,,0.06,,1.0,749.F,<https://ziggy.ucolick.org/yse/transient_detail/2025wce|*YSE-PZ*>,,
ANT2025m2i8bg1pd5xn,2025aayl,SN IIn,0.09837,,124.50329411434176,23.32166522635056,18.022506713867188,16.11304820937221,early_lightgbm_02_2025,svi,SN IIn,3.1978810550290966,1685342,0.0972231694848399,,False,-20.840001993266664,0.9999999999999698,glade,0.991,True,SN IIn,0.998,-20.222590144275017,,0.09837,,1.0,618.A,<https://ziggy.ucolick.org/yse/transient_detail/2025aayl|*YSE-PZ*>,,
ANT2025ds0vt8p6g61n,2025agps,---,,,133.69703679207865,23.58508560102139,18.830541610717773,9.120536609581904,full_lightgbm_02_2025,svi,SN Ibc,0.2836404868793508,9906630087283193,0.043546,,False,-19.44264663226619,0.9998852091455656,decals,0.982,True,SN Ibc,0.991,-17.61814467748576,,0.043546,,0.997,618.A,<https://ziggy.ucolick.org/yse/transient_detail/2025agps|*YSE-PZ*>,,
ANT2025xhvyz0fo5xo1,2025abka,SN II,0.03,,192.605557107095,28.834681807910123,16.74376678466797,46.99863850933616,full_lightgbm_02_2025,svi,SN Ibc,1.536480753625875,9906631883228496,0.031414,,False,-16.859108510447967,0.9996459196389936,decals,0.961,True,SN Ibc,1.0,-18.88857024971717,,0.03,,0.961,674.C,<https://ziggy.ucolick.org/yse/transient_detail/2025abka|*YSE-PZ*>,,
ANT2025qdonqldj5o2o,2025agfz,SN IIn,0.05,,40.125193676700285,36.40857495997924,17.2508602142334,0.3517866093025077,early_lightgbm_02_2025,svi,SN IIn,,,,,False,,,,0.956,False,SN IIn,0.574,-19.501288168196165,,0.05,,0.956,674.D,<https://ziggy.ucolick.org/yse/transient_detail/2025agfz|*YSE-PZ*>,,
ANT2025c9suknsd19p1,2025agqu,---,,,111.2481967983439,5.004877542250995,16.54717445373535,18.104448609548854,full_lightgbm_02_2025,svi,SN IIn,,,,,False,,,,0.81,False,,,,,,,0.862,468.D,<https://ziggy.ucolick.org/yse/transient_detail/2025agqu|*YSE-PZ*>,,
ANT2026kw3jnrubxmwf,2026bhr,---,,,141.9455332935146,7.3621247957457,18.325780868530273,0.24792690058529843,early_lightgbm_02_2025,svi,SLSN-I,130.47184355923272,SDSSJ092744.52+07193,0.2130547066752872,,False,-25.419996141653463,0.9999999999917646,glade,1.0,True,SN Ia,0.84,-21.64270795714319,,0.2130547066752872,,1.0,Virgo.B,<https://ziggy.ucolick.org/yse/transient_detail/2026bhr|*YSE-PZ*>,,
ANT2026b0u7tfqlor77,2026lb,SN Ia,0.060693,,115.6259125709433,39.040426965215616,18.287214279174805,8.307394500778173,full_lightgbm_02_2025,dynesty,SN Ibc,2.8290326670082524,2142206,0.0614470013107912,,False,-20.620001005246152,0.9999999999999872,glade,1.0,True,SN Ibc,1.0,-18.891216373469156,,0.060693,,1.0,719.A,<https://ziggy.ucolick.org/yse/transient_detail/2026lb|*YSE-PZ*>,,
ANT2025nkcuvzl13ik8,2025agjf,---,,,138.2238203,19.399451128852647,18.94988441467285,48.06311210054264,full_lightgbm_02_2025,dynesty,SLSN-I,1.6500469757065688,9906628681270228,0.354241,,False,-19.936645675138998,0.7099242046348578,decals,1.0,True,SN II,1.0,-22.16172839219609,,0.354241,,1.0,618.C,<https://ziggy.ucolick.org/yse/transient_detail/2025agjf|*YSE-PZ*>,,
