antid,tns_name,tns_class,tns_redshift,superphot_plus_class_prob,ra,dec,peak_mag,peak_phase,superphot_plus_classifier,superphot_plus_sampler,superphot_plus_class,host_sep_arcsec,host_name,host_redshift,host_redshift_type,posted_before
ANT2025j3bdbx7etlm0,2025adj,SN II,0.011389,0.74,224.93532368378948,51.46306084280988,16.313596725463867,0.3168948954771622,early_lightgbm_12_2024,svi,SN II,13.169825288296348,KUG 1458+516,0.011389,SPEC,False
ANT2025b1lrd9fasqoo,2025iv,SN Ic,0.0173,0.701,31.863538940412795,19.19356055896222,16.857452392578125,0.6220568954813643,early_lightgbm_12_2024,svi,SN Ibc,7.0068381396612525,CGCG 461-046,0.016995,SPEC,False
ANT2024me27xcwuydxt,---,---,,0.596,283.88978384999996,-0.3175422485364549,17.13164520263672,0.2173693958538933,full_lightgbm_12_2024,svi,SLSN-I,15.644959231964844,,0.0756728682353399,PHOT,False
ANT2025j3bdbx7etlm0,2025adj,SN II,0.011389,0.74,224.93532368378948,51.46306084280988,16.313596725463867,0.3744148497862625,early_lightgbm_12_2024,svi,SN II,13.169825288296348,KUG 1458+516,0.011389,SPEC,False
ANT2025b1lrd9fasqoo,2025iv,SN Ic,0.0173,0.701,31.863538940412795,19.19356055896222,16.857452392578125,0.6795768497904646,early_lightgbm_12_2024,svi,SN Ibc,7.0068381396612525,CGCG 461-046,0.016995,SPEC,False
ANT2024me27xcwuydxt,---,---,,0.596,283.88978384999996,-0.31754224853645496,17.13164520263672,0.27488935016299365,full_lightgbm_12_2024,svi,SLSN-I,15.644959231964844,,0.07567286823533995,PHOT,False
