antid,tns_name,tns_class,tns_redshift,superphot_plus_class_prob,ra,dec,peak_mag,peak_phase,superphot_plus_classifier,superphot_plus_sampler,superphot_plus_class,host_sep_arcsec,host_name,host_redshift,host_redshift_type,posted_before
ANT2025h50kqhgrn3vp,2025yz,SN Ia,0.038353,0.796,154.2254352999998,-5.8664503417877825,17.238122940063477,0.44337065384024754,early_lightgbm_12_2024,svi,SN Ibc,15.727394588517418,MCG -01-26-038,0.038353,SPEC,False
ANT2025sabcxhn0tajb,2025qe,SN Iax[02cx-like],0.0075,0.785,139.61737875204278,73.76248750823903,16.217947006225586,0.383995653653983,early_lightgbm_12_2024,svi,SN Ibc,21.04813744949054,,,PHOT,False
ANT2025ehgowafw9hz9,2025nb,---,,0.777,246.04217199425955,25.66922420897704,16.95515251159668,0.17965535359689966,early_lightgbm_12_2024,svi,SN Ibc,7.71261165874143,WISEA J162409.72+254014.6,0.040413,SPEC,False
ANT20253kuwjeql3ll8,2025oq,SN Ic,0.01133,0.606,136.1601387938907,18.466676101494528,15.463980674743652,5.413162253855262,early_lightgbm_12_2024,svi,SN Ibc,11.241799061362752,NGC 2744 NED02,0.01133,SPEC,False
