superphot_plus_A_ZTF_r,superphot_plus_beta_ZTF_r,superphot_plus_gamma_ZTF_r,superphot_plus_t_0_ZTF_r,superphot_plus_tau_rise_ZTF_r,superphot_plus_tau_fall_ZTF_r,superphot_plus_extra_sigma_ZTF_r,superphot_plus_A_ZTF_g,superphot_plus_beta_ZTF_g,superphot_plus_gamma_ZTF_g,superphot_plus_t_0_ZTF_g,superphot_plus_tau_rise_ZTF_g,superphot_plus_tau_fall_ZTF_g,superphot_plus_extra_sigma_ZTF_g,name,superphot_plus_classifier,superphot_plus_class,superphot_plus_prob,superphot_plus_prob_SLSN-I,superphot_plus_prob_SN Ia,superphot_plus_prob_SN Ibc,superphot_plus_prob_SN II,superphot_plus_prob_SN IIn,superphot_plus_classified
0.99032724,0.0047258427,18.846191,-7.298336,2.1248057,25.559465,0.057845104,0.9055302,0.009619815,14.395685,-7.246109,2.4676275,16.010386,0.027814878,170028485814779919,early_lightgbm_02_2025,SN Ibc,0.971,0.0,0.01,0.971,0.01,0.01,True
1.0298493,0.004794472,20.268147,-19.435997,2.4950914,28.263897,0.05621036,1.2491729,0.009791063,14.133717,-19.66337,3.4431565,16.105434,0.04152758,314051320292573245,full_lightgbm_02_2025,SN Ia,0.571,0.353,0.571,0.007,0.056,0.013,True
1.2423375,0.0043428782,33.88238,-31.393793,13.793519,33.639812,0.09276971,1.0105503,0.009441493,13.658569,-31.179903,9.013079,21.45671,0.0435606,313853497671417905,full_lightgbm_02_2025,SN II,0.994,0.0,0.0,0.0,0.994,0.006,True
0.9236541,0.0054465192,15.168453,-18.918123,2.1054807,24.563116,0.060615443,1.1040967,0.010307671,11.51206,-18.939022,2.516364,17.57596,0.030664694,314007345737760850,full_lightgbm_02_2025,SN Ia,0.805,0.046,0.805,0.013,0.005,0.131,True
1.1518078,0.004252605,42.11075,-37.468727,10.224455,50.15714,0.08513126,1.3433661,0.010172807,25.514174,-37.626495,11.070036,40.545624,0.058148693,313831458514927674,full_lightgbm_02_2025,SLSN-I,0.835,0.835,0.0,0.0,0.004,0.161,True
0.98560417,0.0043774126,20.282703,-9.054845,2.186768,25.917496,0.048643872,1.1020038,0.009118775,15.906396,-9.178751,1.8042393,16.345753,0.028923016,170019696438935593,early_lightgbm_02_2025,SN Ia,0.628,0.0,0.628,0.063,0.296,0.013,True
0.9486811,0.0052496493,14.111399,-13.539152,1.5631402,18.837326,0.08929743,0.92127967,0.010277906,11.104606,-13.422213,1.63091,11.517669,0.036051482,314002971135836309,full_lightgbm_02_2025,SN Ibc,0.788,0.0,0.212,0.788,0.0,0.0,True
0.7019285,0.0075694053,14.673814,-4.8522267,4.903666,28.672344,0.059915923,0.93867755,0.012911731,9.221729,-5.2587237,1.5095713,25.306528,0.05332819,313963359527501831,full_lightgbm_02_2025,SLSN-I,0.585,0.585,0.335,0.023,0.0,0.058,True
1.004094,0.005054829,16.746258,-15.378244,1.5931574,30.17411,0.04866126,0.8214761,0.010356533,10.207565,-15.523912,1.7155437,18.89188,0.029233307,314051321101549625,full_lightgbm_02_2025,SN Ibc,0.989,0.0,0.0,0.989,0.011,0.0,True
1.0204005,0.004496934,19.024115,-10.612312,1.4049431,28.685478,0.06471041,0.95673573,0.009562118,11.570951,-10.600655,1.433929,19.032925,0.03293874,313994145147388004,early_lightgbm_02_2025,SN II,0.506,0.004,0.008,0.442,0.506,0.04,True
0.89374876,0.0064255446,25.457531,-22.082895,7.3196597,36.842403,0.068519965,1.3960004,0.010796402,20.472359,-21.908697,9.017004,31.911371,0.05947707,313756671695913113,full_lightgbm_02_2025,SLSN-I,1.0,1.0,0.0,0.0,0.0,0.0,True
1.0078115,0.0049140095,15.4575405,-9.512417,2.0358448,17.60281,0.040510215,1.0668389,0.009822516,12.099512,-8.75918,2.1005096,14.126488,0.03290204,313928194151940140,full_lightgbm_02_2025,SN Ibc,0.606,0.0,0.359,0.606,0.0,0.035,True
0.734169,0.006710686,16.861786,-10.1860285,3.187644,33.57623,0.044223577,1.1011827,0.011665548,10.88623,-10.307619,1.8345602,24.499752,0.036580276,170019696328835126,early_lightgbm_02_2025,SN Ia,0.433,0.37,0.433,0.024,0.173,0.0,True
0.9284098,0.0052412525,26.606728,-22.360817,2.899166,42.253204,0.04069176,1.1454403,0.010108003,18.184036,-22.273655,2.6841464,29.269089,0.035113346,313871013678940198,full_lightgbm_02_2025,SLSN-I,0.876,0.876,0.0,0.0,0.042,0.082,True
0.85520816,0.0033606936,67.34863,-11.299833,1.9549134,58.961777,0.062155783,0.9470434,0.01011684,19.814724,-11.824641,1.2848556,52.953125,0.054573648,313871013802672296,full_lightgbm_02_2025,SN II,1.0,0.0,0.0,0.0,1.0,0.0,True
0.8053619,0.0061314227,10.351224,-3.1698942,1.864835,22.109749,0.045025483,1.0342746,0.011250865,6.9455404,-3.5341854,0.9462638,24.359922,0.031430066,313980945119576112,full_lightgbm_02_2025,SN Ia,0.671,0.0,0.671,0.053,0.271,0.005,True
1.0078115,0.0049140095,15.4575405,-9.512417,2.0358448,17.60281,0.040510215,1.0668389,0.009822516,12.099512,-8.75918,2.1005096,14.126488,0.03290204,313928194151940140,full_lightgbm_02_2025,SN Ibc,0.606,0.0,0.359,0.606,0.0,0.035,True
0.9648342,0.004976078,18.565407,-4.9815826,1.6832654,25.38519,0.06989926,0.9859954,0.009973934,14.080279,-6.3369894,1.9277849,15.845621,0.0326614,170028486213238822,early_lightgbm_02_2025,SN II,0.718,0.003,0.003,0.214,0.718,0.062,True
0.9486811,0.0052496493,14.111399,-13.539152,1.5631402,18.837326,0.08929743,0.92127967,0.010277906,11.104606,-13.422213,1.63091,11.517669,0.036051482,314002971135836309,full_lightgbm_02_2025,SN Ibc,0.788,0.0,0.212,0.788,0.0,0.0,True
0.97331655,0.0046157716,20.207663,-8.430247,2.2271528,26.199564,0.052327745,0.7853691,0.009822967,15.383007,-8.561071,2.2513375,16.582134,0.028962664,170028485844664382,early_lightgbm_02_2025,SN Ibc,0.991,0.0,0.0,0.991,0.007,0.002,True
0.93506503,0.004355417,37.747772,-9.748304,1.0529926,83.729,0.0656797,0.9878658,0.008752631,28.925365,-9.745201,0.9058831,54.992294,0.046662502,313831458450440303,full_lightgbm_02_2025,SN IIn,0.585,0.003,0.0,0.0,0.412,0.585,True
1.0202317,0.0044425027,21.583961,-10.366257,1.6604548,20.61357,0.06974624,1.1145892,0.009407103,14.327874,-10.437756,1.790048,13.601925,0.044182457,314051320414732370,full_lightgbm_02_2025,SN Ibc,0.538,0.07,0.381,0.538,0.007,0.004,True
1.2423375,0.0043428782,33.88238,-31.393793,13.793519,33.639812,0.09276971,1.0105503,0.009441493,13.658569,-31.179903,9.013079,21.45671,0.0435606,313853497671417905,full_lightgbm_02_2025,SN II,0.994,0.0,0.0,0.0,0.994,0.006,True
0.898542,0.006361936,19.342754,-16.850006,18.285332,23.833443,0.090279385,1.43535,0.011334688,20.229942,-17.397488,9.232405,17.507889,0.09638943,313893022950490177,full_lightgbm_02_2025,SLSN-I,0.947,0.947,0.0,0.053,0.0,0.0,True
1.0265197,0.0047802487,18.227762,-14.076407,1.5979505,33.754295,0.052107148,0.8231987,0.010070871,10.457855,-14.201078,1.7268901,23.044338,0.031714857,170019696266444924,full_lightgbm_02_2025,SN Ibc,0.86,0.0,0.0,0.86,0.14,0.0,True
0.9486811,0.0052496493,14.111399,-13.539152,1.5631402,18.837326,0.08929743,0.92127967,0.010277906,11.104606,-13.422213,1.63091,11.517669,0.036051482,314002971135836309,full_lightgbm_02_2025,SN Ibc,0.788,0.0,0.212,0.788,0.0,0.0,True
1.0078115,0.0049140095,15.4575405,-9.512417,2.0358448,17.60281,0.040510215,1.0668389,0.009822516,12.099512,-8.75918,2.1005096,14.126488,0.03290204,313928194151940140,full_lightgbm_02_2025,SN Ibc,0.606,0.0,0.359,0.606,0.0,0.035,True
1.0205244,0.004892756,20.741508,-22.155102,2.6992335,25.305208,0.06596862,1.0720527,0.009609688,13.234194,-20.699173,2.1710353,16.34493,0.032316368,313985346353234012,full_lightgbm_02_2025,SN Ibc,0.706,0.005,0.26,0.706,0.0,0.029,True
0.88826513,0.0054636807,13.307295,-20.48378,5.3473816,25.26004,0.062154606,1.4245207,0.009960014,17.42981,-20.21504,9.727391,33.429176,0.054605864,313897383647772709,full_lightgbm_02_2025,SLSN-I,1.0,1.0,0.0,0.0,0.0,0.0,True
1.0202317,0.0044425027,21.583961,-10.366257,1.6604548,20.61357,0.06974624,1.1145892,0.009407103,14.327874,-10.437756,1.790048,13.601925,0.044182457,314051320414732370,full_lightgbm_02_2025,SN Ibc,0.538,0.07,0.381,0.538,0.007,0.004,True
0.9141185,0.005147076,18.159088,-3.7639208,1.7581992,25.237757,0.065217,1.0893052,0.010020882,13.711883,-3.9494781,1.1495059,15.708892,0.03388352,170028497264181363,early_lightgbm_02_2025,SN II,0.826,0.0,0.166,0.0,0.826,0.008,True
1.0205244,0.004892756,20.741508,-22.155102,2.6992335,25.305208,0.06596862,1.0720527,0.009609688,13.234194,-20.699173,2.1710353,16.34493,0.032316368,313985346353234012,full_lightgbm_02_2025,SN Ibc,0.706,0.005,0.26,0.706,0.0,0.029,True
0.9808296,0.004566931,17.49448,-9.162471,1.564227,19.966438,0.048621647,0.9331295,0.009649408,18.178658,-9.116587,1.4139111,13.764262,0.024572205,313928194187591742,full_lightgbm_02_2025,SN Ia,0.43,0.0,0.43,0.352,0.0,0.218,True
1.0265197,0.0047802487,18.227762,-14.076407,1.5979505,33.754295,0.052107148,0.8231987,0.010070871,10.457855,-14.201078,1.7268901,23.044338,0.031714857,170019696266444924,full_lightgbm_02_2025,SN Ibc,0.86,0.0,0.0,0.86,0.14,0.0,True
0.80728763,0.0036647671,40.706,-26.552235,15.035919,55.86911,0.0644248,1.2043684,0.005150743,61.536827,-26.8204,8.596714,40.841747,0.042950142,313831458465644575,full_lightgbm_02_2025,SLSN-I,0.745,0.745,0.0,0.255,0.0,0.0,True
1.0003399,0.004641694,18.468306,-5.4175434,2.5168705,25.003433,0.0656454,1.1270838,0.009369455,14.039757,-5.025887,2.1652918,15.431233,0.032632038,170019696437362764,early_lightgbm_02_2025,SN Ia,0.896,0.0,0.896,0.009,0.021,0.073,True
0.87880576,0.0055294903,10.859464,-12.293875,1.4909551,12.984296,0.05946085,1.1320899,0.010254396,13.247545,-11.844854,1.5202959,8.943769,0.043918066,170019696437887107,full_lightgbm_02_2025,SN Ia,0.639,0.0,0.639,0.0,0.022,0.339,True
0.85520816,0.0033606936,67.34863,-11.299833,1.9549134,58.961777,0.062155783,0.9470434,0.01011684,19.814724,-11.824641,1.2848556,52.953125,0.054573648,313871013802672296,full_lightgbm_02_2025,SN II,1.0,0.0,0.0,0.0,1.0,0.0,True
0.7019285,0.0075694053,14.673814,-4.8522267,4.903666,28.672344,0.059915923,0.93867755,0.012911731,9.221729,-5.2587237,1.5095713,25.306528,0.05332819,313963359527501831,full_lightgbm_02_2025,SLSN-I,0.585,0.585,0.335,0.023,0.0,0.058,True
0.9915184,0.004743168,18.31334,-5.4463816,1.954246,25.27954,0.0634675,1.01473,0.009543441,13.848362,-5.2473083,2.0668993,15.74593,0.029966388,313756673035468835,early_lightgbm_02_2025,SN Ibc,0.468,0.002,0.427,0.468,0.031,0.072,True
0.87880576,0.0055294903,10.859464,-12.293875,1.4909551,12.984296,0.05946085,1.1320899,0.010254396,13.247545,-11.844854,1.5202959,8.943769,0.043918066,170019696437887107,full_lightgbm_02_2025,SN Ia,0.639,0.0,0.639,0.0,0.022,0.339,True
0.9915184,0.004743168,18.31334,-5.4463816,1.954246,25.27954,0.0634675,1.01473,0.009543441,13.848362,-5.2473083,2.0668993,15.74593,0.029966388,313756673035468835,early_lightgbm_02_2025,SN Ibc,0.468,0.002,0.427,0.468,0.031,0.072,True
1.0937217,0.007219909,28.839378,-34.445732,21.980034,40.79816,0.107056856,1.9234374,0.011921663,22.558554,-34.490448,11.133564,29.723381,0.099864535,313699507039109196,full_lightgbm_02_2025,SN Ibc,0.685,0.315,0.0,0.685,0.0,0.0,True
0.77538776,0.0061570453,13.055907,-10.400997,4.074033,23.49088,0.032307684,1.1477354,0.010712527,13.290081,-10.11028,2.5612285,15.332764,0.022546224,313853501446815761,full_lightgbm_02_2025,SN Ia,0.993,0.006,0.993,0.0,0.0,0.001,True
0.9901755,0.0047778366,15.186627,-9.450081,2.521812,20.63689,0.043397143,1.003984,0.009750139,13.646936,-9.72385,2.865322,16.935984,0.019635962,313945770546430083,full_lightgbm_02_2025,SN Ia,0.639,0.0,0.639,0.317,0.0,0.044,True
0.7025149,0.00693522,17.323586,-11.217485,1.6625342,35.384495,0.042903878,1.1396672,0.011134678,13.854737,-10.867179,1.6724081,26.1447,0.031000225,313871013683134625,full_lightgbm_02_2025,SN II,0.352,0.301,0.246,0.005,0.352,0.097,True
0.89374876,0.0064255446,25.457531,-22.082895,7.3196597,36.842403,0.068519965,1.3960004,0.010796402,20.472359,-21.908697,9.017004,31.911371,0.05947707,313756671695913113,full_lightgbm_02_2025,SLSN-I,1.0,1.0,0.0,0.0,0.0,0.0,True
0.9560259,0.0054976307,15.119228,-26.941492,5.259412,27.065727,0.0886644,1.5028424,0.009869496,18.26947,-26.50401,8.514797,32.60968,0.058230344,313690717562601492,full_lightgbm_02_2025,SLSN-I,0.949,0.949,0.006,0.011,0.0,0.034,True
0.9945545,0.0047296034,18.730839,-7.993849,1.9438773,25.437614,0.050825138,0.807864,0.009587893,14.629683,-6.9852266,2.431324,15.444487,0.026908714,170019696472490057,early_lightgbm_02_2025,SN Ibc,0.967,0.0,0.002,0.967,0.022,0.009,True
0.9218467,0.005285828,16.892189,-10.402804,2.2566292,19.197845,0.04225786,1.1411946,0.009940224,13.814186,-10.275507,2.8606462,13.859371,0.033260483,313893022930567256,full_lightgbm_02_2025,SN Ia,0.955,0.041,0.955,0.0,0.004,0.0,True
1.0201349,0.0045064776,19.021454,-10.613422,1.403565,28.6921,0.064691484,0.9568211,0.009571044,11.571407,-10.601532,1.4326602,19.038464,0.032930963,313994145147388004,early_lightgbm_02_2025,SN II,0.514,0.004,0.008,0.434,0.514,0.04,True
1.0213484,0.004500469,16.956537,-16.019794,1.6091969,23.56179,0.051793024,0.85282487,0.009610931,8.733657,-16.232471,1.733109,11.680302,0.028923381,314051321203785807,full_lightgbm_02_2025,SN Ibc,1.0,0.0,0.0,1.0,0.0,0.0,True
0.9560259,0.0054976307,15.119228,-26.941492,5.259412,27.065727,0.0886644,1.5028424,0.009869496,18.26947,-26.50401,8.514797,32.60968,0.058230344,313690717562601492,full_lightgbm_02_2025,SLSN-I,0.949,0.949,0.006,0.011,0.0,0.034,True
1.1501514,0.0037162038,39.33595,-15.703026,12.622812,57.938286,0.07804304,0.9935303,0.008865351,28.49459,-15.506267,10.042077,32.631943,0.089476004,313708289123156661,full_lightgbm_02_2025,SN II,1.0,0.0,0.0,0.0,1.0,0.0,True
1.0300798,0.0045929793,23.267159,-17.302166,1.6341031,23.81615,0.045655355,0.810322,0.009848358,9.598866,-17.581924,1.7838559,13.55489,0.03253264,170019696413769776,early_lightgbm_02_2025,SN Ibc,0.978,0.0,0.0,0.978,0.022,0.0,True
0.9218467,0.005285828,16.892189,-10.402804,2.2566292,19.197845,0.04225786,1.1411946,0.009940224,13.814186,-10.275507,2.8606462,13.859371,0.033260483,313893022930567256,full_lightgbm_02_2025,SN Ia,0.955,0.041,0.955,0.0,0.004,0.0,True
0.8957081,0.0064065736,24.087303,-22.166039,7.0061727,36.41696,0.069872424,1.4005787,0.010752056,20.138681,-21.981142,8.963333,32.11337,0.059239265,313756671695913113,full_lightgbm_02_2025,SLSN-I,1.0,1.0,0.0,0.0,0.0,0.0,True
0.83904964,0.0056729084,15.597351,-9.715312,3.5386992,22.115072,0.034259953,1.1499553,0.010325184,12.641619,-9.356216,2.7929475,14.509673,0.017862625,313941448959459395,full_lightgbm_02_2025,SN Ia,0.996,0.004,0.996,0.0,0.0,0.0,True
1.0202128,0.004443008,21.585304,-10.366381,1.6603792,20.62917,0.06969617,1.1145493,0.009407714,14.326654,-10.437908,1.7898924,13.604254,0.04417677,314051320414732370,full_lightgbm_02_2025,SN Ibc,0.535,0.068,0.386,0.535,0.007,0.004,True
1.0370504,0.0048752096,20.091095,-12.597349,1.4710476,29.88422,0.03923939,0.8215734,0.010211956,11.267995,-12.674467,1.5771599,19.910707,0.028073333,170019696442081285,early_lightgbm_02_2025,SN Ibc,0.865,0.0,0.0,0.865,0.135,0.0,True
0.77538776,0.0061570453,13.055907,-10.400997,4.074033,23.49088,0.032307684,1.1477354,0.010712527,13.290081,-10.11028,2.5612285,15.332764,0.022546224,313853501446815761,full_lightgbm_02_2025,SN Ia,0.993,0.006,0.993,0.0,0.0,0.001,True
0.8957081,0.0064065736,24.087303,-22.166039,7.0061727,36.41696,0.069872424,1.4005787,0.010752056,20.138681,-21.981142,8.963333,32.11337,0.059239265,313756671695913113,full_lightgbm_02_2025,SLSN-I,1.0,1.0,0.0,0.0,0.0,0.0,True
1.0117596,0.0050862627,13.313027,-11.142475,1.3118572,25.36842,0.04956191,1.0344442,0.010085659,11.65784,-10.998077,1.3400333,14.289551,0.033588164,170019696466198671,full_lightgbm_02_2025,SN Ia,0.682,0.0,0.682,0.23,0.073,0.014,True
0.89719975,0.005576426,13.558347,-12.931757,2.0296273,24.214745,0.04063741,1.1368372,0.010322631,14.573414,-12.651121,2.471038,12.608834,0.037453227,313761042284412983,full_lightgbm_02_2025,SN Ia,0.997,0.003,0.997,0.0,0.0,0.0,True
1.0300798,0.0045929793,23.267159,-17.302166,1.6341031,23.81615,0.045655355,0.810322,0.009848358,9.598866,-17.581924,1.7838559,13.55489,0.03253264,170019696413769776,early_lightgbm_02_2025,SN Ibc,0.978,0.0,0.0,0.978,0.022,0.0,True
1.1519177,0.004277907,41.767292,-37.463097,10.212719,50.445366,0.085124135,1.3435881,0.0101917535,25.41072,-37.624176,11.064453,40.708748,0.058070727,313831458514927674,full_lightgbm_02_2025,SLSN-I,0.825,0.825,0.0,0.0,0.004,0.17,True
0.6994686,0.006958181,19.243126,-10.980909,1.6466256,35.13643,0.040463544,1.136632,0.011198856,13.800819,-10.657886,1.6503731,25.72879,0.030732593,313871013683134625,early_lightgbm_02_2025,SN Ia,0.42,0.261,0.42,0.001,0.317,0.0,True
0.96784467,0.004971144,17.048014,-14.885769,1.6352385,28.04991,0.06525999,0.8110317,0.010078843,9.329254,-15.027563,1.7715368,16.74504,0.034640692,170028485779128373,full_lightgbm_02_2025,SN Ibc,0.986,0.0,0.0,0.986,0.014,0.0,True
1.004094,0.005054829,16.746258,-15.378244,1.5931574,30.17411,0.04866126,0.8214761,0.010356533,10.207565,-15.523912,1.7155437,18.89188,0.029233307,314051321101549625,full_lightgbm_02_2025,SN Ibc,0.989,0.0,0.0,0.989,0.011,0.0,True
0.9441415,0.0050584516,18.473253,-8.510706,2.6263158,21.88542,0.046173207,1.0813801,0.009989174,14.259758,-8.614458,2.7809997,15.161741,0.030615684,313765480704245975,full_lightgbm_02_2025,SN Ia,0.941,0.025,0.941,0.02,0.002,0.012,True
1.0117596,0.0050862627,13.313027,-11.142475,1.3118572,25.36842,0.04956191,1.0344442,0.010085659,11.65784,-10.998077,1.3400333,14.289551,0.033588164,170019696466198671,full_lightgbm_02_2025,SN Ia,0.682,0.0,0.682,0.23,0.073,0.014,True
1.0113711,0.005012298,19.16659,-11.899691,1.4390069,32.0764,0.04123278,0.8186809,0.010283564,11.626052,-11.963184,1.5180695,22.102522,0.025901552,170028486178635819,early_lightgbm_02_2025,SN Ibc,0.833,0.0,0.0,0.833,0.167,0.0,True
1.0235827,0.0047316724,21.541813,-5.984728,2.1768074,28.830511,0.06397231,1.0035646,0.009444413,16.461433,-4.907438,2.163861,19.224209,0.029391406,313967752817672227,full_lightgbm_02_2025,SN Ibc,0.567,0.032,0.03,0.567,0.007,0.364,True
1.0211117,0.00450237,16.911736,-16.000065,1.6088467,23.351494,0.05239237,0.8536846,0.009611243,8.725356,-16.21088,1.7327724,11.63848,0.02914165,314051321203785807,full_lightgbm_02_2025,SN Ibc,1.0,0.0,0.0,1.0,0.0,0.0,True
1.0265197,0.0047802487,18.227762,-14.076407,1.5979505,33.754295,0.052107148,0.8231987,0.010070871,10.457855,-14.201078,1.7268901,23.044338,0.031714857,170019696266444924,full_lightgbm_02_2025,SN Ibc,0.86,0.0,0.0,0.86,0.14,0.0,True
1.0211117,0.00450237,16.911736,-16.000065,1.6088467,23.351494,0.05239237,0.8536846,0.009611243,8.725356,-16.21088,1.7327724,11.63848,0.02914165,314051321203785807,full_lightgbm_02_2025,SN Ibc,1.0,0.0,0.0,1.0,0.0,0.0,True
1.0201349,0.0045064776,19.021454,-10.613422,1.403565,28.6921,0.064691484,0.9568211,0.009571044,11.571407,-10.601532,1.4326602,19.038464,0.032930963,313994145147388004,early_lightgbm_02_2025,SN II,0.514,0.004,0.008,0.434,0.514,0.04,True
1.0187995,0.005016643,18.029549,-13.400347,1.5152028,29.70993,0.052409913,0.860056,0.0102394,10.729263,-13.501616,1.606087,18.2141,0.029664338,170019696440508539,full_lightgbm_02_2025,SN Ibc,0.923,0.0,0.0,0.923,0.077,0.0,True
0.96363986,0.0049805744,18.558825,-4.9622917,1.6893632,25.383085,0.07086949,0.9785012,0.009984793,14.073677,-6.330529,1.9402486,15.843514,0.03264671,170028486213238822,early_lightgbm_02_2025,SN II,0.683,0.003,0.0,0.256,0.683,0.058,True
0.99765635,0.005098558,12.94319,-10.983317,1.3548911,17.966652,0.05821034,0.9914168,0.010124054,12.4380045,-10.789898,1.4026024,10.659636,0.03907212,314051321267748936,full_lightgbm_02_2025,SN Ia,0.73,0.0,0.73,0.236,0.0,0.035,True
1.0187995,0.005016643,18.029549,-13.400347,1.5152028,29.70993,0.052409913,0.860056,0.0102394,10.729263,-13.501616,1.606087,18.2141,0.029664338,170019696440508539,full_lightgbm_02_2025,SN Ibc,0.923,0.0,0.0,0.923,0.077,0.0,True
0.9799793,0.0049277777,16.87435,-16.16087,1.651865,26.3586,0.057304293,0.804337,0.010150939,9.4605,-16.329567,1.797298,17.715744,0.031449366,170019696482451458,full_lightgbm_02_2025,SN Ibc,1.0,0.0,0.0,1.0,0.0,0.0,True
0.89719975,0.005576426,13.558347,-12.931757,2.0296273,24.214745,0.04063741,1.1368372,0.010322631,14.573414,-12.651121,2.471038,12.608834,0.037453227,313761042284412983,full_lightgbm_02_2025,SN Ia,0.997,0.003,0.997,0.0,0.0,0.0,True
0.734169,0.006710686,16.861786,-10.1860285,3.187644,33.57623,0.044223577,1.1011827,0.011665548,10.88623,-10.307619,1.8345602,24.499752,0.036580276,170019696328835126,early_lightgbm_02_2025,SN Ia,0.433,0.37,0.433,0.024,0.173,0.0,True
1.0205244,0.004892756,20.741508,-22.155102,2.6992335,25.305208,0.06596862,1.0720527,0.009609688,13.234194,-20.699173,2.1710353,16.34493,0.032316368,313985346353234012,full_lightgbm_02_2025,SN Ibc,0.706,0.005,0.26,0.706,0.0,0.029,True
0.97331655,0.0046157716,20.207663,-8.430247,2.2271528,26.199564,0.052327745,0.7853691,0.009822967,15.383007,-8.561071,2.2513375,16.582134,0.028962664,170028485844664382,early_lightgbm_02_2025,SN Ibc,0.991,0.0,0.0,0.991,0.007,0.002,True
0.9236541,0.0054465192,15.168453,-18.918123,2.1054807,24.563116,0.060615443,1.1040967,0.010307671,11.51206,-18.939022,2.516364,17.57596,0.030664694,314007345737760850,full_lightgbm_02_2025,SN Ia,0.805,0.046,0.805,0.013,0.005,0.131,True
1.1063495,0.0034039258,36.94123,-23.903164,10.524185,53.761475,0.07350086,1.1890378,0.007187614,38.71736,-23.48848,8.745337,39.752457,0.041655302,313637935744286779,full_lightgbm_02_2025,SLSN-I,0.737,0.737,0.0,0.0,0.0,0.263,True
1.0301372,0.004271963,32.287804,-19.896866,1.9901037,59.770714,0.06522238,1.2304053,0.008995607,24.707382,-19.885334,2.2077403,41.96913,0.034217954,313972155185365171,full_lightgbm_02_2025,SN IIn,0.468,0.352,0.0,0.0,0.18,0.468,True
0.87581635,0.0050167637,18.681984,-10.816206,1.5627291,31.519089,0.033679403,1.0967723,0.0099022705,11.012381,-10.772179,1.4705274,22.131718,0.028641704,170019696299475118,early_lightgbm_02_2025,SN II,0.496,0.045,0.459,0.0,0.496,0.0,True
0.9966299,0.004723523,18.73503,-8.011858,1.9195294,25.440372,0.050447114,0.81232595,0.009575531,14.634132,-6.9870005,2.4145956,15.4470215,0.02680657,170019696472490057,early_lightgbm_02_2025,SN Ibc,0.968,0.0,0.002,0.968,0.022,0.009,True
0.80743134,0.0036619664,40.71935,-26.549644,15.026892,56.03106,0.064618975,1.2044487,0.005150875,61.52575,-26.81781,8.597689,40.846893,0.04295224,313831458465644575,full_lightgbm_02_2025,SLSN-I,0.751,0.751,0.0,0.249,0.0,0.0,True
1.0265197,0.0047802487,18.227762,-14.076407,1.5979505,33.754295,0.052107148,0.8231987,0.010070871,10.457855,-14.201078,1.7268901,23.044338,0.031714857,170019696266444924,full_lightgbm_02_2025,SN Ibc,0.86,0.0,0.0,0.86,0.14,0.0,True
0.9975239,0.004690867,18.844746,-7.280134,2.1216235,25.559998,0.05809266,0.9099311,0.009587206,14.393362,-7.2436943,2.4652982,16.010891,0.027865428,170028485814779919,early_lightgbm_02_2025,SN Ibc,0.972,0.0,0.008,0.972,0.01,0.01,True
0.99191827,0.004601334,19.139961,-8.253065,2.4214807,25.670176,0.05489526,0.86073923,0.00961897,14.773566,-8.455345,2.3475928,16.113894,0.027920602,170019696475111620,early_lightgbm_02_2025,SN Ibc,0.979,0.0,0.002,0.979,0.01,0.01,True
1.0289924,0.00455915,18.46585,-6.2608557,2.309336,25.24702,0.060014516,1.014148,0.009308459,14.336334,-5.618244,2.2215915,15.275209,0.03195974,170019696282173491,early_lightgbm_02_2025,SN Ibc,0.671,0.01,0.205,0.671,0.039,0.076,True
0.9236541,0.0054465192,15.168453,-18.918123,2.1054807,24.563116,0.060615443,1.1040967,0.010307671,11.51206,-18.939022,2.516364,17.57596,0.030664694,314007345737760850,full_lightgbm_02_2025,SN Ia,0.805,0.046,0.805,0.013,0.005,0.131,True
1.0098982,0.0049014064,15.723956,-13.081963,1.4804239,27.993916,0.048580606,0.86508036,0.009973682,8.952229,-13.322175,1.602121,14.964521,0.024078175,170019696345088104,full_lightgbm_02_2025,SN Ibc,0.983,0.0,0.0,0.983,0.017,0.0,True
0.9941862,0.004834971,18.827677,-6.5798244,1.9663019,24.578243,0.05901029,0.77900416,0.009773703,14.16795,-6.0743327,2.5295694,15.309021,0.031531543,170028488668479507,early_lightgbm_02_2025,SN Ibc,0.976,0.0,0.0,0.976,0.018,0.006,True
0.99765635,0.005098558,12.94319,-10.983317,1.3548911,17.966652,0.05821034,0.9914168,0.010124054,12.4380045,-10.789898,1.4026024,10.659636,0.03907212,314051321267748936,full_lightgbm_02_2025,SN Ia,0.73,0.0,0.73,0.236,0.0,0.035,True
1.0272099,0.004802619,18.841629,-14.02574,1.5942562,33.987648,0.04996107,0.8198265,0.010102641,10.5331955,-14.168092,1.7235463,23.084902,0.03134024,170019696266444924,full_lightgbm_02_2025,SN Ibc,0.828,0.0,0.0,0.828,0.172,0.0,True
1.0123818,0.0044804523,23.09203,-12.525999,1.5090845,24.306034,0.08306919,1.1110101,0.0094680805,13.8781185,-12.564611,1.3205426,15.378597,0.040967114,313994145051443228,full_lightgbm_02_2025,SN Ia,0.418,0.096,0.418,0.367,0.116,0.003,True
1.0300798,0.0045929793,23.267159,-17.302166,1.6341031,23.81615,0.045655355,0.810322,0.009848358,9.598866,-17.581924,1.7838559,13.55489,0.03253264,170019696413769776,early_lightgbm_02_2025,SN Ibc,0.978,0.0,0.0,0.978,0.022,0.0,True
0.9286269,0.0050672498,19.091446,-0.2500875,1.5109341,25.342731,0.090772286,1.2736242,0.0098807365,14.503679,-0.7871871,1.2743638,15.799758,0.07433957,170050474601349124,early_lightgbm_02_2025,SN II,0.623,0.258,0.025,0.069,0.623,0.025,True
0.99934715,0.0046458826,18.468578,-5.4212537,2.5223742,25.003536,0.06502791,1.1269431,0.009372823,14.040041,-5.0268073,2.164573,15.431335,0.032595128,170019696437362764,early_lightgbm_02_2025,SN Ia,0.898,0.0,0.898,0.009,0.02,0.073,True
0.8783161,0.005531936,10.848647,-12.292856,1.4903303,13.095735,0.059096962,1.1320642,0.01025578,13.242575,-11.842579,1.5197055,8.95342,0.04387763,170019696437887107,full_lightgbm_02_2025,SN Ia,0.662,0.0,0.662,0.0,0.02,0.317,True
0.89512706,0.005969002,16.371147,-10.739093,1.2939355,27.075855,0.04491588,1.1204025,0.010649389,11.77331,-10.536306,1.3112974,16.298447,0.03291059,170019696345088120,full_lightgbm_02_2025,SN Ia,0.58,0.127,0.58,0.0,0.293,0.0,True
0.91438186,0.0058226883,19.277206,-27.423367,8.920893,35.889088,0.065842174,1.4622968,0.009812448,21.52653,-26.951134,8.7380705,38.57003,0.05008684,313677516558565438,full_lightgbm_02_2025,SLSN-I,0.992,0.992,0.0,0.008,0.0,0.0,True
1.0202128,0.004443008,21.585304,-10.366381,1.6603792,20.62917,0.06969617,1.1145493,0.009407714,14.326654,-10.437908,1.7898924,13.604254,0.04417677,314051320414732370,full_lightgbm_02_2025,SN Ibc,0.535,0.068,0.386,0.535,0.007,0.004,True
1.1519177,0.004277907,41.767292,-37.463097,10.212719,50.445366,0.085124135,1.3435881,0.0101917535,25.41072,-37.624176,11.064453,40.708748,0.058070727,313831458514927674,full_lightgbm_02_2025,SLSN-I,0.825,0.825,0.0,0.0,0.004,0.17,True
0.99765635,0.005098558,12.94319,-10.983317,1.3548911,17.966652,0.05821034,0.9914168,0.010124054,12.4380045,-10.789898,1.4026024,10.659636,0.03907212,314051321267748936,full_lightgbm_02_2025,SN Ia,0.73,0.0,0.73,0.236,0.0,0.035,True
1.0459266,0.0041011623,23.261463,-17.558702,1.7206094,23.90581,0.04620244,0.80846286,0.0095650405,9.80068,-17.827003,1.8894174,14.117382,0.031205412,170028486051233796,early_lightgbm_02_2025,SN Ibc,0.917,0.0,0.0,0.917,0.083,0.0,True
0.99934715,0.0046458826,18.468578,-5.4212537,2.5223742,25.003536,0.06502791,1.1269431,0.009372823,14.040041,-5.0268073,2.164573,15.431335,0.032595128,170019696437362764,early_lightgbm_02_2025,SN Ia,0.898,0.0,0.898,0.009,0.02,0.073,True
0.8053751,0.006131528,10.34503,-3.1716018,1.8617917,22.166374,0.045437604,1.0342448,0.011250874,6.9442368,-3.5344682,0.94607234,24.361557,0.031458467,313980945119576112,full_lightgbm_02_2025,SN Ia,0.672,0.0,0.672,0.05,0.273,0.005,True
0.83195186,0.0054478003,18.353004,-5.1455183,3.7284298,25.346292,0.059198983,1.1262274,0.010251445,13.867662,-5.6096673,2.0013523,15.806354,0.03443438,170046083740205236,early_lightgbm_02_2025,SN Ia,0.469,0.365,0.469,0.029,0.087,0.05,True
0.9941862,0.004834971,18.827677,-6.5798244,1.9663019,24.578243,0.05901029,0.77900416,0.009773703,14.16795,-6.0743327,2.5295694,15.309021,0.031531543,170028488668479507,early_lightgbm_02_2025,SN Ibc,0.976,0.0,0.0,0.976,0.018,0.006,True
0.83904964,0.0056729084,15.597351,-9.715312,3.5386992,22.115072,0.034259953,1.1499553,0.010325184,12.641619,-9.356216,2.7929475,14.509673,0.017862625,313941448959459395,full_lightgbm_02_2025,SN Ia,0.996,0.004,0.996,0.0,0.0,0.0,True
0.6994686,0.006958181,19.243126,-10.980909,1.6466256,35.13643,0.040463544,1.136632,0.011198856,13.800819,-10.657886,1.6503731,25.72879,0.030732593,313871013683134625,early_lightgbm_02_2025,SN Ia,0.42,0.261,0.42,0.001,0.317,0.0,True
1.0117596,0.0050862627,13.313027,-11.142475,1.3118572,25.36842,0.04956191,1.0344442,0.010085659,11.65784,-10.998077,1.3400333,14.289551,0.033588164,170019696466198671,full_lightgbm_02_2025,SN Ia,0.682,0.0,0.682,0.23,0.073,0.014,True
0.9808296,0.004566931,17.49448,-9.162471,1.564227,19.966438,0.048621647,0.9331295,0.009649408,18.178658,-9.116587,1.4139111,13.764262,0.024572205,313928194187591742,full_lightgbm_02_2025,SN Ia,0.43,0.0,0.43,0.352,0.0,0.218,True
0.9560259,0.0054976307,15.119228,-26.941492,5.259412,27.065727,0.0886644,1.5028424,0.009869496,18.26947,-26.50401,8.514797,32.60968,0.058230344,313690717562601492,full_lightgbm_02_2025,SLSN-I,0.949,0.949,0.006,0.011,0.0,0.034,True
0.9788796,0.004668516,19.101706,-8.205593,2.4747775,25.66232,0.056396917,0.84365606,0.009702576,14.729532,-8.432278,2.3794384,16.10627,0.028407868,170019696475111620,early_lightgbm_02_2025,SN Ibc,0.984,0.0,0.002,0.984,0.008,0.006,True
0.99934715,0.0046458826,18.468578,-5.4212537,2.5223742,25.003536,0.06502791,1.1269431,0.009372823,14.040041,-5.0268073,2.164573,15.431335,0.032595128,170019696437362764,early_lightgbm_02_2025,SN Ia,0.898,0.0,0.898,0.009,0.02,0.073,True
0.8957081,0.0064065736,24.087303,-22.166039,7.0061727,36.41696,0.069872424,1.4005787,0.010752056,20.138681,-21.981142,8.963333,32.11337,0.059239265,313756671695913113,full_lightgbm_02_2025,SLSN-I,1.0,1.0,0.0,0.0,0.0,0.0,True
0.97538537,0.0046027824,20.193321,-8.412873,2.227206,26.191818,0.052991234,0.786199,0.009811435,15.372778,-8.54582,2.245926,16.57556,0.02907211,170028485844664382,early_lightgbm_02_2025,SN Ibc,0.991,0.0,0.0,0.991,0.007,0.002,True
1.0244982,0.004572292,18.461346,-6.215224,2.332807,25.244884,0.060015112,1.002533,0.009329999,14.3316345,-5.604044,2.2369618,15.273312,0.0317349,170019696282173491,early_lightgbm_02_2025,SN Ibc,0.716,0.007,0.174,0.716,0.037,0.066,True
1.1519177,0.004277907,41.767292,-37.463097,10.212719,50.445366,0.085124135,1.3435881,0.0101917535,25.41072,-37.624176,11.064453,40.708748,0.058070727,313831458514927674,full_lightgbm_02_2025,SLSN-I,0.825,0.825,0.0,0.0,0.004,0.17,True
0.7020143,0.0075678835,14.67437,-4.8531675,4.8896976,28.729961,0.060197487,0.9386157,0.01291045,9.221185,-5.258295,1.5085971,25.309864,0.05334835,313963359527501831,full_lightgbm_02_2025,SLSN-I,0.594,0.594,0.324,0.023,0.0,0.059,True
0.9819308,0.0045575732,20.181955,-8.394509,2.1829844,26.163013,0.051446214,0.7928754,0.009753792,15.420534,-8.516283,2.2059875,16.549294,0.028708477,170028485844664382,early_lightgbm_02_2025,SN Ibc,0.989,0.0,0.0,0.989,0.007,0.004,True
0.9441415,0.0050584516,18.473253,-8.510706,2.6263158,21.88542,0.046173207,1.0813801,0.009989174,14.259758,-8.614458,2.7809997,15.161741,0.030615684,313765480704245975,full_lightgbm_02_2025,SN Ia,0.941,0.025,0.941,0.02,0.002,0.012,True
1.0110927,0.0051214034,13.412304,-11.130655,1.308145,25.56492,0.049681008,1.0344853,0.010119084,11.648945,-10.984614,1.3357768,14.290394,0.033557653,170019696466198671,full_lightgbm_02_2025,SN Ia,0.657,0.0,0.657,0.247,0.082,0.014,True
0.7020143,0.0075678835,14.67437,-4.8531675,4.8896976,28.729961,0.060197487,0.9386157,0.01291045,9.221185,-5.258295,1.5085971,25.309864,0.05334835,313963359527501831,full_lightgbm_02_2025,SLSN-I,0.594,0.594,0.324,0.023,0.0,0.059,True
0.89512706,0.005969002,16.371147,-10.739093,1.2939355,27.075855,0.04491588,1.1204025,0.010649389,11.77331,-10.536306,1.3112974,16.298447,0.03291059,170019696345088120,full_lightgbm_02_2025,SN Ia,0.58,0.127,0.58,0.0,0.293,0.0,True
0.9441415,0.0050584516,18.473253,-8.510706,2.6263158,21.88542,0.046173207,1.0813801,0.009989174,14.259758,-8.614458,2.7809997,15.161741,0.030615684,313765480704245975,full_lightgbm_02_2025,SN Ia,0.941,0.025,0.941,0.02,0.002,0.012,True
1.0244982,0.004572292,18.461346,-6.215224,2.332807,25.244884,0.060015112,1.002533,0.009329999,14.3316345,-5.604044,2.2369618,15.273312,0.0317349,170019696282173491,early_lightgbm_02_2025,SN Ibc,0.716,0.007,0.174,0.716,0.037,0.066,True
0.96784467,0.004971144,17.048014,-14.885769,1.6352385,28.04991,0.06525999,0.8110317,0.010078843,9.329254,-15.027563,1.7715368,16.74504,0.034640692,170028485779128373,full_lightgbm_02_2025,SN Ibc,0.986,0.0,0.0,0.986,0.014,0.0,True
0.8957081,0.0064065736,24.087303,-22.166039,7.0061727,36.41696,0.069872424,1.4005787,0.010752056,20.138681,-21.981142,8.963333,32.11337,0.059239265,313756671695913113,full_lightgbm_02_2025,SLSN-I,1.0,1.0,0.0,0.0,0.0,0.0,True
0.9877424,0.004362073,20.287392,-9.04385,2.201684,25.916878,0.048892774,1.1019795,0.009109711,15.904853,-9.174927,1.8041732,16.34497,0.028974675,170019696438935593,early_lightgbm_02_2025,SN Ia,0.614,0.002,0.614,0.064,0.309,0.011,True
0.9286269,0.0050672498,19.091446,-0.2500875,1.5109341,25.342731,0.090772286,1.2736242,0.0098807365,14.503679,-0.7871871,1.2743638,15.799758,0.07433957,170050474601349124,early_lightgbm_02_2025,SN II,0.623,0.258,0.025,0.069,0.623,0.025,True
0.9286269,0.0050672498,19.091446,-0.2500875,1.5109341,25.342731,0.090772286,1.2736242,0.0098807365,14.503679,-0.7871871,1.2743638,15.799758,0.07433957,170050474601349124,early_lightgbm_02_2025,SN II,0.623,0.258,0.025,0.069,0.623,0.025,True
0.9977058,0.0050991755,12.9433365,-10.983967,1.354681,18.047255,0.058097422,0.9914263,0.010124754,12.436722,-10.790525,1.4022951,10.667094,0.03905625,314051321267748936,full_lightgbm_02_2025,SN Ia,0.732,0.0,0.732,0.237,0.0,0.031,True
0.8053751,0.006131528,10.34503,-3.1716018,1.8617917,22.166374,0.045437604,1.0342448,0.011250874,6.9442368,-3.5344682,0.94607234,24.361557,0.031458467,313980945119576112,full_lightgbm_02_2025,SN Ia,0.672,0.0,0.672,0.05,0.273,0.005,True
0.8971687,0.0055764895,13.557852,-12.932573,2.0295696,24.221361,0.040690273,1.1368215,0.010322605,14.573761,-12.651833,2.4708076,12.609455,0.037459835,313761042284412983,full_lightgbm_02_2025,SN Ia,0.997,0.003,0.997,0.0,0.0,0.0,True
0.9337068,0.0043397136,39.404545,-9.727098,1.0494971,83.71769,0.06542042,0.9862987,0.008731272,29.130814,-9.722925,0.9014138,54.937485,0.046658546,313831458450440303,full_lightgbm_02_2025,SN IIn,0.54,0.003,0.0,0.0,0.457,0.54,True
0.83904964,0.0056729084,15.597351,-9.715312,3.5386992,22.115072,0.034259953,1.1499553,0.010325184,12.641619,-9.356216,2.7929475,14.509673,0.017862625,313941448959459395,full_lightgbm_02_2025,SN Ia,0.996,0.004,0.996,0.0,0.0,0.0,True
1.0948479,0.007203468,28.937933,-34.31321,22.170818,40.550934,0.10736397,1.9295828,0.01191096,22.498405,-34.35972,11.133507,29.256618,0.10025595,313699507039109196,full_lightgbm_02_2025,SN Ibc,0.698,0.302,0.0,0.698,0.0,0.0,True
1.0459266,0.0041011623,23.261463,-17.558702,1.7206094,23.90581,0.04620244,0.80846286,0.0095650405,9.80068,-17.827003,1.8894174,14.117382,0.031205412,170028486051233796,early_lightgbm_02_2025,SN Ibc,0.917,0.0,0.0,0.917,0.083,0.0,True
0.9788796,0.004668516,19.101706,-8.205593,2.4747775,25.66232,0.056396917,0.84365606,0.009702576,14.729532,-8.432278,2.3794384,16.10627,0.028407868,170019696475111620,early_lightgbm_02_2025,SN Ibc,0.984,0.0,0.002,0.984,0.008,0.006,True
1.0297301,0.004599901,23.014534,-17.306267,1.6347928,23.900845,0.04627458,0.81087047,0.009852786,9.579514,-17.59037,1.7843816,13.5858965,0.032588035,170019696413769776,early_lightgbm_02_2025,SN Ibc,0.981,0.0,0.0,0.981,0.019,0.0,True
1.0202007,0.004443149,21.584679,-10.36635,1.6603792,20.629719,0.06972222,1.1145499,0.009407863,14.326492,-10.437885,1.7898829,13.604464,0.04418191,314051320414732370,full_lightgbm_02_2025,SN Ibc,0.536,0.068,0.386,0.536,0.007,0.004,True
0.98026764,0.00492835,16.895,-16.171322,1.6521391,26.61304,0.05695949,0.80377865,0.010153377,9.462486,-16.341782,1.7974923,17.773598,0.031383544,170019696482451458,full_lightgbm_02_2025,SN Ibc,1.0,0.0,0.0,1.0,0.0,0.0,True
1.0235827,0.0047316724,21.541813,-5.984728,2.1768074,28.830511,0.06397231,1.0035646,0.009444413,16.461433,-4.907438,2.163861,19.224209,0.029391406,313967752817672227,full_lightgbm_02_2025,SN Ibc,0.567,0.032,0.03,0.567,0.007,0.364,True
0.9877424,0.004362073,20.287392,-9.04385,2.201684,25.916878,0.048892774,1.1019795,0.009109711,15.904853,-9.174927,1.8041732,16.34497,0.028974675,170019696438935593,early_lightgbm_02_2025,SN Ia,0.614,0.002,0.614,0.064,0.309,0.011,True
0.9966299,0.004723523,18.73503,-8.011858,1.9195294,25.440372,0.050447114,0.81232595,0.009575531,14.634132,-6.9870005,2.4145956,15.4470215,0.02680657,170019696472490057,early_lightgbm_02_2025,SN Ibc,0.968,0.0,0.002,0.968,0.022,0.009,True
0.9298781,0.0048792223,20.654129,-6.975194,1.6194909,33.107224,0.042054217,1.0426517,0.009470571,20.900185,-6.761093,1.6659813,19.186562,0.033778228,313853497321193628,full_lightgbm_02_2025,SLSN-I,0.632,0.632,0.033,0.002,0.182,0.151,True
1.0041046,0.0050549665,16.740679,-15.376825,1.5930591,30.126915,0.048679493,0.82152486,0.010356723,10.207422,-15.522348,1.7154579,18.886269,0.029239424,314051321101549625,full_lightgbm_02_2025,SN Ibc,0.989,0.0,0.0,0.989,0.011,0.0,True
1.02145,0.004463441,19.087223,-10.598747,1.4086678,28.657045,0.06449847,0.9563379,0.009531692,11.56346,-10.589817,1.4371789,19.008362,0.03289547,313994145147388004,early_lightgbm_02_2025,SN II,0.502,0.004,0.004,0.454,0.502,0.036,True
0.88826513,0.0054636807,13.307295,-20.48378,5.3473816,25.26004,0.062154606,1.4245207,0.009960014,17.42981,-20.21504,9.727391,33.429176,0.054605864,313897383647772709,full_lightgbm_02_2025,SLSN-I,1.0,1.0,0.0,0.0,0.0,0.0,True
1.0004524,0.004804716,18.828203,-6.578232,1.9534359,24.5784,0.0593098,0.782982,0.009741371,14.168565,-6.07959,2.5138013,15.309158,0.031624727,170028488668479507,early_lightgbm_02_2025,SN Ibc,0.976,0.0,0.0,0.976,0.018,0.006,True
0.88826513,0.0054636807,13.307295,-20.48378,5.3473816,25.26004,0.062154606,1.4245207,0.009960014,17.42981,-20.21504,9.727391,33.429176,0.054605864,313897383647772709,full_lightgbm_02_2025,SLSN-I,1.0,1.0,0.0,0.0,0.0,0.0,True
1.0297301,0.004599901,23.014534,-17.306267,1.6347928,23.900845,0.04627458,0.81087047,0.009852786,9.579514,-17.59037,1.7843816,13.5858965,0.032588035,170019696413769776,early_lightgbm_02_2025,SN Ibc,0.981,0.0,0.0,0.981,0.019,0.0,True
1.0374439,0.0048051868,20.319206,-12.524682,1.475602,29.717022,0.03799417,0.8158186,0.01016725,11.341604,-12.58273,1.584653,19.829142,0.02783837,170019696442081285,early_lightgbm_02_2025,SN Ibc,0.851,0.0,0.0,0.851,0.149,0.0,True
0.91469705,0.0058161733,19.262783,-27.432064,8.906273,35.71295,0.06579353,1.462116,0.009805229,21.557026,-26.957348,8.735349,38.497047,0.050069787,313677516558565438,full_lightgbm_02_2025,SLSN-I,0.99,0.99,0.0,0.01,0.0,0.0,True
0.77538776,0.0061570453,13.055907,-10.400997,4.074033,23.49088,0.032307684,1.1477354,0.010712527,13.290081,-10.11028,2.5612285,15.332764,0.022546224,313853501446815761,full_lightgbm_02_2025,SN Ia,0.993,0.006,0.993,0.0,0.0,0.001,True
0.6994686,0.006958181,19.243126,-10.980909,1.6466256,35.13643,0.040463544,1.136632,0.011198856,13.800819,-10.657886,1.6503731,25.72879,0.030732593,313871013683134625,early_lightgbm_02_2025,SN Ia,0.42,0.261,0.42,0.001,0.317,0.0,True
0.84037864,0.0055742194,20.070528,-9.796347,1.7319739,25.760735,0.071356915,1.1081505,0.010265994,15.759748,-9.703073,1.6586177,16.191685,0.03541,170028492511510705,early_lightgbm_02_2025,SN Ia,0.412,0.283,0.412,0.048,0.246,0.011,True
0.9975257,0.004719954,18.312998,-5.43489,1.9403124,25.27942,0.06508195,1.017637,0.009521479,13.847892,-5.2458334,2.0681574,15.745808,0.030071706,313756673035468835,early_lightgbm_02_2025,SN Ibc,0.498,0.002,0.386,0.498,0.031,0.083,True
1.1519177,0.004277907,41.767292,-37.463097,10.212719,50.445366,0.085124135,1.3435881,0.0101917535,25.41072,-37.624176,11.064453,40.708748,0.058070727,313831458514927674,full_lightgbm_02_2025,SLSN-I,0.825,0.825,0.0,0.0,0.004,0.17,True
1.0211117,0.00450237,16.911736,-16.000065,1.6088467,23.351494,0.05239237,0.8536846,0.009611243,8.725356,-16.21088,1.7327724,11.63848,0.02914165,314051321203785807,full_lightgbm_02_2025,SN Ibc,1.0,0.0,0.0,1.0,0.0,0.0,True
1.0026634,0.0043519805,21.70448,-16.859003,2.5720615,30.168839,0.11548133,0.7967191,0.009575475,10.159937,-17.026188,2.7342696,19.58601,0.041286327,313871014736953360,early_lightgbm_02_2025,SN Ibc,1.0,0.0,0.0,1.0,0.0,0.0,True
1.0125508,0.0044795666,23.117834,-12.538063,1.5158677,24.517063,0.082551196,1.1108227,0.009467015,13.869744,-12.57616,1.3247015,15.405696,0.040891998,313994145051443228,full_lightgbm_02_2025,SN Ia,0.418,0.093,0.418,0.37,0.119,0.0,True
0.89512706,0.005969002,16.371147,-10.739093,1.2939355,27.075855,0.04491588,1.1204025,0.010649389,11.77331,-10.536306,1.3112974,16.298447,0.03291059,170019696345088120,full_lightgbm_02_2025,SN Ia,0.58,0.127,0.58,0.0,0.293,0.0,True
1.0199952,0.004959346,17.42418,-13.438528,1.5205581,29.776615,0.052669354,0.86339813,0.010178527,10.65687,-13.534845,1.6109948,18.251041,0.02973634,170019696440508539,full_lightgbm_02_2025,SN Ibc,0.941,0.0,0.0,0.941,0.059,0.0,True
1.0110927,0.0051214034,13.412304,-11.130655,1.308145,25.56492,0.049681008,1.0344853,0.010119084,11.648945,-10.984614,1.3357768,14.290394,0.033557653,170019696466198671,full_lightgbm_02_2025,SN Ia,0.657,0.0,0.657,0.247,0.082,0.014,True
0.78315836,0.0053633833,53.309223,-15.845369,1.9069713,55.059525,0.064672634,0.9866153,0.009548838,38.242706,-15.844658,2.1307,40.136528,0.039045833,313893023086280813,full_lightgbm_02_2025,SLSN-I,0.426,0.426,0.0,0.0,0.422,0.152,True
1.0199952,0.004959346,17.42418,-13.438528,1.5205581,29.776615,0.052669354,0.86339813,0.010178527,10.65687,-13.534845,1.6109948,18.251041,0.02973634,170019696440508539,full_lightgbm_02_2025,SN Ibc,0.941,0.0,0.0,0.941,0.059,0.0,True
0.88826513,0.0054636807,13.307295,-20.48378,5.3473816,25.26004,0.062154606,1.4245207,0.009960014,17.42981,-20.21504,9.727391,33.429176,0.054605864,313897383647772709,full_lightgbm_02_2025,SLSN-I,1.0,1.0,0.0,0.0,0.0,0.0,True
0.9671179,0.004805128,19.48804,-10.44866,2.1850042,24.744171,0.053054523,0.6582837,0.010025512,14.568123,-10.327364,2.7030413,15.448289,0.03295357,170019696323592290,early_lightgbm_02_2025,SN Ibc,0.994,0.0,0.0,0.994,0.006,0.0,True
1.0004524,0.004804716,18.828203,-6.578232,1.9534359,24.5784,0.0593098,0.782982,0.009741371,14.168565,-6.07959,2.5138013,15.309158,0.031624727,170028488668479507,early_lightgbm_02_2025,SN Ibc,0.976,0.0,0.0,0.976,0.018,0.006,True
1.0459266,0.0041011623,23.261463,-17.558702,1.7206094,23.90581,0.04620244,0.80846286,0.0095650405,9.80068,-17.827003,1.8894174,14.117382,0.031205412,170028486051233796,early_lightgbm_02_2025,SN Ibc,0.917,0.0,0.0,0.917,0.083,0.0,True
0.91469705,0.0058161733,19.262783,-27.432064,8.906273,35.71295,0.06579353,1.462116,0.009805229,21.557026,-26.957348,8.735349,38.497047,0.050069787,313677516558565438,full_lightgbm_02_2025,SLSN-I,0.99,0.99,0.0,0.01,0.0,0.0,True
1.0210817,0.0048861946,20.90903,-22.145988,2.7006044,24.752338,0.066527635,1.072665,0.009603899,13.290453,-20.695282,2.1729522,16.283741,0.0323736,313985346353234012,full_lightgbm_02_2025,SN Ibc,0.718,0.008,0.249,0.718,0.0,0.025,True
1.0098982,0.0049014064,15.723956,-13.081963,1.4804239,27.993916,0.048580606,0.86508036,0.009973682,8.952229,-13.322175,1.602121,14.964521,0.024078175,170019696345088104,full_lightgbm_02_2025,SN Ibc,0.983,0.0,0.0,0.983,0.017,0.0,True
1.1625388,0.005302255,35.952225,-18.138805,22.641714,59.8183,0.08003751,1.1234245,0.009802083,28.955063,-17.9994,10.100672,32.906208,0.038532816,313756671741526382,full_lightgbm_02_2025,SN IIn,0.857,0.071,0.0,0.0,0.071,0.857,True
1.2425777,0.0043247556,34.044014,-31.373981,13.817457,33.498928,0.09282172,1.0103369,0.009422805,13.676142,-31.158089,9.013899,21.412207,0.043587424,313853497671417905,full_lightgbm_02_2025,SN II,0.988,0.0,0.0,0.0,0.988,0.012,True
0.9441415,0.0050584516,18.473253,-8.510706,2.6263158,21.88542,0.046173207,1.0813801,0.009989174,14.259758,-8.614458,2.7809997,15.161741,0.030615684,313765480704245975,full_lightgbm_02_2025,SN Ia,0.941,0.025,0.941,0.02,0.002,0.012,True
0.98026764,0.00492835,16.895,-16.171322,1.6521391,26.61304,0.05695949,0.80377865,0.010153377,9.462486,-16.341782,1.7974923,17.773598,0.031383544,170019696482451458,full_lightgbm_02_2025,SN Ibc,1.0,0.0,0.0,1.0,0.0,0.0,True
0.896155,0.006395179,23.775444,-22.185246,6.986046,36.391003,0.07000108,1.4011595,0.01073733,20.076809,-21.996696,8.953297,32.171738,0.059145335,313756671695913113,full_lightgbm_02_2025,SLSN-I,1.0,1.0,0.0,0.0,0.0,0.0,True
0.9106694,0.00515812,18.159088,-3.7711058,1.7674694,25.237741,0.06433714,1.0890851,0.01003103,13.711883,-3.9513588,1.1488371,15.708881,0.03370189,170028497264181363,early_lightgbm_02_2025,SN II,0.801,0.0,0.189,0.0,0.801,0.01,True
0.9977058,0.0050991755,12.9433365,-10.983967,1.354681,18.047255,0.058097422,0.9914263,0.010124754,12.436722,-10.790525,1.4022951,10.667094,0.03905625,314051321267748936,full_lightgbm_02_2025,SN Ia,0.732,0.0,0.732,0.237,0.0,0.031,True
0.9965762,0.0046577593,18.46933,-5.431942,2.536728,25.00379,0.063419,1.1265398,0.009382392,14.040851,-5.029401,2.1624897,15.431581,0.032497182,170019696437362764,early_lightgbm_02_2025,SN Ia,0.907,0.0,0.907,0.011,0.024,0.058,True
0.77538776,0.0061570453,13.055907,-10.400997,4.074033,23.49088,0.032307684,1.1477354,0.010712527,13.290081,-10.11028,2.5612285,15.332764,0.022546224,313853501446815761,full_lightgbm_02_2025,SN Ia,0.993,0.006,0.993,0.0,0.0,0.001,True
1.0040388,0.0050551537,16.724602,-15.371176,1.5928116,29.949379,0.04880704,0.82166636,0.010356547,10.205091,-15.515327,1.7153423,18.866413,0.029264241,314051321101549625,full_lightgbm_02_2025,SN Ibc,0.989,0.0,0.0,0.989,0.011,0.0,True
0.9901755,0.0047778366,15.186627,-9.450081,2.521812,20.63689,0.043397143,1.003984,0.009750139,13.646936,-9.72385,2.865322,16.935984,0.019635962,313945770546430083,full_lightgbm_02_2025,SN Ia,0.639,0.0,0.639,0.317,0.0,0.044,True
0.98026764,0.00492835,16.895,-16.171322,1.6521391,26.61304,0.05695949,0.80377865,0.010153377,9.462486,-16.341782,1.7974923,17.773598,0.031383544,170019696482451458,full_lightgbm_02_2025,SN Ibc,1.0,0.0,0.0,1.0,0.0,0.0,True
1.1501514,0.0037162038,39.33595,-15.703026,12.622812,57.938286,0.07804304,0.9935303,0.008865351,28.49459,-15.506267,10.042077,32.631943,0.089476004,313708289123156661,full_lightgbm_02_2025,SN II,1.0,0.0,0.0,0.0,1.0,0.0,True
0.9236541,0.0054465192,15.168453,-18.918123,2.1054807,24.563116,0.060615443,1.1040967,0.010307671,11.51206,-18.939022,2.516364,17.57596,0.030664694,314007345737760850,full_lightgbm_02_2025,SN Ia,0.805,0.046,0.805,0.013,0.005,0.131,True
0.77538776,0.0061570453,13.055907,-10.400997,4.074033,23.49088,0.032307684,1.1477354,0.010712527,13.290081,-10.11028,2.5612285,15.332764,0.022546224,313853501446815761,full_lightgbm_02_2025,SN Ia,0.993,0.006,0.993,0.0,0.0,0.001,True
0.87820107,0.0055327807,10.84753,-12.294521,1.4902229,13.125732,0.059013553,1.132071,0.0102563985,13.243902,-11.844206,1.5195907,8.955206,0.043868467,170019696437887107,full_lightgbm_02_2025,SN Ia,0.666,0.0,0.666,0.0,0.02,0.314,True
0.85520816,0.0033606936,67.34863,-11.299833,1.9549134,58.961777,0.062155783,0.9470434,0.01011684,19.814724,-11.824641,1.2848556,52.953125,0.054573648,313871013802672296,full_lightgbm_02_2025,SN II,1.0,0.0,0.0,0.0,1.0,0.0,True
0.9901755,0.0047778366,15.186627,-9.450081,2.521812,20.63689,0.043397143,1.003984,0.009750139,13.646936,-9.72385,2.865322,16.935984,0.019635962,313945770546430083,full_lightgbm_02_2025,SN Ia,0.639,0.0,0.639,0.317,0.0,0.044,True
0.98056257,0.0049295546,16.911602,-16.181488,1.6525524,26.95459,0.056634255,0.8029046,0.010156967,9.459684,-16.35318,1.7979164,17.857332,0.03131485,170019696482451458,full_lightgbm_02_2025,SN Ibc,1.0,0.0,0.0,1.0,0.0,0.0,True
0.9560259,0.0054976307,15.119228,-26.941492,5.259412,27.065727,0.0886644,1.5028424,0.009869496,18.26947,-26.50401,8.514797,32.60968,0.058230344,313690717562601492,full_lightgbm_02_2025,SLSN-I,0.949,0.949,0.006,0.011,0.0,0.034,True
0.87820107,0.0055327807,10.84753,-12.294521,1.4902229,13.125732,0.059013553,1.132071,0.0102563985,13.243902,-11.844206,1.5195907,8.955206,0.043868467,170019696437887107,full_lightgbm_02_2025,SN Ia,0.666,0.0,0.666,0.0,0.02,0.314,True
0.85520816,0.0033606936,67.34863,-11.299833,1.9549134,58.961777,0.062155783,0.9470434,0.01011684,19.814724,-11.824641,1.2848556,52.953125,0.054573648,313871013802672296,full_lightgbm_02_2025,SN II,1.0,0.0,0.0,0.0,1.0,0.0,True
1.0301529,0.0047900626,20.229164,-19.425549,2.4976747,27.977776,0.056203175,1.2504063,0.009786846,14.1243725,-19.653755,3.4522686,16.072186,0.04151628,314051320292573245,full_lightgbm_02_2025,SN Ia,0.586,0.343,0.586,0.007,0.052,0.011,True
0.898542,0.006361936,19.342754,-16.850006,18.285332,23.833443,0.090279385,1.43535,0.011334688,20.229942,-17.397488,9.232405,17.507889,0.09638943,313893022950490177,full_lightgbm_02_2025,SLSN-I,0.947,0.947,0.0,0.053,0.0,0.0,True
1.001672,0.004374683,21.541847,-16.853943,2.5535092,30.222855,0.11561994,0.7968259,0.009596896,10.141556,-17.022083,2.7157826,19.610846,0.041278664,313871014736953360,early_lightgbm_02_2025,SN Ibc,1.0,0.0,0.0,1.0,0.0,0.0,True
1.0127773,0.0048274305,20.15506,-11.711561,1.4492059,31.473978,0.04195872,0.81115603,0.0101263225,11.762499,-11.783593,1.5277135,21.669548,0.026331037,170028486178635819,early_lightgbm_02_2025,SN Ibc,0.844,0.0,0.0,0.844,0.156,0.0,True
0.92882514,0.0050321002,16.479736,-13.393982,1.7249713,23.222359,0.055044845,1.2725165,0.009497831,18.601025,-13.227817,1.9079567,14.5506115,0.043338373,313998539799134474,full_lightgbm_02_2025,SN Ia,0.59,0.41,0.59,0.0,0.0,0.0,True
1.0200187,0.004443655,21.585651,-10.366089,1.6605098,20.563606,0.07001597,1.1146834,0.009407811,14.330267,-10.437284,1.7900387,13.596638,0.04422559,314051320414732370,full_lightgbm_02_2025,SN Ibc,0.535,0.075,0.382,0.535,0.004,0.004,True
0.9320576,0.0055177677,25.70464,-16.181833,7.025866,38.672207,0.037416615,1.1860011,0.010166459,22.543007,-15.991726,5.0147724,26.07481,0.027675226,313765480559017992,full_lightgbm_02_2025,SLSN-I,0.991,0.991,0.0,0.0,0.0,0.009,True
1.2426915,0.004318922,34.08945,-31.36424,13.826956,33.455124,0.092841536,1.0103214,0.009416694,13.68182,-31.147968,9.014294,21.393448,0.043598857,313853497671417905,full_lightgbm_02_2025,SN II,0.988,0.0,0.0,0.0,0.988,0.012,True
0.896155,0.006395179,23.775444,-22.185246,6.986046,36.391003,0.07000108,1.4011595,0.01073733,20.076809,-21.996696,8.953297,32.171738,0.059145335,313756671695913113,full_lightgbm_02_2025,SLSN-I,1.0,1.0,0.0,0.0,0.0,0.0,True
0.9788796,0.004668516,19.101706,-8.205593,2.4747775,25.66232,0.056396917,0.84365606,0.009702576,14.729532,-8.432278,2.3794384,16.10627,0.028407868,170019696475111620,early_lightgbm_02_2025,SN Ibc,0.984,0.0,0.002,0.984,0.008,0.006,True
0.96363986,0.0049805744,18.558825,-4.9622917,1.6893632,25.383085,0.07086949,0.9785012,0.009984793,14.073677,-6.330529,1.9402486,15.843514,0.03264671,170028486213238822,early_lightgbm_02_2025,SN II,0.683,0.003,0.0,0.256,0.683,0.058,True
1.2426915,0.004318922,34.08945,-31.36424,13.826956,33.455124,0.092841536,1.0103214,0.009416694,13.68182,-31.147968,9.014294,21.393448,0.043598857,313853497671417905,full_lightgbm_02_2025,SN II,0.988,0.0,0.0,0.0,0.988,0.012,True
0.99766207,0.0050988924,12.943752,-10.984293,1.3549166,18.00403,0.058190025,0.9914342,0.010124469,12.437847,-10.790823,1.4025807,10.66378,0.03907305,314051321267748936,full_lightgbm_02_2025,SN Ia,0.73,0.0,0.73,0.237,0.0,0.033,True
1.0373862,0.004824563,20.25362,-12.556299,1.4743085,29.760258,0.03828791,0.81794703,0.010178862,11.310759,-12.620434,1.5823863,19.856737,0.027894981,170019696442081285,early_lightgbm_02_2025,SN Ibc,0.856,0.0,0.0,0.856,0.144,0.0,True
0.989079,0.004352082,20.29052,-9.0373,2.2115417,25.916805,0.04887239,1.1019528,0.009103322,15.904932,-9.172645,1.8040943,16.344898,0.028974833,170019696438935593,early_lightgbm_02_2025,SN Ia,0.61,0.002,0.61,0.065,0.312,0.011,True
0.8758754,0.005007698,18.689571,-10.80989,1.5664426,31.510155,0.03363517,1.0966582,0.009894744,11.00803,-10.767027,1.4724672,22.122353,0.028635638,170019696299475118,early_lightgbm_02_2025,SN II,0.492,0.041,0.467,0.0,0.492,0.0,True
0.9975257,0.004719954,18.312998,-5.43489,1.9403124,25.27942,0.06508195,1.017637,0.009521479,13.847892,-5.2458334,2.0681574,15.745808,0.030071706,313756673035468835,early_lightgbm_02_2025,SN Ibc,0.498,0.002,0.386,0.498,0.031,0.083,True
0.9500133,0.005238166,14.040096,-13.53852,1.5615952,18.345753,0.088836215,0.92242074,0.010267846,11.105411,-13.416773,1.6297286,11.467573,0.035966605,314002971135836309,full_lightgbm_02_2025,SN Ibc,0.808,0.0,0.192,0.808,0.0,0.0,True
0.9901755,0.0047778366,15.186627,-9.450081,2.521812,20.63689,0.043397143,1.003984,0.009750139,13.646936,-9.72385,2.865322,16.935984,0.019635962,313945770546430083,full_lightgbm_02_2025,SN Ia,0.639,0.0,0.639,0.317,0.0,0.044,True
1.0301529,0.0047900626,20.229164,-19.425549,2.4976747,27.977776,0.056203175,1.2504063,0.009786846,14.1243725,-19.653755,3.4522686,16.072186,0.04151628,314051320292573245,full_lightgbm_02_2025,SN Ia,0.586,0.343,0.586,0.007,0.052,0.011,True
1.0098982,0.0049014064,15.723956,-13.081963,1.4804239,27.993916,0.048580606,0.86508036,0.009973682,8.952229,-13.322175,1.602121,14.964521,0.024078175,170019696345088104,full_lightgbm_02_2025,SN Ibc,0.983,0.0,0.0,0.983,0.017,0.0,True
0.8972367,0.005576353,13.558926,-12.930795,2.0296922,24.206875,0.040573,1.1368556,0.010322675,14.572981,-12.6502495,2.4713154,12.608106,0.037445217,313761042284412983,full_lightgbm_02_2025,SN Ia,0.997,0.003,0.997,0.0,0.0,0.0,True
1.0216862,0.0045868517,18.635899,-6.179936,2.3408508,25.03623,0.060558297,0.98872423,0.009365942,14.228701,-5.6305723,2.245675,15.461842,0.031601958,170019696282173491,early_lightgbm_02_2025,SN Ibc,0.79,0.002,0.134,0.79,0.032,0.042,True
1.0210817,0.0048861946,20.90903,-22.145988,2.7006044,24.752338,0.066527635,1.072665,0.009603899,13.290453,-20.695282,2.1729522,16.283741,0.0323736,313985346353234012,full_lightgbm_02_2025,SN Ibc,0.718,0.008,0.249,0.718,0.0,0.025,True
0.9671179,0.004805128,19.48804,-10.44866,2.1850042,24.744171,0.053054523,0.6582837,0.010025512,14.568123,-10.327364,2.7030413,15.448289,0.03295357,170019696323592290,early_lightgbm_02_2025,SN Ibc,0.994,0.0,0.0,0.994,0.006,0.0,True
1.0202205,0.004951468,17.342274,-13.442982,1.5212752,29.748241,0.052713253,0.86379075,0.010171168,10.649997,-13.539425,1.6116788,18.250458,0.029751485,170019696440508539,full_lightgbm_02_2025,SN Ibc,0.944,0.0,0.0,0.944,0.056,0.0,True
0.9106694,0.00515812,18.159088,-3.7711058,1.7674694,25.237741,0.06433714,1.0890851,0.01003103,13.711883,-3.9513588,1.1488371,15.708881,0.03370189,170028497264181363,early_lightgbm_02_2025,SN II,0.801,0.0,0.189,0.0,0.801,0.01,True
1.0301529,0.0047900626,20.229164,-19.425549,2.4976747,27.977776,0.056203175,1.2504063,0.009786846,14.1243725,-19.653755,3.4522686,16.072186,0.04151628,314051320292573245,full_lightgbm_02_2025,SN Ia,0.586,0.343,0.586,0.007,0.052,0.011,True
1.0301372,0.004271963,32.287804,-19.896866,1.9901037,59.770714,0.06522238,1.2304053,0.008995607,24.707382,-19.885334,2.2077403,41.96913,0.034217954,313972155185365171,full_lightgbm_02_2025,SN IIn,0.468,0.352,0.0,0.0,0.18,0.468,True
1.0098982,0.0049014064,15.723956,-13.081963,1.4804239,27.993916,0.048580606,0.86508036,0.009973682,8.952229,-13.322175,1.602121,14.964521,0.024078175,170019696345088104,full_lightgbm_02_2025,SN Ibc,0.983,0.0,0.0,0.983,0.017,0.0,True
1.1501514,0.0037162038,39.33595,-15.703026,12.622812,57.938286,0.07804304,0.9935303,0.008865351,28.49459,-15.506267,10.042077,32.631943,0.089476004,313708289123156661,full_lightgbm_02_2025,SN II,1.0,0.0,0.0,0.0,1.0,0.0,True
1.0940335,0.007211997,28.508366,-34.530975,21.824602,41.087685,0.10686591,1.9197598,0.011918612,22.511644,-34.574303,11.131842,30.086592,0.09961857,313699507039109196,full_lightgbm_02_2025,SN Ibc,0.7,0.292,0.0,0.7,0.0,0.008,True
0.7020762,0.0075667356,14.674915,-4.853876,4.879863,28.76656,0.060398795,0.93857247,0.012909449,9.220874,-5.257989,1.5079141,25.311941,0.05336304,313963359527501831,full_lightgbm_02_2025,SLSN-I,0.593,0.593,0.32,0.028,0.0,0.059,True
0.99766207,0.0050988924,12.943752,-10.984293,1.3549166,18.00403,0.058190025,0.9914342,0.010124469,12.437847,-10.790823,1.4025807,10.66378,0.03907305,314051321267748936,full_lightgbm_02_2025,SN Ia,0.73,0.0,0.73,0.237,0.0,0.033,True
0.88826513,0.0054636807,13.307295,-20.48378,5.3473816,25.26004,0.062154606,1.4245207,0.009960014,17.42981,-20.21504,9.727391,33.429176,0.054605864,313897383647772709,full_lightgbm_02_2025,SLSN-I,1.0,1.0,0.0,0.0,0.0,0.0,True
0.8782152,0.00553328,10.850932,-12.299521,1.4903574,13.135559,0.05900141,1.1321435,0.010257049,13.249214,-11.8496,1.5197141,8.956078,0.043870747,170019696437887107,full_lightgbm_02_2025,SN Ia,0.668,0.0,0.668,0.0,0.024,0.308,True
0.9317484,0.005290265,21.169058,-11.713528,2.4219217,20.74667,0.039650306,1.0645498,0.010371022,17.735321,-11.816303,1.6068432,16.950846,0.034025986,313853497291309068,full_lightgbm_02_2025,SLSN-I,0.506,0.506,0.057,0.0,0.003,0.434,True
0.9973006,0.0046900213,18.831099,-7.233198,2.1466093,25.556225,0.05878458,0.9025345,0.009599915,14.378197,-7.2334013,2.4775038,16.007042,0.027953617,170028485814779919,early_lightgbm_02_2025,SN Ibc,0.974,0.0,0.006,0.974,0.01,0.01,True
0.9935564,0.004840379,18.826332,-6.531643,1.9962437,24.577812,0.059551682,0.77376306,0.009790275,14.166409,-6.046206,2.5661724,15.308633,0.03146462,170028488668479507,early_lightgbm_02_2025,SN Ibc,0.975,0.0,0.0,0.975,0.019,0.006,True
0.9671179,0.004805128,19.48804,-10.44866,2.1850042,24.744171,0.053054523,0.6582837,0.010025512,14.568123,-10.327364,2.7030413,15.448289,0.03295357,170019696323592290,early_lightgbm_02_2025,SN Ibc,0.994,0.0,0.0,0.994,0.006,0.0,True
1.0124323,0.0044796057,23.109253,-12.533378,1.5134221,24.411268,0.0828045,1.1109185,0.00946652,13.875278,-12.57175,1.3234229,15.39258,0.040930152,313994145051443228,full_lightgbm_02_2025,SN Ia,0.418,0.096,0.418,0.364,0.119,0.003,True
0.8072421,0.00366587,40.696556,-26.552628,15.041779,55.801414,0.06432912,1.2043631,0.005150726,61.537758,-26.820667,8.596654,40.839214,0.042949636,313831458465644575,full_lightgbm_02_2025,SLSN-I,0.746,0.746,0.0,0.254,0.0,0.0,True
0.85520816,0.0033606936,67.34863,-11.299833,1.9549134,58.961777,0.062155783,0.9470434,0.01011684,19.814724,-11.824641,1.2848556,52.953125,0.054573648,313871013802672296,full_lightgbm_02_2025,SN II,1.0,0.0,0.0,0.0,1.0,0.0,True
1.0225555,0.004424993,19.147366,-10.587318,1.4138724,28.62286,0.06459645,0.9559208,0.0094961105,11.556913,-10.580151,1.4418828,18.983932,0.032923706,313994145147388004,early_lightgbm_02_2025,SN II,0.498,0.004,0.004,0.458,0.498,0.036,True
1.0211117,0.00450237,16.911736,-16.000065,1.6088467,23.351494,0.05239237,0.8536846,0.009611243,8.725356,-16.21088,1.7327724,11.63848,0.02914165,314051321203785807,full_lightgbm_02_2025,SN Ibc,1.0,0.0,0.0,1.0,0.0,0.0,True
1.0202205,0.004951468,17.342274,-13.442982,1.5212752,29.748241,0.052713253,0.86379075,0.010171168,10.649997,-13.539425,1.6116788,18.250458,0.029751485,170019696440508539,full_lightgbm_02_2025,SN Ibc,0.944,0.0,0.0,0.944,0.056,0.0,True
0.9500133,0.005238166,14.040096,-13.53852,1.5615952,18.345753,0.088836215,0.92242074,0.010267846,11.105411,-13.416773,1.6297286,11.467573,0.035966605,314002971135836309,full_lightgbm_02_2025,SN Ibc,0.808,0.0,0.192,0.808,0.0,0.0,True
0.989079,0.004352082,20.29052,-9.0373,2.2115417,25.916805,0.04887239,1.1019528,0.009103322,15.904932,-9.172645,1.8040943,16.344898,0.028974833,170019696438935593,early_lightgbm_02_2025,SN Ia,0.61,0.002,0.61,0.065,0.312,0.011,True
0.88826513,0.0054636807,13.307295,-20.48378,5.3473816,25.26004,0.062154606,1.4245207,0.009960014,17.42981,-20.21504,9.727391,33.429176,0.054605864,313897383647772709,full_lightgbm_02_2025,SLSN-I,1.0,1.0,0.0,0.0,0.0,0.0,True
0.9901755,0.0047778366,15.186627,-9.450081,2.521812,20.63689,0.043397143,1.003984,0.009750139,13.646936,-9.72385,2.865322,16.935984,0.019635962,313945770546430083,full_lightgbm_02_2025,SN Ia,0.639,0.0,0.639,0.317,0.0,0.044,True
1.0078881,0.0048923744,13.7518215,-10.894415,2.8126347,22.39154,0.04323701,0.87931263,0.009830119,11.066065,-10.10961,2.7149944,17.199177,0.02242861,313871013530042570,full_lightgbm_02_2025,SN Ibc,0.939,0.0,0.061,0.939,0.0,0.0,True
0.91454923,0.0058194455,19.270905,-27.430626,8.911148,35.779564,0.0657789,1.4620992,0.009808404,21.554922,-26.9566,8.735741,38.519424,0.050067328,313677516558565438,full_lightgbm_02_2025,SLSN-I,0.99,0.99,0.0,0.01,0.0,0.0,True
1.0090604,0.0049386322,15.8578415,-13.082954,1.4785936,28.271534,0.04940001,0.86298394,0.0100157205,9.040665,-13.3322315,1.5982499,14.990984,0.024504209,170019696345088104,full_lightgbm_02_2025,SN Ibc,0.979,0.0,0.0,0.979,0.021,0.0,True
1.0294685,0.0046316227,23.159447,-17.303019,1.6328707,23.87661,0.046314087,0.8101659,0.009884627,9.588869,-17.57956,1.782521,13.580675,0.032604247,170019696413769776,early_lightgbm_02_2025,SN Ibc,0.977,0.0,0.0,0.977,0.023,0.0,True
1.0235827,0.0047316724,21.541813,-5.984728,2.1768074,28.830511,0.06397231,1.0035646,0.009444413,16.461433,-4.907438,2.163861,19.224209,0.029391406,313967752817672227,full_lightgbm_02_2025,SN Ibc,0.567,0.032,0.03,0.567,0.007,0.364,True
0.98056257,0.0049295546,16.911602,-16.181488,1.6525524,26.95459,0.056634255,0.8029046,0.010156967,9.459684,-16.35318,1.7979164,17.857332,0.03131485,170019696482451458,full_lightgbm_02_2025,SN Ibc,1.0,0.0,0.0,1.0,0.0,0.0,True
1.0373862,0.004824563,20.25362,-12.556299,1.4743085,29.760258,0.03828791,0.81794703,0.010178862,11.310759,-12.620434,1.5823863,19.856737,0.027894981,170019696442081285,early_lightgbm_02_2025,SN Ibc,0.856,0.0,0.0,0.856,0.144,0.0,True
0.9317484,0.005290265,21.169058,-11.713528,2.4219217,20.74667,0.039650306,1.0645498,0.010371022,17.735321,-11.816303,1.6068432,16.950846,0.034025986,313853497291309068,full_lightgbm_02_2025,SLSN-I,0.506,0.506,0.057,0.0,0.003,0.434,True
0.97896254,0.005434571,21.290916,-11.615105,2.631908,20.98846,0.054837614,0.97730815,0.010224056,14.864933,-11.129648,3.035212,20.732027,0.029558033,313871014435488133,full_lightgbm_02_2025,SN Ibc,0.833,0.003,0.049,0.833,0.0,0.114,True
1.0200187,0.004443655,21.585651,-10.366089,1.6605098,20.563606,0.07001597,1.1146834,0.009407811,14.330267,-10.437284,1.7900387,13.596638,0.04422559,314051320414732370,full_lightgbm_02_2025,SN Ibc,0.535,0.075,0.382,0.535,0.004,0.004,True
1.0167978,0.0045356527,15.752695,-12.396369,2.8283775,20.043694,0.039993804,1.1335475,0.0095739495,14.935621,-12.542612,2.88451,16.816162,0.02864806,313936964384981047,full_lightgbm_02_2025,SN Ia,0.741,0.007,0.741,0.04,0.009,0.203,True
0.96363986,0.0049805744,18.558825,-4.9622917,1.6893632,25.383085,0.07086949,0.9785012,0.009984793,14.073677,-6.330529,1.9402486,15.843514,0.03264671,170028486213238822,early_lightgbm_02_2025,SN II,0.683,0.003,0.0,0.256,0.683,0.058,True
1.0211117,0.00450237,16.911736,-16.000065,1.6088467,23.351494,0.05239237,0.8536846,0.009611243,8.725356,-16.21088,1.7327724,11.63848,0.02914165,314051321203785807,full_lightgbm_02_2025,SN Ibc,1.0,0.0,0.0,1.0,0.0,0.0,True
0.99656045,0.0046578282,18.46934,-5.432018,2.5366776,25.00379,0.06341429,1.1265346,0.009382433,14.040853,-5.0294313,2.16246,15.431581,0.032497108,170019696437362764,early_lightgbm_02_2025,SN Ia,0.908,0.0,0.908,0.011,0.024,0.058,True
0.9923586,0.00471304,18.82058,-7.223263,2.1634536,25.555012,0.0587264,0.8960916,0.009627916,14.367523,-7.2302313,2.4861727,16.005833,0.027940366,170028485814779919,early_lightgbm_02_2025,SN Ibc,0.978,0.0,0.006,0.978,0.006,0.01,True
1.0225555,0.004424993,19.147366,-10.587318,1.4138724,28.62286,0.06459645,0.9559208,0.0094961105,11.556913,-10.580151,1.4418828,18.983932,0.032923706,313994145147388004,early_lightgbm_02_2025,SN II,0.498,0.004,0.004,0.458,0.498,0.036,True
0.9013227,0.006432591,19.431028,-18.097881,18.61264,23.875,0.087270394,1.4705145,0.011535123,21.32899,-18.697075,9.686556,17.879116,0.09568721,313893022950490177,full_lightgbm_02_2025,SLSN-I,1.0,1.0,0.0,0.0,0.0,0.0,True
0.9858415,0.0045332694,20.174625,-8.361525,2.1808653,26.158062,0.05230849,0.79473686,0.009731341,15.402792,-8.487416,2.1946745,16.545696,0.028857116,170028485844664382,early_lightgbm_02_2025,SN Ibc,0.989,0.0,0.0,0.989,0.007,0.004,True
0.96363986,0.0049805744,18.558825,-4.9622917,1.6893632,25.383085,0.07086949,0.9785012,0.009984793,14.073677,-6.330529,1.9402486,15.843514,0.03264671,170028486213238822,early_lightgbm_02_2025,SN II,0.683,0.003,0.0,0.256,0.683,0.058,True
1.0211117,0.00450237,16.911736,-16.000065,1.6088467,23.351494,0.05239237,0.8536846,0.009611243,8.725356,-16.21088,1.7327724,11.63848,0.02914165,314051321203785807,full_lightgbm_02_2025,SN Ibc,1.0,0.0,0.0,1.0,0.0,0.0,True
0.989079,0.004352082,20.29052,-9.0373,2.2115417,25.916805,0.04887239,1.1019528,0.009103322,15.904932,-9.172645,1.8040943,16.344898,0.028974833,170019696438935593,early_lightgbm_02_2025,SN Ia,0.61,0.002,0.61,0.065,0.312,0.011,True
0.9976672,0.005099032,12.94389,-10.98462,1.3549099,18.021408,0.058176883,0.9914398,0.010124644,12.437738,-10.791143,1.4025512,10.665522,0.039072517,314051321267748936,full_lightgbm_02_2025,SN Ia,0.73,0.0,0.73,0.237,0.0,0.033,True
0.894066,0.0064106826,24.64432,-22.142822,7.301539,36.84584,0.06860414,1.3993033,0.010762529,20.182419,-21.958687,8.982174,32.213272,0.059125043,313756671695913113,full_lightgbm_02_2025,SLSN-I,1.0,1.0,0.0,0.0,0.0,0.0,True
0.9966299,0.004723523,18.73503,-8.011858,1.9195294,25.440372,0.050447114,0.81232595,0.009575531,14.634132,-6.9870005,2.4145956,15.4470215,0.02680657,170019696472490057,early_lightgbm_02_2025,SN Ibc,0.968,0.0,0.002,0.968,0.022,0.009,True
1.0078115,0.0049140095,15.4575405,-9.512417,2.0358448,17.60281,0.040510215,1.0668389,0.009822516,12.099512,-8.75918,2.1005096,14.126488,0.03290204,313928194151940140,full_lightgbm_02_2025,SN Ibc,0.606,0.0,0.359,0.606,0.0,0.035,True
1.0210817,0.0048861946,20.90903,-22.145988,2.7006044,24.752338,0.066527635,1.072665,0.009603899,13.290453,-20.695282,2.1729522,16.283741,0.0323736,313985346353234012,full_lightgbm_02_2025,SN Ibc,0.718,0.008,0.249,0.718,0.0,0.025,True
0.9284098,0.0052412525,26.606728,-22.360817,2.899166,42.253204,0.04069176,1.1454403,0.010108003,18.184036,-22.273655,2.6841464,29.269089,0.035113346,313871013678940198,full_lightgbm_02_2025,SLSN-I,0.876,0.876,0.0,0.0,0.042,0.082,True
0.9959127,0.004660628,18.469513,-5.434747,2.5379825,25.003853,0.06312834,1.1263983,0.009384515,14.041054,-5.030246,2.1616983,15.43164,0.032482192,170019696437362764,early_lightgbm_02_2025,SN Ia,0.914,0.0,0.914,0.013,0.023,0.051,True
0.894066,0.0064106826,24.64432,-22.142822,7.301539,36.84584,0.06860414,1.3993033,0.010762529,20.182419,-21.958687,8.982174,32.213272,0.059125043,313756671695913113,full_lightgbm_02_2025,SLSN-I,1.0,1.0,0.0,0.0,0.0,0.0,True
0.88826513,0.0054636807,13.307295,-20.48378,5.3473816,25.26004,0.062154606,1.4245207,0.009960014,17.42981,-20.21504,9.727391,33.429176,0.054605864,313897383647772709,full_lightgbm_02_2025,SLSN-I,1.0,1.0,0.0,0.0,0.0,0.0,True
0.989079,0.004352082,20.29052,-9.0373,2.2115417,25.916805,0.04887239,1.1019528,0.009103322,15.904932,-9.172645,1.8040943,16.344898,0.028974833,170019696438935593,early_lightgbm_02_2025,SN Ia,0.61,0.002,0.61,0.065,0.312,0.011,True
1.0235827,0.0047316724,21.541813,-5.984728,2.1768074,28.830511,0.06397231,1.0035646,0.009444413,16.461433,-4.907438,2.163861,19.224209,0.029391406,313967752817672227,full_lightgbm_02_2025,SN Ibc,0.567,0.032,0.03,0.567,0.007,0.364,True
1.0109988,0.005114316,13.399032,-11.135556,1.3090395,25.483395,0.049746174,1.0344739,0.010110408,11.650715,-10.988078,1.3371876,14.292502,0.03359232,170019696466198671,full_lightgbm_02_2025,SN Ia,0.667,0.0,0.667,0.244,0.075,0.014,True
0.95028293,0.005235806,14.02261,-13.537699,1.5611329,18.181364,0.0887626,0.9227141,0.010265632,11.106514,-13.413891,1.6293385,11.450029,0.035940208,314002971135836309,full_lightgbm_02_2025,SN Ibc,0.808,0.0,0.192,0.808,0.0,0.0,True
0.9441415,0.0050584516,18.473253,-8.510706,2.6263158,21.88542,0.046173207,1.0813801,0.009989174,14.259758,-8.614458,2.7809997,15.161741,0.030615684,313765480704245975,full_lightgbm_02_2025,SN Ia,0.941,0.025,0.941,0.02,0.002,0.012,True
0.9923586,0.00471304,18.82058,-7.223263,2.1634536,25.555012,0.0587264,0.8960916,0.009627916,14.367523,-7.2302313,2.4861727,16.005833,0.027940366,170028485814779919,early_lightgbm_02_2025,SN Ibc,0.978,0.0,0.006,0.978,0.006,0.01,True
0.73178893,0.00673255,16.904968,-10.23683,3.14302,33.628258,0.043851465,1.1014464,0.011683233,10.929751,-10.3466215,1.8304999,24.554512,0.036456775,170019696328835126,early_lightgbm_02_2025,SN Ia,0.443,0.355,0.443,0.019,0.183,0.0,True
1.0040867,0.0050554685,16.737713,-15.376827,1.5931197,30.15411,0.048729792,0.8214768,0.010357231,10.206783,-15.522205,1.7155201,18.88992,0.02924529,314051321101549625,full_lightgbm_02_2025,SN Ibc,0.989,0.0,0.0,0.989,0.011,0.0,True
0.9808296,0.004566931,17.49448,-9.162471,1.564227,19.966438,0.048621647,0.9331295,0.009649408,18.178658,-9.116587,1.4139111,13.764262,0.024572205,313928194187591742,full_lightgbm_02_2025,SN Ia,0.43,0.0,0.43,0.352,0.0,0.218,True
1.0301431,0.004788271,20.203495,-19.41328,2.5015554,27.525278,0.05638647,1.2518467,0.009783818,14.122413,-19.641453,3.4643934,16.018927,0.041526463,314051320292573245,full_lightgbm_02_2025,SN Ia,0.605,0.341,0.605,0.009,0.032,0.013,True
1.0301372,0.004271963,32.287804,-19.896866,1.9901037,59.770714,0.06522238,1.2304053,0.008995607,24.707382,-19.885334,2.2077403,41.96913,0.034217954,313972155185365171,full_lightgbm_02_2025,SN IIn,0.468,0.352,0.0,0.0,0.18,0.468,True
0.83891785,0.0056739636,15.578264,-9.716869,3.5377746,22.153309,0.03420042,1.1499581,0.010325758,12.640034,-9.356254,2.7929358,14.510711,0.017855203,313941448959459395,full_lightgbm_02_2025,SN Ia,0.996,0.004,0.996,0.0,0.0,0.0,True
1.0376875,0.004740212,20.473503,-12.503094,1.4820073,29.691391,0.037608787,0.8148941,0.010111613,11.344629,-12.572702,1.5918581,19.812235,0.027768258,170019696442081285,early_lightgbm_02_2025,SN Ibc,0.853,0.0,0.0,0.853,0.147,0.0,True
0.73178893,0.00673255,16.904968,-10.23683,3.14302,33.628258,0.043851465,1.1014464,0.011683233,10.929751,-10.3466215,1.8304999,24.554512,0.036456775,170019696328835126,early_lightgbm_02_2025,SN Ia,0.443,0.355,0.443,0.019,0.183,0.0,True
0.91454923,0.0058194455,19.270905,-27.430626,8.911148,35.779564,0.0657789,1.4620992,0.009808404,21.554922,-26.9566,8.735741,38.519424,0.050067328,313677516558565438,full_lightgbm_02_2025,SLSN-I,0.99,0.99,0.0,0.01,0.0,0.0,True
0.9671179,0.004805128,19.48804,-10.44866,2.1850042,24.744171,0.053054523,0.6582837,0.010025512,14.568123,-10.327364,2.7030413,15.448289,0.03295357,170019696323592290,early_lightgbm_02_2025,SN Ibc,0.994,0.0,0.0,0.994,0.006,0.0,True
0.8053736,0.0061311917,10.356716,-3.1685457,1.867126,22.064224,0.04473059,1.0342975,0.011250729,6.946685,-3.5339632,0.9464146,24.358492,0.031409957,313980945119576112,full_lightgbm_02_2025,SN Ia,0.687,0.0,0.687,0.053,0.255,0.005,True
0.9858415,0.0045332694,20.174625,-8.361525,2.1808653,26.158062,0.05230849,0.79473686,0.009731341,15.402792,-8.487416,2.1946745,16.545696,0.028857116,170028485844664382,early_lightgbm_02_2025,SN Ibc,0.989,0.0,0.0,0.989,0.007,0.004,True
0.9236541,0.0054465192,15.168453,-18.918123,2.1054807,24.563116,0.060615443,1.1040967,0.010307671,11.51206,-18.939022,2.516364,17.57596,0.030664694,314007345737760850,full_lightgbm_02_2025,SN Ia,0.805,0.046,0.805,0.013,0.005,0.131,True
0.897238,0.0055763447,13.5589695,-12.930771,2.029697,24.20655,0.040573277,1.136856,0.010322668,14.572969,-12.650219,2.471321,12.6080885,0.037445225,313761042284412983,full_lightgbm_02_2025,SN Ia,0.997,0.003,0.997,0.0,0.0,0.0,True
0.83891785,0.0056739636,15.578264,-9.716869,3.5377746,22.153309,0.03420042,1.1499581,0.010325758,12.640034,-9.356254,2.7929358,14.510711,0.017855203,313941448959459395,full_lightgbm_02_2025,SN Ia,0.996,0.004,0.996,0.0,0.0,0.0,True
0.93334264,0.004322306,39.874886,-9.724799,1.0487878,84.20757,0.0661304,0.9856101,0.0087166345,29.177067,-9.716269,0.90044785,54.93772,0.04667543,313831458450440303,full_lightgbm_02_2025,SN IIn,0.532,0.002,0.0,0.0,0.466,0.532,True
0.77538776,0.0061570453,13.055907,-10.400997,4.074033,23.49088,0.032307684,1.1477354,0.010712527,13.290081,-10.11028,2.5612285,15.332764,0.022546224,313853501446815761,full_lightgbm_02_2025,SN Ia,0.993,0.006,0.993,0.0,0.0,0.001,True
1.0376875,0.004740212,20.473503,-12.503094,1.4820073,29.691391,0.037608787,0.8148941,0.010111613,11.344629,-12.572702,1.5918581,19.812235,0.027768258,170019696442081285,early_lightgbm_02_2025,SN Ibc,0.853,0.0,0.0,0.853,0.147,0.0,True
0.8306507,0.0054583396,18.362076,-5.181062,3.7877665,25.349724,0.059196465,1.126868,0.010259931,13.877793,-5.6391625,2.01586,15.809669,0.03443423,170046083740205236,early_lightgbm_02_2025,SN Ia,0.459,0.387,0.459,0.032,0.074,0.048,True
0.82422364,0.0060761394,13.393946,-7.1578817,2.262743,18.201515,0.04305151,1.0563729,0.010987147,11.508901,-7.236868,1.6835055,11.934744,0.039542757,313928194157183045,full_lightgbm_02_2025,SN Ia,0.993,0.005,0.993,0.0,0.0,0.002,True
0.83891785,0.0056739636,15.578264,-9.716869,3.5377746,22.153309,0.03420042,1.1499581,0.010325758,12.640034,-9.356254,2.7929358,14.510711,0.017855203,313941448959459395,full_lightgbm_02_2025,SN Ia,0.996,0.004,0.996,0.0,0.0,0.0,True
0.90173197,0.0065012434,19.479614,-18.907963,18.551414,23.906467,0.08534944,1.4939237,0.011670478,21.859959,-19.5549,9.940447,18.25116,0.09516564,313893022950490177,full_lightgbm_02_2025,SLSN-I,0.984,0.984,0.0,0.016,0.0,0.0,True
0.9284098,0.0052412525,26.606728,-22.360817,2.899166,42.253204,0.04069176,1.1454403,0.010108003,18.184036,-22.273655,2.6841464,29.269089,0.035113346,313871013678940198,full_lightgbm_02_2025,SLSN-I,0.876,0.876,0.0,0.0,0.042,0.082,True
1.0294685,0.0046316227,23.159447,-17.303019,1.6328707,23.87661,0.046314087,0.8101659,0.009884627,9.588869,-17.57956,1.782521,13.580675,0.032604247,170019696413769776,early_lightgbm_02_2025,SN Ibc,0.977,0.0,0.0,0.977,0.023,0.0,True
1.2426915,0.004318922,34.08945,-31.36424,13.826956,33.455124,0.092841536,1.0103214,0.009416694,13.68182,-31.147968,9.014294,21.393448,0.043598857,313853497671417905,full_lightgbm_02_2025,SN II,0.988,0.0,0.0,0.0,0.988,0.012,True
0.98108995,0.00492826,16.930782,-16.2021,1.653193,27.326183,0.056343786,0.80221224,0.010159051,9.463941,-16.374458,1.7984426,17.937916,0.031250987,170019696482451458,full_lightgbm_02_2025,SN Ibc,1.0,0.0,0.0,1.0,0.0,0.0,True
0.7025666,0.006823156,19.86264,-10.715748,1.6843281,34.543396,0.041635785,1.1326108,0.011160595,13.702199,-10.431818,1.6651071,25.146278,0.030969786,313871013683134625,early_lightgbm_02_2025,SN Ia,0.447,0.23,0.447,0.003,0.32,0.0,True
0.99904263,0.0047150226,18.314627,-5.449175,1.9338381,25.280144,0.06469416,1.0223552,0.009513387,13.849369,-5.2506437,2.0629368,15.746464,0.030102372,313756673035468835,early_lightgbm_02_2025,SN Ibc,0.467,0.002,0.408,0.467,0.033,0.09,True
0.98816943,0.0048693237,18.824865,-6.498086,2.0273395,24.5774,0.05989663,0.7672167,0.009828722,14.164726,-6.0203085,2.6060162,15.308254,0.031374663,170028488668479507,early_lightgbm_02_2025,SN Ibc,0.981,0.0,0.0,0.981,0.012,0.006,True
1.2426915,0.004318922,34.08945,-31.36424,13.826956,33.455124,0.092841536,1.0103214,0.009416694,13.68182,-31.147968,9.014294,21.393448,0.043598857,313853497671417905,full_lightgbm_02_2025,SN II,0.988,0.0,0.0,0.0,0.988,0.012,True
0.9901755,0.0047778366,15.186627,-9.450081,2.521812,20.63689,0.043397143,1.003984,0.009750139,13.646936,-9.72385,2.865322,16.935984,0.019635962,313945770546430083,full_lightgbm_02_2025,SN Ia,0.639,0.0,0.639,0.317,0.0,0.044,True
0.88826513,0.0054636807,13.307295,-20.48378,5.3473816,25.26004,0.062154606,1.4245207,0.009960014,17.42981,-20.21504,9.727391,33.429176,0.054605864,313897383647772709,full_lightgbm_02_2025,SLSN-I,1.0,1.0,0.0,0.0,0.0,0.0,True
1.0301431,0.004788271,20.203495,-19.41328,2.5015554,27.525278,0.05638647,1.2518467,0.009783818,14.122413,-19.641453,3.4643934,16.018927,0.041526463,314051320292573245,full_lightgbm_02_2025,SN Ia,0.605,0.341,0.605,0.009,0.032,0.013,True
1.0376875,0.004740212,20.473503,-12.503094,1.4820073,29.691391,0.037608787,0.8148941,0.010111613,11.344629,-12.572702,1.5918581,19.812235,0.027768258,170019696442081285,early_lightgbm_02_2025,SN Ibc,0.853,0.0,0.0,0.853,0.147,0.0,True
0.89556533,0.0059463074,16.180683,-10.738525,1.2957522,27.13171,0.044807654,1.1203783,0.010627792,11.764256,-10.540724,1.313065,16.326708,0.03289213,170019696345088120,full_lightgbm_02_2025,SN Ia,0.592,0.124,0.592,0.0,0.284,0.0,True
1.0040842,0.0050558634,16.739235,-15.378798,1.5933192,30.248936,0.04878316,0.8213582,0.010357862,10.206446,-15.524132,1.7156932,18.901321,0.029246936,314051321101549625,full_lightgbm_02_2025,SN Ibc,0.989,0.0,0.0,0.989,0.011,0.0,True
1.2426915,0.004318922,34.08945,-31.36424,13.826956,33.455124,0.092841536,1.0103214,0.009416694,13.68182,-31.147968,9.014294,21.393448,0.043598857,313853497671417905,full_lightgbm_02_2025,SN II,0.988,0.0,0.0,0.0,0.988,0.012,True
0.989079,0.004352082,20.29052,-9.0373,2.2115417,25.916805,0.04887239,1.1019528,0.009103322,15.904932,-9.172645,1.8040943,16.344898,0.028974833,170019696438935593,early_lightgbm_02_2025,SN Ia,0.61,0.002,0.61,0.065,0.312,0.011,True
0.9594958,0.0053882254,14.384585,-27.151463,4.8340216,28.672773,0.08962752,1.4965765,0.009770317,18.299118,-26.722301,8.379816,33.24115,0.057812743,313690717562601492,full_lightgbm_02_2025,SLSN-I,0.916,0.916,0.006,0.012,0.0,0.066,True
1.0219247,0.0045041097,17.057028,-16.108429,1.6124215,24.769016,0.05191886,0.8479519,0.009623633,8.736803,-16.326767,1.7364955,11.955372,0.0289227,314051321203785807,full_lightgbm_02_2025,SN Ibc,1.0,0.0,0.0,1.0,0.0,0.0,True
0.99904263,0.0047150226,18.314627,-5.449175,1.9338381,25.280144,0.06469416,1.0223552,0.009513387,13.849369,-5.2506437,2.0629368,15.746464,0.030102372,313756673035468835,early_lightgbm_02_2025,SN Ibc,0.467,0.002,0.408,0.467,0.033,0.09,True
0.9700346,0.0047861366,19.507435,-10.423193,2.1955137,24.740517,0.054670293,0.65893614,0.010009181,14.560282,-10.306042,2.70403,15.447287,0.033174947,170019696323592290,early_lightgbm_02_2025,SN Ibc,0.994,0.0,0.0,0.994,0.006,0.0,True
0.9901755,0.0047778366,15.186627,-9.450081,2.521812,20.63689,0.043397143,1.003984,0.009750139,13.646936,-9.72385,2.865322,16.935984,0.019635962,313945770546430083,full_lightgbm_02_2025,SN Ia,0.639,0.0,0.639,0.317,0.0,0.044,True
1.0109988,0.005114316,13.399032,-11.135556,1.3090395,25.483395,0.049746174,1.0344739,0.010110408,11.650715,-10.988078,1.3371876,14.292502,0.03359232,170019696466198671,full_lightgbm_02_2025,SN Ia,0.667,0.0,0.667,0.244,0.075,0.014,True
0.8960111,0.005936194,15.996134,-10.753862,1.2978394,27.260387,0.044898268,1.1204537,0.010623999,11.768971,-10.542435,1.3144419,16.343533,0.032919638,170019696345088120,full_lightgbm_02_2025,SN Ia,0.603,0.115,0.603,0.0,0.282,0.0,True
0.8551532,0.0033572828,67.50307,-11.301922,1.9546336,58.91496,0.062216975,0.9469961,0.010110227,19.800922,-11.826326,1.2850974,52.952827,0.054576706,313871013802672296,full_lightgbm_02_2025,SN II,1.0,0.0,0.0,0.0,1.0,0.0,True
1.0109988,0.005114316,13.399032,-11.135556,1.3090395,25.483395,0.049746174,1.0344739,0.010110408,11.650715,-10.988078,1.3371876,14.292502,0.03359232,170019696466198671,full_lightgbm_02_2025,SN Ia,0.667,0.0,0.667,0.244,0.075,0.014,True
0.8960111,0.005936194,15.996134,-10.753862,1.2978394,27.260387,0.044898268,1.1204537,0.010623999,11.768971,-10.542435,1.3144419,16.343533,0.032919638,170019696345088120,full_lightgbm_02_2025,SN Ia,0.603,0.115,0.603,0.0,0.282,0.0,True
1.0124323,0.0044796057,23.109253,-12.533378,1.5134221,24.411268,0.0828045,1.1109185,0.00946652,13.875278,-12.57175,1.3234229,15.39258,0.040930152,313994145051443228,full_lightgbm_02_2025,SN Ia,0.418,0.096,0.418,0.364,0.119,0.003,True
0.9284098,0.0052412525,26.606728,-22.360817,2.899166,42.253204,0.04069176,1.1454403,0.010108003,18.184036,-22.273655,2.6841464,29.269089,0.035113346,313871013678940198,full_lightgbm_02_2025,SLSN-I,0.876,0.876,0.0,0.0,0.042,0.082,True
0.9839989,0.0045458144,20.174131,-8.36821,2.190094,26.15695,0.0525643,0.79304034,0.009746364,15.400738,-8.495742,2.2032657,16.544626,0.028916646,170028485844664382,early_lightgbm_02_2025,SN Ibc,0.989,0.0,0.0,0.989,0.009,0.002,True
0.8970696,0.0063711368,23.47226,-22.22492,6.971171,36.560036,0.069876075,1.4030709,0.010705579,19.88351,-22.02258,8.934914,32.404617,0.058935516,313756671695913113,full_lightgbm_02_2025,SLSN-I,1.0,1.0,0.0,0.0,0.0,0.0,True
0.9594958,0.0053882254,14.384585,-27.151463,4.8340216,28.672773,0.08962752,1.4965765,0.009770317,18.299118,-26.722301,8.379816,33.24115,0.057812743,313690717562601492,full_lightgbm_02_2025,SLSN-I,0.916,0.916,0.006,0.012,0.0,0.066,True
0.9800321,0.004661708,19.091362,-8.192677,2.474021,25.658932,0.057553325,0.8432441,0.0096978415,14.717241,-8.421967,2.378467,16.102985,0.028716909,170019696475111620,early_lightgbm_02_2025,SN Ibc,0.982,0.0,0.002,0.982,0.008,0.008,True
0.8054222,0.0061306576,10.365247,-3.1666808,1.8701544,21.999573,0.04436444,1.0343285,0.011250347,6.9484577,-3.5336576,0.94662714,24.356281,0.031385258,313980945119576112,full_lightgbm_02_2025,SN Ia,0.694,0.0,0.694,0.052,0.25,0.005,True
1.0040842,0.0050558634,16.739235,-15.378798,1.5933192,30.248936,0.04878316,0.8213582,0.010357862,10.206446,-15.524132,1.7156932,18.901321,0.029246936,314051321101549625,full_lightgbm_02_2025,SN Ibc,0.989,0.0,0.0,0.989,0.011,0.0,True
0.9236541,0.0054465192,15.168453,-18.918123,2.1054807,24.563116,0.060615443,1.1040967,0.010307671,11.51206,-18.939022,2.516364,17.57596,0.030664694,314007345737760850,full_lightgbm_02_2025,SN Ia,0.805,0.046,0.805,0.013,0.005,0.131,True
1.0078881,0.0048923744,13.7518215,-10.894415,2.8126347,22.39154,0.04323701,0.87931263,0.009830119,11.066065,-10.10961,2.7149944,17.199177,0.02242861,313871013530042570,full_lightgbm_02_2025,SN Ibc,0.939,0.0,0.061,0.939,0.0,0.0,True
1.0206575,0.0049303332,17.146957,-13.46693,1.5232835,29.69433,0.052765585,0.86475575,0.010149567,10.631098,-13.551144,1.6136711,18.252468,0.029776935,170019696440508539,full_lightgbm_02_2025,SN Ibc,0.948,0.0,0.0,0.948,0.052,0.0,True
1.0376875,0.004740212,20.473503,-12.503094,1.4820073,29.691391,0.037608787,0.8148941,0.010111613,11.344629,-12.572702,1.5918581,19.812235,0.027768258,170019696442081285,early_lightgbm_02_2025,SN Ibc,0.853,0.0,0.0,0.853,0.147,0.0,True
1.0219247,0.0045041097,17.057028,-16.108429,1.6124215,24.769016,0.05191886,0.8479519,0.009623633,8.736803,-16.326767,1.7364955,11.955372,0.0289227,314051321203785807,full_lightgbm_02_2025,SN Ibc,1.0,0.0,0.0,1.0,0.0,0.0,True
0.91454923,0.0058194455,19.270905,-27.430626,8.911148,35.779564,0.0657789,1.4620992,0.009808404,21.554922,-26.9566,8.735741,38.519424,0.050067328,313677516558565438,full_lightgbm_02_2025,SLSN-I,0.99,0.99,0.0,0.01,0.0,0.0,True
0.91454923,0.0058194455,19.270905,-27.430626,8.911148,35.779564,0.0657789,1.4620992,0.009808404,21.554922,-26.9566,8.735741,38.519424,0.050067328,313677516558565438,full_lightgbm_02_2025,SLSN-I,0.99,0.99,0.0,0.01,0.0,0.0,True
0.9284098,0.0052412525,26.606728,-22.360817,2.899166,42.253204,0.04069176,1.1454403,0.010108003,18.184036,-22.273655,2.6841464,29.269089,0.035113346,313871013678940198,full_lightgbm_02_2025,SLSN-I,0.876,0.876,0.0,0.0,0.042,0.082,True
0.8306507,0.0054583396,18.362076,-5.181062,3.7877665,25.349724,0.059196465,1.126868,0.010259931,13.877793,-5.6391625,2.01586,15.809669,0.03443423,170046083740205236,early_lightgbm_02_2025,SN Ia,0.459,0.387,0.459,0.032,0.074,0.048,True
0.95075744,0.005232201,14.002466,-13.534134,1.5605862,17.988144,0.088679805,0.9230901,0.010262707,11.10845,-13.41102,1.6288617,11.4286995,0.035906166,314002971135836309,full_lightgbm_02_2025,SN Ibc,0.818,0.0,0.182,0.818,0.0,0.0,True
0.96363986,0.0049805744,18.558825,-4.9622917,1.6893632,25.383085,0.07086949,0.9785012,0.009984793,14.073677,-6.330529,1.9402486,15.843514,0.03264671,170028486213238822,early_lightgbm_02_2025,SN II,0.683,0.003,0.0,0.256,0.683,0.058,True
0.99745804,0.0046896404,18.835169,-7.246501,2.1401887,25.557396,0.05849491,0.90468556,0.009595659,14.3827095,-7.236478,2.4741654,16.008236,0.027917555,170028485814779919,early_lightgbm_02_2025,SN Ibc,0.974,0.0,0.006,0.974,0.01,0.01,True
0.8054222,0.0061306576,10.365247,-3.1666808,1.8701544,21.999573,0.04436444,1.0343285,0.011250347,6.9484577,-3.5336576,0.94662714,24.356281,0.031385258,313980945119576112,full_lightgbm_02_2025,SN Ia,0.694,0.0,0.694,0.052,0.25,0.005,True
0.91454923,0.0058194455,19.270905,-27.430626,8.911148,35.779564,0.0657789,1.4620992,0.009808404,21.554922,-26.9566,8.735741,38.519424,0.050067328,313677516558565438,full_lightgbm_02_2025,SLSN-I,0.99,0.99,0.0,0.01,0.0,0.0,True
0.7025666,0.006823156,19.86264,-10.715748,1.6843281,34.543396,0.041635785,1.1326108,0.011160595,13.702199,-10.431818,1.6651071,25.146278,0.030969786,313871013683134625,early_lightgbm_02_2025,SN Ia,0.447,0.23,0.447,0.003,0.32,0.0,True
0.9839989,0.0045458144,20.174131,-8.36821,2.190094,26.15695,0.0525643,0.79304034,0.009746364,15.400738,-8.495742,2.2032657,16.544626,0.028916646,170028485844664382,early_lightgbm_02_2025,SN Ibc,0.989,0.0,0.0,0.989,0.009,0.002,True
0.9218467,0.005285828,16.892189,-10.402804,2.2566292,19.197845,0.04225786,1.1411946,0.009940224,13.814186,-10.275507,2.8606462,13.859371,0.033260483,313893022930567256,full_lightgbm_02_2025,SN Ia,0.955,0.041,0.955,0.0,0.004,0.0,True
0.9901755,0.0047778366,15.186627,-9.450081,2.521812,20.63689,0.043397143,1.003984,0.009750139,13.646936,-9.72385,2.865322,16.935984,0.019635962,313945770546430083,full_lightgbm_02_2025,SN Ia,0.639,0.0,0.639,0.317,0.0,0.044,True
1.0078115,0.0049140095,15.4575405,-9.512417,2.0358448,17.60281,0.040510215,1.0668389,0.009822516,12.099512,-8.75918,2.1005096,14.126488,0.03290204,313928194151940140,full_lightgbm_02_2025,SN Ibc,0.606,0.0,0.359,0.606,0.0,0.035,True
0.9218467,0.005285828,16.892189,-10.402804,2.2566292,19.197845,0.04225786,1.1411946,0.009940224,13.814186,-10.275507,2.8606462,13.859371,0.033260483,313893022930567256,full_lightgbm_02_2025,SN Ia,0.955,0.041,0.955,0.0,0.004,0.0,True
0.8960111,0.005936194,15.996134,-10.753862,1.2978394,27.260387,0.044898268,1.1204537,0.010623999,11.768971,-10.542435,1.3144419,16.343533,0.032919638,170019696345088120,full_lightgbm_02_2025,SN Ia,0.603,0.115,0.603,0.0,0.282,0.0,True
0.73196554,0.006730715,16.9114,-10.232526,3.1461806,33.62864,0.043848768,1.1014102,0.011682076,10.927235,-10.343561,1.8306588,24.550074,0.036460996,170019696328835126,early_lightgbm_02_2025,SN Ia,0.443,0.356,0.443,0.019,0.181,0.0,True
1.0271946,0.004789044,18.982254,-14.025076,1.5949006,33.847,0.04934283,0.81943464,0.010088209,10.540318,-14.1624775,1.7250068,23.057983,0.031236399,170019696266444924,full_lightgbm_02_2025,SN Ibc,0.822,0.0,0.0,0.822,0.178,0.0,True
0.99745804,0.0046896404,18.835169,-7.246501,2.1401887,25.557396,0.05849491,0.90468556,0.009595659,14.3827095,-7.236478,2.4741654,16.008236,0.027917555,170028485814779919,early_lightgbm_02_2025,SN Ibc,0.974,0.0,0.006,0.974,0.01,0.01,True
0.99642086,0.004658431,18.46937,-5.4325337,2.537703,25.003798,0.06332733,1.1265213,0.0093829585,14.040892,-5.0295296,2.1624002,15.431589,0.032491177,170019696437362764,early_lightgbm_02_2025,SN Ia,0.908,0.0,0.908,0.011,0.024,0.058,True
0.99642086,0.004658431,18.46937,-5.4325337,2.537703,25.003798,0.06332733,1.1265213,0.0093829585,14.040892,-5.0295296,2.1624002,15.431589,0.032491177,170019696437362764,early_lightgbm_02_2025,SN Ia,0.908,0.0,0.908,0.011,0.024,0.058,True
1.0068724,0.0049761664,16.075836,-13.071457,1.4759979,28.234573,0.050169498,0.8593377,0.010055057,9.099766,-13.320568,1.5967182,15.0669365,0.02483613,170019696345088104,full_lightgbm_02_2025,SN Ibc,0.975,0.0,0.0,0.975,0.025,0.0,True
0.8960111,0.005936194,15.996134,-10.753862,1.2978394,27.260387,0.044898268,1.1204537,0.010623999,11.768971,-10.542435,1.3144419,16.343533,0.032919638,170019696345088120,full_lightgbm_02_2025,SN Ia,0.603,0.115,0.603,0.0,0.282,0.0,True
0.73196554,0.006730715,16.9114,-10.232526,3.1461806,33.62864,0.043848768,1.1014102,0.011682076,10.927235,-10.343561,1.8306588,24.550074,0.036460996,170019696328835126,early_lightgbm_02_2025,SN Ia,0.443,0.356,0.443,0.019,0.181,0.0,True
1.0200393,0.004443683,21.585098,-10.366112,1.6604898,20.574356,0.069986865,1.1146619,0.00940793,14.329569,-10.437361,1.7900085,13.598013,0.04422213,314051320414732370,full_lightgbm_02_2025,SN Ibc,0.538,0.074,0.379,0.538,0.004,0.004,True
0.9717831,0.004953288,18.571745,-5.0017457,1.6673512,25.38726,0.07016744,0.9977404,0.0099441195,14.086592,-6.343478,1.910748,15.847701,0.03289462,170028486213238822,early_lightgbm_02_2025,SN II,0.741,0.003,0.006,0.189,0.741,0.061,True
0.8781814,0.005533515,10.850739,-12.300278,1.4903328,13.145195,0.058977246,1.1321534,0.010257223,13.2497425,-11.850317,1.5196866,8.956831,0.04386864,170019696437887107,full_lightgbm_02_2025,SN Ia,0.668,0.0,0.668,0.0,0.024,0.308,True
1.011431,0.005105429,13.36883,-11.141865,1.3101189,25.570309,0.049743295,1.0345082,0.010104433,11.651285,-10.993357,1.3382988,14.30731,0.03362874,170019696466198671,full_lightgbm_02_2025,SN Ia,0.675,0.0,0.675,0.232,0.077,0.016,True
0.7020762,0.0075667356,14.674915,-4.853876,4.879863,28.76656,0.060398795,0.93857247,0.012909449,9.220874,-5.257989,1.5079141,25.311941,0.05336304,313963359527501831,full_lightgbm_02_2025,SLSN-I,0.593,0.593,0.32,0.028,0.0,0.059,True
0.9218467,0.005285828,16.892189,-10.402804,2.2566292,19.197845,0.04225786,1.1411946,0.009940224,13.814186,-10.275507,2.8606462,13.859371,0.033260483,313893022930567256,full_lightgbm_02_2025,SN Ia,0.955,0.041,0.955,0.0,0.004,0.0,True
1.0014093,0.0043811915,21.518188,-16.844948,2.5446284,30.229576,0.1155899,0.79657483,0.009603836,10.136599,-17.013397,2.7075503,19.615387,0.041271828,313871014736953360,early_lightgbm_02_2025,SN Ibc,1.0,0.0,0.0,1.0,0.0,0.0,True
0.9218467,0.005285828,16.892189,-10.402804,2.2566292,19.197845,0.04225786,1.1411946,0.009940224,13.814186,-10.275507,2.8606462,13.859371,0.033260483,313893022930567256,full_lightgbm_02_2025,SN Ia,0.955,0.041,0.955,0.0,0.004,0.0,True
1.0226849,0.0045825625,18.63596,-6.1793222,2.3382964,25.036259,0.0607401,0.9895403,0.009361573,14.2287655,-5.6306696,2.2455006,15.461866,0.031628944,170019696282173491,early_lightgbm_02_2025,SN Ibc,0.788,0.002,0.136,0.788,0.032,0.042,True
0.8960111,0.005936194,15.996134,-10.753862,1.2978394,27.260387,0.044898268,1.1204537,0.010623999,11.768971,-10.542435,1.3144419,16.343533,0.032919638,170019696345088120,full_lightgbm_02_2025,SN Ia,0.603,0.115,0.603,0.0,0.282,0.0,True
0.9218467,0.005285828,16.892189,-10.402804,2.2566292,19.197845,0.04225786,1.1411946,0.009940224,13.814186,-10.275507,2.8606462,13.859371,0.033260483,313893022930567256,full_lightgbm_02_2025,SN Ia,0.955,0.041,0.955,0.0,0.004,0.0,True
0.9317484,0.005290265,21.169058,-11.713528,2.4219217,20.74667,0.039650306,1.0645498,0.010371022,17.735321,-11.816303,1.6068432,16.950846,0.034025986,313853497291309068,full_lightgbm_02_2025,SLSN-I,0.506,0.506,0.057,0.0,0.003,0.434,True
0.96643335,0.0048136674,19.486969,-10.421198,2.206479,24.736742,0.05468563,0.65661377,0.01004025,14.5368,-10.304169,2.7179213,15.442805,0.033181705,170019696323592290,early_lightgbm_02_2025,SN Ibc,0.994,0.0,0.0,0.994,0.003,0.003,True
0.89730585,0.0055764094,13.560329,-12.929185,2.0298028,24.192226,0.040467866,1.1368868,0.010323007,14.5725155,-12.648836,2.4717507,12.60674,0.037431978,313761042284412983,full_lightgbm_02_2025,SN Ia,0.997,0.003,0.997,0.0,0.0,0.0,True
1.094468,0.0072085992,28.968945,-34.355835,22.108517,40.655083,0.10724887,1.9274757,0.011913691,22.533134,-34.401764,11.134879,29.397823,0.10012624,313699507039109196,full_lightgbm_02_2025,SN Ibc,0.692,0.308,0.0,0.692,0.0,0.0,True
1.0078881,0.0048923744,13.7518215,-10.894415,2.8126347,22.39154,0.04323701,0.87931263,0.009830119,11.066065,-10.10961,2.7149944,17.199177,0.02242861,313871013530042570,full_lightgbm_02_2025,SN Ibc,0.939,0.0,0.061,0.939,0.0,0.0,True
1.0120928,0.004951977,19.765253,-11.779337,1.4375501,31.785774,0.040755466,0.8142711,0.010238484,11.715254,-11.8490505,1.5155135,21.850655,0.025858808,170028486178635819,early_lightgbm_02_2025,SN Ibc,0.84,0.0,0.0,0.84,0.16,0.0,True
0.9236541,0.0054465192,15.168453,-18.918123,2.1054807,24.563116,0.060615443,1.1040967,0.010307671,11.51206,-18.939022,2.516364,17.57596,0.030664694,314007345737760850,full_lightgbm_02_2025,SN Ia,0.805,0.046,0.805,0.013,0.005,0.131,True
1.0235827,0.0047316724,21.541813,-5.984728,2.1768074,28.830511,0.06397231,1.0035646,0.009444413,16.461433,-4.907438,2.163861,19.224209,0.029391406,313967752817672227,full_lightgbm_02_2025,SN Ibc,0.567,0.032,0.03,0.567,0.007,0.364,True
0.91268384,0.005151759,18.15914,-3.767583,1.7605193,25.237741,0.06491886,1.0891664,0.010025056,13.711927,-3.9505877,1.1489127,15.708881,0.03382313,170028497264181363,early_lightgbm_02_2025,SN II,0.821,0.0,0.172,0.0,0.821,0.007,True
0.7020762,0.0075667356,14.674915,-4.853876,4.879863,28.76656,0.060398795,0.93857247,0.012909449,9.220874,-5.257989,1.5079141,25.311941,0.05336304,313963359527501831,full_lightgbm_02_2025,SLSN-I,0.593,0.593,0.32,0.028,0.0,0.059,True
0.9810157,0.004930106,16.926418,-16.20044,1.653065,27.306377,0.056448318,0.8021749,0.010161044,9.46247,-16.371964,1.7983606,17.937471,0.031266555,170019696482451458,full_lightgbm_02_2025,SN Ibc,1.0,0.0,0.0,1.0,0.0,0.0,True
1.0078881,0.0048923744,13.7518215,-10.894415,2.8126347,22.39154,0.04323701,0.87931263,0.009830119,11.066065,-10.10961,2.7149944,17.199177,0.02242861,313871013530042570,full_lightgbm_02_2025,SN Ibc,0.939,0.0,0.061,0.939,0.0,0.0,True
1.0124323,0.0044796057,23.109253,-12.533378,1.5134221,24.411268,0.0828045,1.1109185,0.00946652,13.875278,-12.57175,1.3234229,15.39258,0.040930152,313994145051443228,full_lightgbm_02_2025,SN Ia,0.418,0.096,0.418,0.364,0.119,0.003,True
0.9808296,0.004566931,17.49448,-9.162471,1.564227,19.966438,0.048621647,0.9331295,0.009649408,18.178658,-9.116587,1.4139111,13.764262,0.024572205,313928194187591742,full_lightgbm_02_2025,SN Ia,0.43,0.0,0.43,0.352,0.0,0.218,True
1.029985,0.0047878465,20.203209,-19.40673,2.5034068,27.22921,0.056560144,1.252579,0.009782402,14.126557,-19.635296,3.470221,15.984761,0.041536592,314051320292573245,full_lightgbm_02_2025,SN Ia,0.612,0.334,0.612,0.009,0.032,0.013,True
1.0200393,0.004443683,21.585098,-10.366112,1.6604898,20.574356,0.069986865,1.1146619,0.00940793,14.329569,-10.437361,1.7900085,13.598013,0.04422213,314051320414732370,full_lightgbm_02_2025,SN Ibc,0.538,0.074,0.379,0.538,0.004,0.004,True
0.7292242,0.006760717,16.961895,-10.279633,3.0897532,33.650894,0.043565802,1.1010838,0.011712557,11.015218,-10.376564,1.8224454,24.572119,0.03639262,170019696328835126,early_lightgbm_02_2025,SN Ia,0.455,0.34,0.455,0.016,0.188,0.0,True
1.0041237,0.005056237,16.759987,-15.388288,1.5938182,30.524742,0.048769478,0.8210585,0.010359262,10.20907,-15.532705,1.716046,18.931953,0.029229127,314051321101549625,full_lightgbm_02_2025,SN Ibc,0.986,0.0,0.0,0.986,0.014,0.0,True
0.96784467,0.004971144,17.048014,-14.885769,1.6352385,28.04991,0.06525999,0.8110317,0.010078843,9.329254,-15.027563,1.7715368,16.74504,0.034640692,170028485779128373,full_lightgbm_02_2025,SN Ibc,0.986,0.0,0.0,0.986,0.014,0.0,True
1.0235827,0.0047316724,21.541813,-5.984728,2.1768074,28.830511,0.06397231,1.0035646,0.009444413,16.461433,-4.907438,2.163861,19.224209,0.029391406,313967752817672227,full_lightgbm_02_2025,SN Ibc,0.567,0.032,0.03,0.567,0.007,0.364,True
0.80545115,0.0061304104,10.369741,-3.1657681,1.8716085,21.968212,0.044190723,1.0343429,0.011250179,6.949402,-3.533505,0.94673026,24.355165,0.031373538,313980945119576112,full_lightgbm_02_2025,SN Ia,0.691,0.0,0.691,0.057,0.247,0.005,True
1.029985,0.0047878465,20.203209,-19.40673,2.5034068,27.22921,0.056560144,1.252579,0.009782402,14.126557,-19.635296,3.470221,15.984761,0.041536592,314051320292573245,full_lightgbm_02_2025,SN Ia,0.612,0.334,0.612,0.009,0.032,0.013,True
1.0299569,0.004606718,23.264341,-17.301554,1.6334879,23.8378,0.045789033,0.8101555,0.009861825,9.598316,-17.580015,1.7832048,13.5607605,0.03254934,170019696413769776,early_lightgbm_02_2025,SN Ibc,0.977,0.0,0.0,0.977,0.023,0.0,True
0.8781814,0.005533515,10.850739,-12.300278,1.4903328,13.145195,0.058977246,1.1321534,0.010257223,13.2497425,-11.850317,1.5196866,8.956831,0.04386864,170019696437887107,full_lightgbm_02_2025,SN Ia,0.668,0.0,0.668,0.0,0.024,0.308,True
1.0236346,0.0043866793,19.176975,-10.579665,1.4201522,28.600311,0.065141544,0.9555588,0.009460105,11.552969,-10.573837,1.4476457,18.963829,0.033050958,313994145147388004,early_lightgbm_02_2025,SN II,0.482,0.004,0.004,0.474,0.482,0.036,True
0.9800321,0.004661708,19.091362,-8.192677,2.474021,25.658932,0.057553325,0.8432441,0.0096978415,14.717241,-8.421967,2.378467,16.102985,0.028716909,170019696475111620,early_lightgbm_02_2025,SN Ibc,0.982,0.0,0.002,0.982,0.008,0.008,True
1.0078115,0.0049140095,15.4575405,-9.512417,2.0358448,17.60281,0.040510215,1.0668389,0.009822516,12.099512,-8.75918,2.1005096,14.126488,0.03290204,313928194151940140,full_lightgbm_02_2025,SN Ibc,0.606,0.0,0.359,0.606,0.0,0.035,True
1.1075113,0.003408017,36.89037,-23.896675,10.558907,54.42984,0.073260754,1.1894367,0.0071950313,38.676315,-23.481987,8.7516575,39.795937,0.04164485,313637935744286779,full_lightgbm_02_2025,SLSN-I,0.717,0.717,0.0,0.0,0.0,0.283,True
1.2427939,0.0043085935,34.15649,-31.363533,13.835194,33.352074,0.09284629,1.0103261,0.009406673,13.692558,-31.145031,9.015123,21.370892,0.043607913,313853497671417905,full_lightgbm_02_2025,SN II,0.994,0.0,0.0,0.0,0.994,0.006,True
0.91268384,0.005151759,18.15914,-3.767583,1.7605193,25.237741,0.06491886,1.0891664,0.010025056,13.711927,-3.9505877,1.1489127,15.708881,0.03382313,170028497264181363,early_lightgbm_02_2025,SN II,0.821,0.0,0.172,0.0,0.821,0.007,True
0.96350145,0.0048357407,20.81353,-10.737527,1.7778589,40.029846,0.053356122,0.8592758,0.009877341,11.47189,-10.745552,2.0741453,19.488209,0.026329182,313897383967588462,full_lightgbm_02_2025,SN II,0.775,0.0,0.0,0.225,0.775,0.0,True
0.89573145,0.005944823,16.151518,-10.740326,1.2959206,27.142437,0.04483871,1.120419,0.010627641,11.764439,-10.542593,1.3131704,16.328331,0.03289956,170019696345088120,full_lightgbm_02_2025,SN Ia,0.592,0.12,0.592,0.0,0.288,0.0,True
0.77538276,0.0061571347,13.054394,-10.401533,4.073454,23.500252,0.032322146,1.147731,0.010712519,13.29014,-10.110356,2.5611138,15.333033,0.022548249,313853501446815761,full_lightgbm_02_2025,SN Ia,0.993,0.006,0.993,0.0,0.0,0.001,True
1.0111341,0.0051317457,13.435489,-11.123623,1.30796,25.893003,0.049857967,1.0346282,0.010131583,11.640153,-10.982542,1.3349493,14.325213,0.033639826,170019696466198671,full_lightgbm_02_2025,SN Ia,0.635,0.0,0.635,0.254,0.096,0.014,True
0.99745804,0.0046896404,18.835169,-7.246501,2.1401887,25.557396,0.05849491,0.90468556,0.009595659,14.3827095,-7.236478,2.4741654,16.008236,0.027917555,170028485814779919,early_lightgbm_02_2025,SN Ibc,0.974,0.0,0.006,0.974,0.01,0.01,True
0.7292242,0.006760717,16.961895,-10.279633,3.0897532,33.650894,0.043565802,1.1010838,0.011712557,11.015218,-10.376564,1.8224454,24.572119,0.03639262,170019696328835126,early_lightgbm_02_2025,SN Ia,0.455,0.34,0.455,0.016,0.188,0.0,True
1.029985,0.0047878465,20.203209,-19.40673,2.5034068,27.22921,0.056560144,1.252579,0.009782402,14.126557,-19.635296,3.470221,15.984761,0.041536592,314051320292573245,full_lightgbm_02_2025,SN Ia,0.612,0.334,0.612,0.009,0.032,0.013,True
1.0078881,0.0048923744,13.7518215,-10.894415,2.8126347,22.39154,0.04323701,0.87931263,0.009830119,11.066065,-10.10961,2.7149944,17.199177,0.02242861,313871013530042570,full_lightgbm_02_2025,SN Ibc,0.939,0.0,0.061,0.939,0.0,0.0,True
1.0124323,0.0044796057,23.109253,-12.533378,1.5134221,24.411268,0.0828045,1.1109185,0.00946652,13.875278,-12.57175,1.3234229,15.39258,0.040930152,313994145051443228,full_lightgbm_02_2025,SN Ia,0.418,0.096,0.418,0.364,0.119,0.003,True
0.99986374,0.0047118505,18.314497,-5.446988,1.9319227,25.280094,0.064966924,1.0225923,0.009510497,13.849236,-5.2502327,2.0633378,15.74642,0.03011711,313756673035468835,early_lightgbm_02_2025,SN Ibc,0.474,0.002,0.4,0.474,0.033,0.092,True
1.0378402,0.0047338316,20.486485,-12.493933,1.4823208,29.703611,0.03751585,0.8144847,0.010107098,11.351608,-12.568302,1.5920833,19.808922,0.027751584,170019696442081285,early_lightgbm_02_2025,SN Ibc,0.852,0.0,0.0,0.852,0.148,0.0,True
1.0041237,0.005056237,16.759987,-15.388288,1.5938182,30.524742,0.048769478,0.8210585,0.010359262,10.20907,-15.532705,1.716046,18.931953,0.029229127,314051321101549625,full_lightgbm_02_2025,SN Ibc,0.986,0.0,0.0,0.986,0.014,0.0,True
